ra,dec,radius_x,amp_x,amp_y,radius_y
8.175,4.8,36.0,-6.0,6.651665,36.0
5.683333,5.883333,38.0,-6.0,7.739944,38.0
7.033333,5.708333,39.0,-6.0,8.084086,39.0
7.125,5.1,40.0,-6.0,6.964602,40.0
2.9,2.541667,42.0,-6.0,8.33711,42.0
1.708333,2.716667,44.0,-6.0,7.13562,44.0
