N_tilde,t_Q,root
0.1,0.1,0.0014853230188977059
0.1,1.1090909090909091,0.44828011810269175
0.1,2.118181818181818,1.2005181393927238
0.1,3.1272727272727274,2.0333969123541618
0.1,4.136363636363636,2.904445842854833
0.1,5.145454545454545,3.798282521481327
0.1,6.154545454545454,4.7074740989567045
0.1,7.163636363636363,5.627815431341045
0.1,8.172727272727272,6.556675750064841
0.1,9.181818181818182,7.492289807677322
0.1,10.19090909090909,8.433410266333704
0.1,11.2,9.379119978327516
0.1,12.209090909090909,10.328722946176052
0.1,13.218181818181817,11.281677256902539
0.1,14.227272727272727,12.237551885019354
0.1,15.236363636363635,13.195997790401007
0.1,16.245454545454546,14.156727953107973
0.1,17.254545454545454,15.119503201546493
0.1,18.263636363636365,16.08412191427076
0.1,19.272727272727273,17.0504123822012
0.1,20.28181818181818,18.018227041323033
0.1,21.290909090909093,18.987438047924442
0.1,22.3,19.9579338352922
0.1,23.30909090909091,20.929616399774645
0.1,24.31818181818182,21.902399136937383
0.1,25.327272727272728,22.876205098182584
0.1,26.336363636363636,23.850965572694694
0.1,27.345454545454544,24.826618923883395
0.1,28.354545454545455,25.803109626978475
0.1,29.363636363636363,26.780387467093114
0.1,30.37272727272727,27.758406866416927
0.1,31.381818181818183,28.737126316154903
0.1,32.39090909090909,29.716507894066986
0.1,33.4,30.696516852448738
0.1,34.40909090909091,31.67712126445397
0.1,35.418181818181814,32.658291719031695
0.1,36.42727272727273,33.64000105660224
0.1,37.43636363636364,34.62222413905524
0.1,38.445454545454545,35.604937648809184
0.1,39.45454545454545,36.588119912594216
0.1,40.46363636363636,37.57175074636262
0.1,41.47272727272727,38.555811318330335
0.1,42.481818181818184,39.54028402764058
0.1,43.49090909090909,40.5251523965391
0.1,44.5,41.510400974277815
0.1,45.50909090909091,42.49601525123445
0.1,46.518181818181816,43.48198158195945
0.1,47.527272727272724,44.46828711604885
0.1,48.53636363636364,45.4549197358979
0.1,49.54545454545455,46.441868000521815
0.1,50.554545454545455,47.42912109474067
0.1,51.56363636363636,48.41666878311946
0.1,52.57272727272727,49.40450136813402
0.1,53.58181818181818,50.392609652101314
0.1,54.590909090909086,51.38098490247088
0.1,55.6,52.369618820124096
0.1,56.60909090909091,53.358503510370554
0.1,57.61818181818182,54.34763145636825
0.1,58.627272727272725,55.33699549472604
0.1,59.63636363636363,56.326588793074606
0.1,60.64545454545454,57.31640482941662
0.1,61.654545454545456,58.306437373087725
0.1,62.663636363636364,59.29668046717804
0.1,63.67272727272727,60.28712841228086
0.1,64.68181818181817,61.27777575144854
0.1,65.69090909090909,62.2686172562487
0.1,66.69999999999999,63.25964791382435
0.1,67.7090909090909,64.25086291487176
0.1,68.7181818181818,65.24225764245811
0.1,69.72727272727272,66.23382766160903
0.1,70.73636363636362,67.22556870960207
0.1,71.74545454545454,68.21747668690988
0.1,72.75454545454545,69.20954764873969
0.1,73.76363636363635,70.20177779712346
0.1,74.77272727272727,71.19416347351479
0.1,75.78181818181817,72.18670115185442
0.1,76.79090909090908,73.17938743206825
0.1,77.8,74.17221903396589
0.1,78.8090909090909,75.16519279151032
0.1,79.81818181818181,76.1583056474312
0.1,80.82727272727271,77.1515546481574
0.1,81.83636363636363,78.14493693904616
0.1,82.84545454545453,79.13844975988772
0.1,83.85454545454544,80.13209044066687
0.1,84.86363636363636,81.12585639756323
0.1,85.87272727272726,82.11974512917463
0.1,86.88181818181818,83.11375421294845
0.1,87.89090909090908,84.10788130180698
0.1,88.89999999999999,85.10212412095474
0.1,89.90909090909089,86.09648046485513
0.1,90.91818181818181,87.09094819436669
0.1,91.92727272727272,88.0855252340277
0.1,92.93636363636362,89.08020956948081
0.1,93.94545454545454,90.07499924502882
0.1,94.95454545454544,91.06989236131297
0.1,95.96363636363635,92.06488707310747
0.1,96.97272727272727,93.05998158722221
0.1,97.98181818181817,94.055174160508
0.1,98.99090909090908,95.05046309795797
0.1,100.0,96.04584675089966
1.1090909090909091,0.1,0.00013948655143798883
1.1090909090909091,1.1090909090909091,0.13104676930561937
1.1090909090909091,2.118181818181818,0.5451792070799236
1.1090909090909091,3.1272727272727274,1.1247763443711283
1.1090909090909091,4.136363636363636,1.7958680606026691
1.1090909090909091,5.145454545454545,2.523833495037479
1.1090909090909091,6.154545454545454,3.2905490319731103
1.1090909090909091,7.163636363636363,4.085442037072059
1.1090909090909091,8.172727272727272,4.901816490079131
1.1090909090909091,9.181818181818182,5.735160130928518
1.1090909090909091,10.19090909090909,6.5822831334791045
1.1090909090909091,11.2,7.44084350557368
1.1090909090909091,12.209090909090909,8.309068295728295
1.1090909090909091,13.218181818181817,9.185581063617843
1.1090909090909091,14.227272727272727,10.069290411898667
1.1090909090909091,15.236363636363635,10.959315318774598
1.1090909090909091,16.245454545454546,11.854933561842877
1.1090909090909091,17.254545454545454,12.755545138938091
1.1090909090909091,18.263636363636365,13.660645723444228
1.1090909090909091,19.272727272727273,14.569807010381464
1.1090909090909091,20.28181818181818,15.48266190387242
1.1090909090909091,21.290909090909093,16.398893175728716
1.1090909090909091,22.3,17.31822465813015
1.1090909090909091,23.30909090909091,18.2404143165918
1.1090909090909091,24.31818181818182,19.16524873868824
1.1090909090909091,25.327272727272728,20.092538703028
1.1090909090909091,26.336363636363636,21.022115582519717
1.1090909090909091,27.345454545454544,21.953828399149902
1.1090909090909091,28.354545454545455,22.887541392737255
1.1090909090909091,29.363636363636363,23.82313199898051
1.1090909090909091,30.37272727272727,24.760489156273856
1.1090909090909091,31.381818181818183,25.69951187873636
1.1090909090909091,32.39090909090909,26.640108046419506
1.1090909090909091,33.4,27.58219337392629
1.1090909090909091,34.40909090909091,28.525690526551376
1.1090909090909091,35.418181818181814,29.470528359144726
1.1090909090909091,36.42727272727273,30.416641257654547
1.1090909090909091,37.43636363636364,31.36396856704135
1.1090909090909091,38.445454545454545,32.31245409221382
1.1090909090909091,39.45454545454545,33.262045660994964
1.1090909090909091,40.46363636363636,34.212694740020424
1.1090909090909091,41.47272727272727,35.16435609599767
1.1090909090909091,42.481818181818184,36.11698749599585
1.1090909090909091,43.49090909090909,37.07054944144807
1.1090909090909091,44.5,38.02500493137968
1.1090909090909091,45.50909090909091,38.98031925106048
1.1090909090909091,46.518181818181816,39.936459782847336
1.1090909090909091,47.527272727272724,40.89339583645568
1.1090909090909091,48.53636363636364,41.85109849629367
1.1090909090909091,49.54545454545455,42.809540483823895
1.1090909090909091,50.554545454545455,43.76869603319698
1.1090909090909091,51.56363636363636,44.728540778637424
1.1090909090909091,52.57272727272727,45.6890516522623
1.1090909090909091,53.58181818181818,46.650206791184196
1.1090909090909091,54.590909090909086,47.611985452895325
1.1090909090909091,55.6,48.57436793805497
1.1090909090909091,56.60909090909091,49.5373355199093
1.1090909090909091,57.61818181818182,50.500870379665685
1.1090909090909091,58.627272727272725,51.46495554722318
1.1090909090909091,59.63636363636363,52.42957484673048
1.1090909090909091,60.64545454545454,53.39471284650305
1.1090909090909091,61.654545454545456,54.36035481288313
1.1090909090909091,62.663636363636364,55.32648666767269
1.1090909090909091,63.67272727272727,56.293094948809554
1.1090909090909091,64.68181818181817,57.260166773991514
1.1090909090909091,65.69090909090909,58.22768980698525
1.1090909090909091,66.69999999999999,59.195652226383025
1.1090909090909091,67.7090909090909,60.164042696595416
1.1090909090909091,68.7181818181818,61.13285034088819
1.1090909090909091,69.72727272727272,62.10206471629241
1.1090909090909091,70.73636363636362,63.07167579023088
1.1090909090909091,71.74545454545454,64.04167391872213
1.1090909090909091,72.75454545454545,65.01204982603332
1.1090909090909091,73.76363636363635,65.98279458566776
1.1090909090909091,74.77272727272727,66.95389960258228
1.1090909090909091,75.78181818181817,67.92535659653888
1.1090909090909091,76.79090909090908,68.89715758650459
1.1090909090909091,77.8,69.86929487602016
1.1090909090909091,78.8090909090909,70.84176103946606
1.1090909090909091,79.81818181818181,71.8145489091595
1.1090909090909091,80.82727272727271,72.78765156322225
1.1090909090909091,81.83636363636363,73.76106231416483
1.1090909090909091,82.84545454545453,74.73477469813517
1.1090909090909091,83.85454545454544,75.70878246478681
1.1090909090909091,84.86363636363636,76.68307956772274
1.1090909090909091,85.87272727272726,77.65766015547626
1.1090909090909091,86.88181818181818,78.63251856299301
1.1090909090909091,87.89090909090908,79.6076493035795
1.1090909090909091,88.89999999999999,80.58304706128934
1.1090909090909091,89.90909090909089,81.55870668371685
1.1090909090909091,90.91818181818181,82.53462317517352
1.1090909090909091,91.92727272727272,83.51079169022157
1.1090909090909091,92.93636363636362,84.48720752754308
1.1090909090909091,93.94545454545454,85.46386612412356
1.1090909090909091,94.95454545454544,86.44076304973142
1.1090909090909091,95.96363636363635,87.41789400166951
1.1090909090909091,96.97272727272727,88.39525479979739
1.1090909090909091,97.98181818181817,89.37284138178805
1.1090909090909091,98.99090909090908,90.35064979862052
1.1090909090909091,100.0,91.32867621028811
2.118181818181818,0.1,7.318145548806572e-05
2.118181818181818,1.1090909090909091,0.0799441657729349
2.118181818181818,2.118181818181818,0.3831013729272138
2.118181818181818,3.1272727272727274,0.8575628005960815
2.118181818181818,4.136363636363636,1.439143426184268
2.118181818181818,5.145454545454545,2.09068754817046
2.118181818181818,6.154545454545454,2.79097592711087
2.118181818181818,7.163636363636363,3.527101856647567
2.118181818181818,8.172727272727272,4.290705628769421
2.118181818181818,9.181818181818182,5.076080394787492
2.118181818181818,10.19090909090909,5.879160065296814
2.118181818181818,11.2,6.6969446747725945
2.118181818181818,12.209090909090909,7.527156180485266
2.118181818181818,13.218181818181817,8.368022615819097
2.118181818181818,14.227272727272727,9.21813733462088
2.118181818181818,15.236363636363635,10.076364095253881
2.118181818181818,16.245454545454546,10.941771178599726
2.118181818181818,17.254545454545454,11.813584495120455
2.118181818181818,18.263636363636365,12.69115346505657
2.118181818181818,19.272727272727273,13.573925705824612
2.118181818181818,20.28181818181818,14.461427926698732
2.118181818181818,21.290909090909093,15.353251284800661
2.118181818181818,22.3,16.24904000424982
2.118181818181818,23.30909090909091,17.14848242014232
2.118181818181818,24.31818181818182,18.05130385038478
2.118181818181818,25.327272727272728,18.957260863441796
2.118181818181818,26.336363636363636,19.86613662488407
2.118181818181818,27.345454545454544,20.777737086805057
2.118181818181818,28.354545454545455,21.691887842411415
2.118181818181818,29.363636363636363,22.60843151043694
2.118181818181818,30.37272727272727,23.52722554520315
2.118181818181818,31.381818181818183,24.44814039136456
2.118181818181818,32.39090909090909,25.371057919850507
2.118181818181818,33.4,26.295870094799263
2.118181818181818,34.40909090909091,27.222477831472908
2.118181818181818,35.418181818181814,28.15079001303037
2.118181818181818,36.42727272727273,29.080722640192004
2.118181818181818,37.43636363636364,30.01219809266911
2.118181818181818,38.445454545454545,30.94514448506519
2.118181818181818,39.45454545454545,31.879495103011788
2.118181818181818,40.46363636363636,32.815187907754435
2.118181818181818,41.47272727272727,33.75216509938423
2.118181818181818,42.481818181818184,34.6903727305178
2.118181818181818,43.49090909090909,35.629760363540996
2.118181818181818,44.5,36.570280765608366
2.118181818181818,45.50909090909091,37.51188963647863
2.118181818181818,46.518181818181816,38.454545365001614
2.118181818181818,47.527272727272724,39.39820881068468
2.118181818181818,48.53636363636364,40.34284310727798
2.118181818181818,49.54545454545455,41.288413485747206
2.118181818181818,50.554545454545455,42.23488711436402
2.118181818181818,51.56363636363636,43.18223295394993
2.118181818181818,52.57272727272727,44.130421626569074
2.118181818181818,53.58181818181818,45.079425296185626
2.118181818181818,54.590909090909086,46.02921755999064
2.118181818181818,55.6,46.979773349264526
2.118181818181818,56.60909090909091,47.93106883878007
2.118181818181818,57.61818181818182,48.88308136387101
2.118181818181818,58.627272727272725,49.835789344394115
2.118181818181818,59.63636363636363,50.78917221490289
2.118181818181818,60.64545454545454,51.743210360428534
2.118181818181818,61.654545454545456,52.697885057331874
2.118181818181818,62.663636363636364,53.653178418749135
2.118181818181818,63.67272727272727,54.60907334420621
2.118181818181818,64.68181818181817,55.56555347302189
2.118181818181818,65.69090909090909,56.52260314116019
2.118181818181818,66.69999999999999,57.48020734122691
2.118181818181818,67.7090909090909,58.43835168533762
2.118181818181818,68.7181818181818,59.3970223706106
2.118181818181818,69.72727272727272,60.35620614706337
2.118181818181818,70.73636363636362,61.31589028771291
2.118181818181818,71.74545454545454,62.27606256069897
2.118181818181818,72.75454545454545,63.236711203266694
2.118181818181818,73.76363636363635,64.19782489746058
2.118181818181818,74.77272727272727,65.1593927473953
2.118181818181818,75.78181818181817,66.12140425798073
2.118181818181818,76.79090909090908,67.08384931499046
2.118181818181818,77.8,68.04671816637186
2.118181818181818,78.8090909090909,69.01000140470548
2.118181818181818,79.81818181818181,69.97368995072908
2.118181818181818,80.82727272727271,70.93777503784912
2.118181818181818,81.83636363636363,71.90224819756868
2.118181818181818,82.84545454545453,72.86710124576693
2.118181818181818,83.85454545454544,73.83232626977102
2.118181818181818,84.86363636363636,74.79791561616473
2.118181818181818,85.87272727272726,75.76386187928436
2.118181818181818,86.88181818181818,76.73015789035531
2.118181818181818,87.89090909090908,77.69679670722611
2.118181818181818,88.89999999999999,78.66377160466122
2.118181818181818,89.90909090909089,79.6310760651556
2.118181818181818,90.91818181818181,80.59870377023795
2.118181818181818,91.92727272727272,81.56664859223072
2.118181818181818,92.93636363636362,82.53490458643914
2.118181818181818,93.94545454545454,83.50346598374152
2.118181818181818,94.95454545454544,84.4723271835566
2.118181818181818,95.96363636363635,85.44148274716498
2.118181818181818,96.97272727272727,86.41092739136297
2.118181818181818,97.98181818181817,87.38065598242919
2.118181818181818,98.99090909090908,88.35066353038542
2.118181818181818,100.0,89.3209451835345
3.1272727272727274,0.1,4.9602768266258035e-05
3.1272727272727274,1.1090909090909091,0.057730714421117706
3.1272727272727274,2.118181818181818,0.29905048179647276
3.1272727272727274,3.1272727272727274,0.7055480907407028
3.1272727272727274,4.136363636363636,1.225381054654863
3.1272727272727274,5.145454545454545,1.8225920174157326
3.1272727272727274,6.154545454545454,2.4749238135071865
3.1272727272727274,7.163636363636363,3.1682699637286498
3.1272727272727274,8.172727272727272,3.8932793791925735
3.1272727272727274,9.181818181818182,4.643478230822821
3.1272727272727274,10.19090909090909,5.414212537158315
3.1272727272727274,11.2,6.202028226366734
3.1272727272727274,12.209090909090909,7.004291881319463
3.1272727272727274,13.218181818181817,7.818949422818684
3.1272727272727274,14.227272727272727,8.644367097754174
3.1272727272727274,15.236363636363635,9.479223429032237
3.1272727272727274,16.245454545454546,10.322433785256816
3.1272727272727274,17.254545454545454,11.17309645583356
3.1272727272727274,18.263636363636365,12.030453281508374
3.1272727272727274,19.272727272727273,12.893860369771962
3.1272727272727274,20.28181818181818,13.762765945488347
3.1272727272727274,21.290909090909093,14.636693345620232
3.1272727272727274,22.3,15.515227785939919
3.1272727272727274,23.30909090909091,16.39800593639665
3.1272727272727274,24.31818181818182,17.284707617177382
3.1272727272727274,25.327272727272728,18.175049116546077
3.1272727272727274,26.336363636363636,19.068777763443485
3.1272727272727274,27.345454545454544,19.96566748134271
3.1272727272727274,28.354545454545455,20.86551511708201
3.1272727272727274,29.363636363636363,21.76813738736928
3.1272727272727274,30.37272727272727,22.673368321763675
3.1272727272727274,31.381818181818183,23.581057107868478
3.1272727272727274,32.39090909090909,24.49106626476253
3.1272727272727274,33.4,25.403270086140694
3.1272727272727274,34.40909090909091,26.31755330649292
3.1272727272727274,35.418181818181814,27.233809952838115
3.1272727272727274,36.42727272727273,28.151942351701372
3.1272727272727274,37.43636363636364,29.07186026666587
3.1272727272727274,38.445454545454545,29.993480146302158
3.1272727272727274,39.45454545454545,30.916724465843124
3.1272727272727274,40.46363636363636,31.841521148836648
3.1272727272727274,41.47272727272727,32.76780305731883
3.1272727272727274,42.481818181818184,33.69550754092899
3.1272727272727274,43.49090909090909,34.624576036919905
3.1272727272727274,44.5,35.554953714275804
3.1272727272727274,45.50909090909091,36.48658915618747
3.1272727272727274,46.518181818181816,37.419434075994104
3.1272727272727274,47.527272727272724,38.3534430624168
3.1272727272727274,48.53636363636364,39.28857335050682
3.1272727272727274,49.54545454545455,40.224784615232885
3.1272727272727274,50.554545454545455,41.16203878505546
3.1272727272727274,51.56363636363636,42.100299873192185
3.1272727272727274,52.57272727272727,43.03953382458287
3.1272727272727274,53.58181818181818,43.97970837681965
3.1272727272727274,54.590909090909086,44.92079293352913
3.1272727272727274,55.6,45.862758448881905
3.1272727272727274,56.60909090909091,46.80557732206705
3.1272727272727274,57.61818181818182,47.74922330070941
3.1272727272727274,58.627272727272725,48.69367139232832
3.1272727272727274,59.63636363636363,49.63889778304092
3.1272727272727274,60.64545454545454,50.584879762804874
3.1272727272727274,61.654545454545456,51.531595656573856
3.1272727272727274,62.663636363636364,52.479024760809054
3.1272727272727274,63.67272727272727,53.42714728485016
3.1272727272727274,64.68181818181817,54.375944296702606
3.1272727272727274,65.69090909090909,55.32539767284456
3.1272727272727274,66.69999999999999,56.27549005169809
3.1272727272727274,67.7090909090909,57.22620479044576
3.1272727272727274,68.7181818181818,58.177525924905304
3.1272727272727274,69.72727272727272,59.12943813220445
3.1272727272727274,70.73636363636362,60.08192669602194
3.1272727272727274,71.74545454545454,61.034977474185
3.1272727272727274,72.75454545454545,61.98857686843157
3.1272727272727274,73.76363636363635,62.94271179616524
3.1272727272727274,74.77272727272727,63.89736966404566
3.1272727272727274,75.78181818181817,64.8525383432718
3.1272727272727274,76.79090909090908,65.80820614642884
3.1272727272727274,77.8,66.76436180577974
3.1272727272727274,78.8090909090909,67.72099445289443
3.1272727272727274,79.81818181818181,68.67809359951742
3.1272727272727274,80.82727272727271,69.63564911958414
3.1272727272727274,81.83636363636363,70.59365123230359
3.1272727272727274,82.84545454545453,71.55209048623098
3.1272727272727274,83.85454545454544,72.51095774426203
3.1272727272727274,84.86363636363636,73.4702441694842
3.1272727272727274,85.87272727272726,74.42994121182673
3.1272727272727274,86.88181818181818,75.3900405954554
3.1272727272727274,87.89090909090908,76.35053430686217
3.1272727272727274,88.89999999999999,77.31141458360392
3.1272727272727274,89.90909090909089,78.2726739036478
3.1272727272727274,90.91818181818181,79.23430497528423
3.1272727272727274,91.92727272727272,80.196300727571
3.1272727272727274,92.93636363636362,81.15865430127528
3.1272727272727274,93.94545454545454,82.12135904028236
3.1272727272727274,94.95454545454544,83.08440848344193
3.1272727272727274,95.96363636363635,84.04779635682588
3.1272727272727274,96.97272727272727,85.01151656637202
3.1272727272727274,97.98181818181817,85.975563190891
3.1272727272727274,98.99090909090908,86.93993047541501
3.1272727272727274,100.0,87.90461282486794
4.136363636363636,0.1,3.751548042302743e-05
4.136363636363636,1.1090909090909091,0.04522329040603089
4.136363636363636,2.118181818181818,0.24632856739527312
4.136363636363636,3.1272727272727274,0.6036398617588355
4.136363636363636,4.136363636363636,1.0762486556396444
4.136363636363636,5.145454545454545,1.6307162000532212
4.136363636363636,6.154545454545454,2.2447376951979936
4.136363636363636,7.163636363636363,2.9036055293356116
4.136363636363636,8.172727272727272,3.597343649028987
4.136363636363636,9.181818181818182,4.318946479048963
4.136363636363636,10.19090909090909,5.063330757936135
4.136363636363636,11.2,5.826699983633591
4.136363636363636,12.209090909090909,6.606146926379076
4.136363636363636,13.218181818181817,7.3993968197577535
4.136363636363636,14.227272727272727,8.204636273034025
4.136363636363636,15.236363636363635,9.02039606699134
4.136363636363636,16.245454545454546,9.845468827883074
4.136363636363636,17.254545454545454,10.678849892540065
4.136363636363636,18.263636363636365,11.519693974214345
4.136363636363636,19.272727272727273,12.36728283358953
4.136363636363636,20.28181818181818,13.221000768884444
4.136363636363636,21.290909090909093,14.080315762283844
4.136363636363636,22.3,14.944764785522139
4.136363636363636,23.30909090909091,15.813942209509307
4.136363636363636,24.31818181818182,16.68749056217805
4.136363636363636,25.327272727272728,17.565093084955265
4.136363636363636,26.336363636363636,18.446467682681277
4.136363636363636,27.345454545454544,19.3313619644822
4.136363636363636,28.354545454545455,20.219549147058828
4.136363636363636,29.363636363636363,21.110824645905485
4.136363636363636,30.37272727272727,22.005003219851908
4.136363636363636,31.381818181818183,22.901916564130392
4.136363636363636,32.39090909090909,23.80141126965806
4.136363636363636,33.4,24.703347083358835
4.136363636363636,34.40909090909091,25.607595417521534
4.136363636363636,35.418181818181814,26.514038066402986
4.136363636363636,36.42727272727273,27.422566096265154
4.136363636363636,37.43636363636364,28.333078881317764
4.136363636363636,38.445454545454545,29.245483263019125
4.136363636363636,39.45454545454545,30.159692814162714
4.136363636363636,40.46363636363636,31.07562719237024
4.136363636363636,41.47272727272727,31.993211570190738
4.136363636363636,42.481818181818184,32.91237613110084
4.136363636363636,43.49090909090909,33.8330556224132
4.136363636363636,44.5,34.75518895750494
4.136363636363636,45.50909090909091,35.6787188609373
4.136363636363636,46.518181818181816,36.60359155099822
4.136363636363636,47.527272727272724,37.529756454999166
4.136363636363636,48.53636363636364,38.45716595332628
4.136363636363636,49.54545454545455,39.38577514880607
4.136363636363636,50.554545454545455,40.31554165841937
4.136363636363636,51.56363636363636,41.24642542479617
4.136363636363636,52.57272727272727,42.178388545263424
4.136363636363636,53.58181818181818,43.111395116506195
4.136363636363636,54.590909090909086,44.0454110931497
4.136363636363636,55.6,44.98040415878056
4.136363636363636,56.60909090909091,45.916343608107226
4.136363636363636,57.61818181818182,46.85320023911654
4.136363636363636,58.627272727272725,47.79094625421801
4.136363636363636,59.63636363636363,48.729555169484975
4.136363636363636,60.64545454545454,49.66900173120366
4.136363636363636,61.654545454545456,50.60926183902985
4.136363636363636,62.663636363636364,51.55031247513008
4.136363636363636,63.67272727272727,52.49213163875251
4.136363636363636,64.68181818181817,53.434698285731706
4.136363636363636,65.69090909090909,54.37799227248409
4.136363636363636,66.69999999999999,55.32199430409646
4.136363636363636,67.7090909090909,56.266685886151265
4.136363636363636,68.7181818181818,57.212049279967445
4.136363636363636,69.72727272727272,58.158067460968425
4.136363636363636,70.73636363636362,59.1047240799159
4.136363636363636,71.74545454545454,60.05200342677486
4.136363636363636,72.75454545454545,60.99989039699558
4.136363636363636,73.76363636363635,61.94837046002054
4.136363636363636,74.77272727272727,62.89742962984019
4.136363636363636,75.78181818181817,63.84705443743869
4.136363636363636,76.79090909090908,64.79723190498476
4.136363636363636,77.8,65.74794952163488
4.136363636363636,78.8090909090909,66.69919522082964
4.136363636363636,79.81818181818181,67.65095735897162
4.136363636363636,80.82727272727271,68.60322469538562
4.136363636363636,81.83636363636363,69.55598637346804
4.136363636363636,82.84545454545453,70.50923190294132
4.136363636363636,83.85454545454544,71.46295114313627
4.136363636363636,84.86363636363636,72.4171342872303
4.136363636363636,85.87272727272726,73.37177184737696
4.136363636363636,86.88181818181818,74.32685464066572
4.136363636363636,87.89090909090908,75.28237377585698
4.136363636363636,88.89999999999999,76.23832064084088
4.136363636363636,89.90909090909089,77.19468689077247
4.136363636363636,90.91818181818181,78.15146443684
4.136363636363636,91.92727272727272,79.10864543562509
4.136363636363636,92.93636363636362,80.06622227901836
4.136363636363636,93.94545454545454,81.0241875846549
4.136363636363636,94.95454545454544,81.98253418683801
4.136363636363636,95.96363636363635,82.94125512792114
4.136363636363636,96.97272727272727,83.90034365012023
4.136363636363636,97.98181818181817,84.85979318773082
4.136363636363636,98.99090909090908,85.81959735972599
4.136363636363636,100.0,86.77974996271237
5.145454545454545,0.1,3.016485760890859e-05
5.145454545454545,1.1090909090909091,0.03718473337486562
5.145454545454545,2.118181818181818,0.2098307633034941
5.145454545454545,3.1272727272727274,0.5293727871683145
5.145454545454545,4.136363636363636,0.9639607623912259
5.145454545454545,5.145454545454545,1.4831078221505702
5.145454545454545,6.154545454545454,2.0649988949409916
5.145454545454545,7.163636363636363,2.694692139798306
5.145454545454545,8.172727272727272,3.361822136692333
5.145454545454545,9.181818181818182,4.05900588935785
5.145454545454545,10.19090909090909,4.780835710762806
5.145454545454545,11.2,5.523246615891181
5.145454545454545,12.209090909090909,6.28311150040897
5.145454545454545,13.218181818181817,7.0579754252327875
5.145454545454545,14.227272727272727,7.845876571454614
5.145454545454545,15.236363636363635,8.645222545914226
5.145454545454545,16.245454545454546,9.454702937121159
5.145454545454545,17.254545454545454,10.27322619076605
5.145454545454545,18.263636363636365,11.099873170200551
5.145454545454545,19.272727272727273,11.933862402008646
5.145454545454545,20.28181818181818,12.774523660521243
5.145454545454545,21.290909090909093,13.62127760645153
5.145454545454545,22.3,14.473619890372088
5.145454545454545,23.30909090909091,15.331108596564071
5.145454545454545,24.31818181818182,16.19335421906319
5.145454545454545,25.327272727272728,17.0600115806017
5.145454545454545,26.336363636363636,17.930773258977165
5.145454545454545,27.345454545454544,18.805364195066463
5.145454545454545,28.354545454545455,19.68353723596177
5.145454545454545,29.363636363636363,20.565069424694084
5.145454545454545,30.37272727272727,21.44975889094958
5.145454545454545,31.381818181818183,22.33742222926211
5.145454545454545,32.39090909090909,23.227892275469646
5.145454545454545,33.4,24.121016210715126
5.145454545454545,34.40909090909091,25.016653936528872
5.145454545454545,35.418181818181814,25.91467667558713
5.145454545454545,36.42727272727273,26.814965761390468
5.145454545454545,37.43636363636364,27.71741158692058
5.145454545454545,38.445454545454545,28.62191268774063
5.145454545454545,39.45454545454545,29.52837493932191
5.145454545454545,40.46363636363636,30.436710851849448
5.145454545454545,41.47272727272727,31.346838948563146
5.145454545454545,42.481818181818184,32.258683215971075
5.145454545454545,43.49090909090909,33.172172616133516
5.145454545454545,44.5,34.087240652746615
5.145454545454545,45.50909090909091,35.003824984016276
5.145454545454545,46.518181818181816,35.92186707635951
5.145454545454545,47.527272727272724,36.84131189384188
5.145454545454545,48.53636363636364,37.76210761898764
5.145454545454545,49.54545454545455,38.684205401210896
5.145454545454545,50.554545454545455,39.60755912963141
5.145454545454545,51.56363636363636,40.53212522747404
5.145454545454545,52.57272727272727,41.45786246562088
5.145454545454545,53.58181818181818,42.38473179319982
5.145454545454545,54.590909090909086,43.31269618336258
5.145454545454545,55.6,44.24172049263513
5.145454545454545,56.60909090909091,45.17177133242241
5.145454545454545,57.61818181818182,46.102816951419065
5.145454545454545,58.627272727272725,47.0348271278265
5.145454545454545,59.63636363636363,47.967773070403595
5.145454545454545,60.64545454545454,48.90162732749003
5.145454545454545,61.654545454545456,49.83636370323826
5.145454545454545,62.663636363636364,50.77195718037391
5.145454545454545,63.67272727272727,51.70838384887909
5.145454545454545,64.68181818181817,52.645620840057695
5.145454545454545,65.69090909090909,53.58364626549896
5.145454545454545,66.69999999999999,54.522439160505236
5.145454545454545,67.7090909090909,55.46197943159548
5.145454545454545,68.7181818181818,56.40224780773366
5.145454545454545,69.72727272727272,57.34322579496745
5.145454545454545,70.73636363636362,58.28489563419224
5.145454545454545,71.74545454545454,59.227240261784104
5.145454545454545,72.75454545454545,60.17024327286854
5.145454545454545,73.76363636363635,61.11388888701476
5.145454545454545,74.77272727272727,62.05816191616414
5.145454545454545,75.78181818181817,63.00304773461888
5.145454545454545,76.79090909090908,63.948532250933184
5.145454545454545,77.8,64.89460188156227
5.145454545454545,78.8090909090909,65.84124352613856
5.145454545454545,79.81818181818181,66.78844454425429
5.145454545454545,80.82727272727271,67.7361927336412
5.145454545454545,81.83636363636363,68.68447630964661
5.145454545454545,82.84545454545453,69.63328388591385
5.145454545454545,83.85454545454544,70.5826044561825
5.145454545454545,84.86363636363636,71.53242737713055
5.145454545454545,85.87272727272726,72.48274235218767
5.145454545454545,86.88181818181818,73.43353941625315
5.145454545454545,87.89090909090908,74.38480892125835
5.145454545454545,88.89999999999999,75.33654152251779
5.145454545454545,89.90909090909089,76.28872816581708
5.145454545454545,90.91818181818181,77.24136007519051
5.145454545454545,91.92727272727272,78.19442874134332
5.145454545454545,92.93636363636362,79.14792591067906
5.145454545454545,93.94545454545454,80.10184357489321
5.145454545454545,94.95454545454544,81.05617396109835
5.145454545454545,95.96363636363635,82.0109095224486
5.145454545454545,96.97272727272727,82.96604292923263
5.145454545454545,97.98181818181817,83.9215670604075
5.145454545454545,98.99090909090908,84.87747499554709
5.145454545454545,100.0,85.83376000718054
6.154545454545454,0.1,2.5222808844963284e-05
6.154545454545454,1.1090909090909091,0.0315783301920972
6.154545454545454,2.118181818181818,0.18294628791767015
6.154545454545454,3.1272727272727274,0.4723598223492437
6.154545454545454,4.136363636363636,0.8753480166700736
6.154545454545454,5.145454545454545,1.364429012495841
6.154545454545454,6.154545454545454,1.918578934576679
6.154545454545454,7.163636363636363,2.5228619553321154
6.154545454545454,8.172727272727272,3.166686982890111
6.154545454545454,9.181818181818182,3.842403779650622
6.154545454545454,10.19090909090909,4.544356050623284
6.154545454545454,11.2,5.268264088982756
6.154545454545454,12.209090909090909,6.010820193386806
6.154545454545454,13.218181818181817,6.769418742358278
6.154545454545454,14.227272727272727,7.541972172345419
6.154545454545454,15.236363636363635,8.326782737067752
6.154545454545454,16.245454545454546,9.122451248607234
6.154545454545454,17.254545454545454,9.927810859825923
6.154545454545454,18.263636363636365,10.741878151075412
6.154545454545454,19.272727272727273,11.563816405041855
6.154545454545454,20.28181818181818,12.392907619528286
6.154545454545454,21.290909090909093,13.22853088780527
6.154545454545454,22.3,14.070145489472317
6.154545454545454,23.30909090909091,14.917277514546921
6.154545454545454,24.31818181818182,15.769509171722436
6.154545454545454,25.327272727272728,16.626470159880146
6.154545454545454,26.336363636363636,17.487830642891353
6.154545454545454,27.345454545454544,18.353295482874582
6.154545454545454,28.354545454545455,19.222599470495314
6.154545454545454,29.363636363636363,20.095503352075742
6.154545454545454,30.37272727272727,20.971790498657622
6.154545454545454,31.381818181818183,21.851264096168496
6.154545454545454,32.39090909090909,22.733744761580834
6.154545454545454,33.4,23.619068509636083
6.154545454545454,34.40909090909091,24.507085009825882
6.154545454545454,35.418181818181814,25.397656085130563
6.154545454545454,36.42727272727273,26.290654413210525
6.154545454545454,37.43636363636364,27.185962398021427
6.154545454545454,38.445454545454545,28.083471185593908
6.154545454545454,39.45454545454545,28.98307980232991
6.154545454545454,40.46363636363636,29.88469439787605
6.154545454545454,41.47272727272727,30.788227577633116
6.154545454545454,42.481818181818184,31.693597812399375
6.154545454545454,43.49090909090909,32.60072891463903
6.154545454545454,44.5,33.50954957250507
6.154545454545454,45.50909090909091,34.41999293409768
6.154545454545454,46.518181818181816,35.3319962355607
6.154545454545454,47.527272727272724,36.24550046755229
6.154545454545454,48.53636363636364,37.160450075407
6.154545454545454,49.54545454545455,38.07679268896188
6.154545454545454,50.554545454545455,38.9944788785723
6.154545454545454,51.56363636363636,39.9134619343099
6.154545454545454,52.57272727272727,40.833697665732686
6.154545454545454,53.58181818181818,41.7551442199543
6.154545454545454,54.590909090909086,42.67776191602915
6.154545454545454,55.6,43.60151309391654
6.154545454545454,56.60909090909091,44.52636197650053
6.154545454545454,57.61818181818182,45.452274543325025
6.154545454545454,58.627272727272725,46.37921841486226
6.154545454545454,59.63636363636363,47.30716274627032
6.154545454545454,60.64545454545454,48.236078129714656
6.154545454545454,61.654545454545456,49.16593650443241
6.154545454545454,62.663636363636364,50.096711073809416
6.154545454545454,63.67272727272727,51.028376228819006
6.154545454545454,64.68181818181817,51.96090747724148
6.154545454545454,65.69090909090909,52.894281378144655
6.154545454545454,66.69999999999999,53.82847548115934
6.154545454545454,67.7090909090909,54.76346827013185
6.154545454545454,68.7181818181818,55.699239110777384
6.154545454545454,69.72727272727272,56.63576820199551
6.154545454545454,70.73636363636362,57.573036530542296
6.154545454545454,71.74545454545454,58.51102582878328
6.154545454545454,72.75454545454545,59.44971853527668
6.154545454545454,73.76363636363635,60.389097757961466
6.154545454545454,74.77272727272727,61.329147239744216
6.154545454545454,75.78181818181817,62.26985132629822
6.154545454545454,76.79090909090908,63.211194935905176
6.154545454545454,77.8,64.15316353118438
6.154545454545454,78.8090909090909,65.09574309256871
6.154545454545454,79.81818181818181,66.03892009339798
6.154545454545454,80.82727272727271,66.98268147651204
6.154545454545454,81.83636363636363,67.92701463223567
6.154545454545454,82.84545454545453,68.871907377656
6.154545454545454,83.85454545454544,69.81734793710238
6.154545454545454,84.86363636363636,70.76332492374424
6.154545454545454,85.87272727272726,71.70982732223138
6.154545454545454,86.88181818181818,72.65684447230538
6.154545454545454,87.89090909090908,73.60436605331714
6.154545454545454,88.89999999999999,74.55238206959088
6.154545454545454,89.90909090909089,75.5008828365791
6.154545454545454,90.91818181818181,76.44985896775702
6.154545454545454,91.92727272727272,77.39930136220974
6.154545454545454,92.93636363636362,78.34920119286765
6.154545454545454,93.94545454545454,79.29954989535025
6.154545454545454,94.95454545454544,80.25033915737983
6.154545454545454,95.96363636363635,81.20156090873095
6.154545454545454,96.97272727272727,82.15320731168272
6.154545454545454,97.98181818181817,83.10527075194383
6.154545454545454,98.99090909090908,84.05774383002245
6.154545454545454,100.0,85.01061935301458
7.163636363636363,0.1,2.167215862106484e-05
7.163636363636363,1.1090909090909091,0.027443629836559614
7.163636363636363,2.118181818181818,0.16226824759839226
7.163636363636363,3.1272727272727274,0.4269863839897401
7.163636363636363,4.136363636363636,0.803125689996934
7.163636363636363,5.145454545454545,1.2660925994550816
7.163636363636363,6.154545454545454,1.7958205667546994
7.163636363636363,7.163636363636363,2.3775423069773045
7.163636363636363,8.172727272727272,3.000559840086048
7.163636363636363,9.181818181818182,3.6570382892581588
7.163636363636363,10.19090909090909,4.341130533850503
7.163636363636363,11.2,5.048383456477675
7.163636363636363,12.209090909090909,5.775339054617044
7.163636363636363,13.218181818181817,6.519263799843913
7.163636363636363,14.227272727272727,7.277961899805411
7.163636363636363,15.236363636363635,8.049644002959004
7.163636363636363,16.245454545454546,8.832833131695732
7.163636363636363,17.254545454545454,9.626296067107631
7.163636363636363,18.263636363636365,10.42899245292361
7.163636363636363,19.272727272727273,11.240036453434877
7.163636363636363,20.28181818181818,12.05866745433025
7.163636363636363,21.290909090909093,12.884227378818515
7.163636363636363,22.3,13.716142913123512
7.163636363636363,23.30909090909091,14.553911424155475
7.163636363636363,24.31818181818182,15.397089688371027
7.163636363636363,25.327272727272728,16.245284785614636
7.163636363636363,26.336363636363636,17.09814667801476
7.163636363636363,27.345454545454544,17.95536211334504
7.163636363636363,28.354545454545455,18.816649578978826
7.163636363636363,29.363636363636363,19.681755096318064
7.163636363636363,30.37272727272727,20.550448692961808
7.163636363636363,31.381818181818183,21.422521425460026
7.163636363636363,32.39090909090909,22.297782852475148
7.163636363636363,33.4,23.176058878809638
7.163636363636363,34.40909090909091,24.057189906676783
7.163636363636363,35.418181818181814,24.941029242996148
7.163636363636363,36.42727272727273,25.82744172116511
7.163636363636363,37.43636363636364,26.716302503453903
7.163636363636363,38.445454545454545,27.607496036237528
7.163636363636363,39.45454545454545,28.500915135152344
7.163636363636363,40.46363636363636,29.39646018118136
7.163636363636363,41.47272727272727,30.294038411841154
7.163636363636363,42.481818181818184,31.193563294222166
7.163636363636363,43.49090909090909,32.094953968743376
7.163636363636363,44.5,32.998134754215485
7.163636363636363,45.50909090909091,33.903034706238785
7.163636363636363,46.518181818181816,34.80958722214895
7.163636363636363,47.527272727272724,35.71772968671375
7.163636363636363,48.53636363636364,36.62740315361122
7.163636363636363,49.54545454545455,37.53855205841455
7.163636363636363,50.554545454545455,38.451123959395765
7.163636363636363,51.56363636363636,39.36506930295497
7.163636363636363,52.57272727272727,40.28034121090379
7.163636363636363,53.58181818181818,41.19689528718957
7.163636363636363,54.590909090909086,42.114689441953395
7.163636363636363,55.6,43.03368373107804
7.163636363636363,56.60909090909091,43.953840209606945
7.163636363636363,57.61818181818182,44.875122797610736
7.163636363636363,58.627272727272725,45.79749715724587
7.163636363636363,59.63636363636363,46.72093057989534
7.163636363636363,60.64545454545454,47.645391882409186
7.163636363636363,61.654545454545456,48.5708513115721
7.163636363636363,62.663636363636364,49.497280456022146
7.163636363636363,63.67272727272727,50.42465216492935
7.163636363636363,64.68181818181817,51.352940472816414
7.163636363636363,65.69090909090909,52.282120529969426
7.163636363636363,66.69999999999999,53.21216853794331
7.163636363636363,67.7090909090909,54.143061689718074
7.163636363636363,68.7181818181818,55.074778114105584
7.163636363636363,69.72727272727272,56.007296824047685
7.163636363636363,70.73636363636362,56.940597668480336
7.163636363636363,71.74545454545454,57.874661287470936
7.163636363636363,72.75454545454545,58.80946907036273
7.163636363636363,73.76363636363635,59.74500311668655
7.163636363636363,74.77272727272727,60.68124619962078
7.163636363636363,75.78181818181817,61.61818173180178
7.163636363636363,76.79090909090908,62.55579373330395
7.163636363636363,77.8,63.49406680162509
7.163636363636363,78.8090909090909,64.43298608352713
7.163636363636363,79.81818181818181,65.372537248595
7.163636363636363,80.82727272727271,66.31270646438854
7.163636363636363,81.83636363636363,67.25348037307268
7.163636363636363,82.84545454545453,68.19484606942068
7.163636363636363,83.85454545454544,69.13679108009413
7.163636363636363,84.86363636363636,70.07930334411087
7.163636363636363,85.87272727272726,71.0223711944195
7.163636363636363,86.88181818181818,71.96598334050576
7.163636363636363,87.89090909090908,72.91012885196065
7.163636363636363,88.89999999999999,73.85479714294816
7.163636363636363,89.90909090909089,74.7999779575122
7.163636363636363,90.91818181818181,75.74566135566941
7.163636363636363,91.92727272727272,76.69183770023704
7.163636363636363,92.93636363636362,77.63849764434964
7.163636363636363,93.94545454545454,78.58563211962134
7.163636363636363,94.95454545454544,79.53323232491343
7.163636363636363,95.96363636363635,80.48128971567087
7.163636363636363,96.97272727272727,81.42979599379225
7.163636363636363,97.98181818181817,82.37874309800223
7.163636363636363,98.99090909090908,83.32812319469573
7.163636363636363,100.0,84.27792866922663
8.172727272727272,0.1,1.8997810278008424e-05
8.172727272727272,1.1090909090909091,0.024267667466997787
8.172727272727272,2.118181818181818,0.14584576762581647
8.172727272727272,3.1272727272727274,0.3898997892115776
8.172727272727272,4.136363636363636,0.7428487201367576
8.172727272727272,5.145454545454545,1.1827977238995164
8.172727272727272,6.154545454545454,1.6907218498354375
8.172727272727272,7.163636363636363,2.2521338626423457
8.172727272727272,8.172727272727272,2.8563173848851995
8.172727272727272,9.181818181818182,3.4953167849072617
8.172727272727272,10.19090909090909,4.163139681173539
8.172727272727272,11.2,4.8551924630448475
8.172727272727272,12.209090909090909,5.567891099069823
8.172727272727272,13.218181818181817,6.298392448488408
8.172727272727272,14.227272727272727,7.044406572720531
8.172727272727272,15.236363636363635,7.8040635670481375
8.172727272727272,16.245454545454546,8.575817490494192
8.172727272727272,17.254545454545454,9.358375911900707
8.172727272727272,18.263636363636365,10.150647427091341
8.172727272727272,19.272727272727273,10.95170198579646
8.172727272727272,20.28181818181818,11.760740490685018
8.172727272727272,21.290909090909093,12.57707120627822
8.172727272727272,22.3,13.4000912382015
8.172727272727272,23.30909090909091,14.229271836083608
8.172727272727272,24.31818181818182,15.06414661443578
8.172727272727272,25.327272727272728,15.90430202513658
8.172727272727272,26.336363636363636,16.749369585311335
8.172727272727272,27.345454545454544,17.599019486938868
8.172727272727272,28.354545454545455,18.45295530382868
8.172727272727272,29.363636363636363,19.310909577436853
8.172727272727272,30.37272727272727,20.172640112021423
8.172727272727272,31.381818181818183,21.037926846526805
8.172727272727272,32.39090909090909,21.906569198601712
8.172727272727272,33.4,22.77838379761923
8.172727272727272,34.40909090909091,23.653202540150883
8.172727272727272,35.418181818181814,24.530870914258482
8.172727272727272,36.42727272727273,25.411246549098866
8.172727272727272,37.43636363636364,26.29419795433322
8.172727272727272,38.445454545454545,27.179603420217315
8.172727272727272,39.45454545454545,28.06735005430761
8.172727272727272,40.46363636363636,28.95733293485481
8.172727272727272,41.47272727272727,29.849454364255873
8.172727272727272,42.481818181818184,30.74362320864528
8.172727272727272,43.49090909090909,31.639754311918384
8.172727272727272,44.5,32.53776797429773
8.172727272727272,45.50909090909091,33.43758948705668
8.172727272727272,46.518181818181816,34.33914871626153
8.172727272727272,47.527272727272724,35.242379729432706
8.172727272727272,48.53636363636364,36.14722045989532
8.172727272727272,49.54545454545455,37.053612404320134
8.172727272727272,50.554545454545455,37.96150034957203
8.172727272727272,51.56363636363636,38.870832125504315
8.172727272727272,52.57272727272727,39.781558380780396
8.172727272727272,53.58181818181818,40.693632379180954
8.172727272727272,54.590909090909086,41.60700981417775
8.172727272727272,55.6,42.521648639831376
8.172727272727272,56.60909090909091,43.437508916307735
8.172727272727272,57.61818181818182,44.35455266851342
8.172727272727272,58.627272727272725,45.27274375652709
8.172727272727272,59.63636363636363,46.192047756657416
8.172727272727272,60.64545454545454,47.11243185209228
8.172727272727272,61.654545454545456,48.03386473221958
8.172727272727272,62.663636363636364,48.95631649980192
8.172727272727272,63.67272727272727,49.879758585276534
8.172727272727272,64.68181818181817,50.80416366752943
8.172727272727272,65.69090909090909,51.729505600561815
8.172727272727272,66.69999999999999,52.65575934552667
8.172727272727272,67.7090909090909,53.58290090766764
8.172727272727272,68.7181818181818,54.51090727773824
8.172727272727272,69.72727272727272,55.43975637752283
8.172727272727272,70.73636363636362,56.369427009116265
8.172727272727272,71.74545454545454,57.29989880765369
8.172727272727272,72.75454545454545,58.23115219721007
8.172727272727272,73.76363636363635,59.16316834961618
8.172727272727272,74.77272727272727,60.095929145960795
8.172727272727272,75.78181818181817,61.02941714057011
8.172727272727272,76.79090909090908,61.963615527273944
8.172727272727272,77.8,62.898508107785375
8.172727272727272,78.8090909090909,63.83407926203591
8.172727272727272,79.81818181818181,64.77031392032153
8.172727272727272,80.82727272727271,65.70719753712741
8.172727272727272,81.83636363636363,66.64471606651084
8.172727272727272,82.84545454545453,67.58285593893086
8.172727272727272,83.85454545454544,68.52160403942379
8.172727272727272,84.86363636363636,69.4609476870302
8.172727272727272,85.87272727272726,70.40087461538837
8.172727272727272,86.88181818181818,71.34137295441471
8.172727272727272,87.89090909090908,72.28243121299812
8.172727272727272,88.89999999999999,73.22403826264184
8.172727272727272,89.90909090909089,74.16618332198972
8.172727272727272,90.91818181818181,75.1088559421807
8.172727272727272,91.92727272727272,76.05204599297757
8.172727272727272,92.93636363636362,76.9957436496217
8.172727272727272,93.94545454545454,77.93993938036763
8.172727272727272,94.95454545454544,78.88462393465589
8.172727272727272,95.96363636363635,79.8297883318847
8.172727272727272,96.97272727272727,80.7754238507441
8.172727272727272,97.98181818181817,81.72152201907902
8.172727272727272,98.99090909090908,82.66807460424977
8.172727272727272,100.0,83.61507360396051
9.181818181818182,0.1,1.691099093876135e-05
9.181818181818182,1.1090909090909091,0.02175129137209033
9.181818181818182,2.118181818181818,0.13247521930040826
9.181818181818182,3.1272727272727274,0.35895333635448184
9.181818181818182,4.136363636363636,0.6916126313945676
9.181818181818182,5.145454545454545,1.1110417902546987
9.181818181818182,6.154545454545454,1.599290715129938
9.181818181818182,7.163636363636363,2.1422287427720783
9.181818181818182,8.172727272727272,2.729188096450853
9.181818181818182,9.181818181818182,3.3521428444449395
9.181818181818182,10.19090909090909,4.004992130936276
9.181818181818182,11.2,4.683028754124131
9.181818181818182,12.209090909090909,5.382562626448172
9.181818181818182,13.218181818181817,6.100656104477604
9.181818181818182,14.227272727272727,6.834936755114461
9.181818181818182,15.236363636363635,7.583463270435148
9.181818181818182,16.245454545454546,8.344628052600655
9.181818181818182,17.254545454545454,9.117085381691425
9.181818181818182,18.263636363636365,9.899697673790453
9.181818181818182,19.272727272727273,10.691494714193574
9.181818181818182,20.28181818181818,11.49164232934181
9.181818181818182,21.290909090909093,12.299418019188016
9.181818181818182,22.3,13.11419178936946
9.181818181818182,23.30909090909091,13.935410915622118
9.181818181818182,24.31818181818182,14.762587716109234
9.181818181818182,25.327272727272728,15.595289649387619
9.181818181818182,26.336363636363636,16.433131228581715
9.181818181818182,27.345454545454544,17.27576736725407
9.181818181818182,28.354545454545455,18.122887863777816
9.181818181818182,29.363636363636363,18.97421279849731
9.181818181818182,30.37272727272727,19.82948866834173
9.181818181818182,31.381818181818183,20.68848512153407
9.181818181818182,32.39090909090909,21.55099218392888
9.181818181818182,33.4,22.416817890681987
9.181818181818182,34.40909090909091,23.28578625410629
9.181818181818182,35.418181818181814,24.157735511939066
9.181818181818182,36.42727272727273,25.03251661074746
9.181818181818182,37.43636363636364,25.909991887502706
9.181818181818182,38.445454545454545,26.790033918963143
9.181818181818182,39.45454545454545,27.672524513795523
9.181818181818182,40.46363636363636,28.5573538266485
9.181818181818182,41.47272727272727,29.444419576813512
9.181818181818182,42.481818181818184,30.333626356958494
9.181818181818182,43.49090909090909,31.224885019703553
9.181818181818182,44.5,32.11811213171076
9.181818181818182,45.50909090909091,33.01322948652616
9.181818181818182,46.518181818181816,33.910163668713665
9.181818181818182,47.527272727272724,34.8088456629046
9.181818181818182,48.53636363636364,35.70921050229512
9.181818181818182,49.54545454545455,36.61119695188636
9.181818181818182,50.554545454545455,37.5147472224061
9.181818181818182,51.56363636363636,38.41980671139515
9.181818181818182,52.57272727272727,39.326323768404826
9.181818181818182,53.58181818181818,40.23424948164562
9.181818181818182,54.590909090909086,41.14353748376491
9.181818181818182,55.6,42.0541437747202
9.181818181818182,56.60909090909091,42.96602655996297
9.181818181818182,57.61818181818182,43.87914610236298
9.181818181818182,58.627272727272725,44.793464586487744
9.181818181818182,59.63636363636363,45.70894599401309
9.181818181818182,60.64545454545454,46.625555989180214
9.181818181818182,61.654545454545456,47.54326181333648
9.181818181818182,62.663636363636364,48.46203218770348
9.181818181818182,63.67272727272727,49.38183722360916
9.181818181818182,64.68181818181817,50.30264833950225
9.181818181818182,65.69090909090909,51.224438184139316
9.181818181818182,66.69999999999999,52.147180565397676
9.181818181818182,67.7090909090909,53.070850384223924
9.181818181818182,68.7181818181818,53.99542357327624
9.181818181818182,69.72727272727272,54.92087703986366
9.181818181818182,70.73636363636362,55.84718861282315
9.181818181818182,71.74545454545454,56.77433699301096
9.181818181818182,72.75454545454545,57.70230170711473
9.181818181818182,73.76363636363635,58.63106306452097
9.181818181818182,74.77272727272727,59.56060211699663
9.181818181818182,75.78181818181817,60.49090062096559
9.181818181818182,76.79090909090908,61.42194100218112
9.181818181818182,77.8,62.35370632261207
9.181818181818182,78.8090909090909,63.28618024937778
9.181818181818182,79.81818181818181,64.21934702557981
9.181818181818182,80.82727272727271,65.15319144289242
9.181818181818182,81.83636363636363,66.08769881578512
9.181818181818182,82.84545454545453,67.02285495726078
9.181818181818182,83.85454545454544,67.95864615600344
9.181818181818182,84.86363636363636,68.8950591548373
9.181818181818182,85.87272727272726,69.83208113040715
9.181818181818182,86.88181818181818,70.76969967399769
9.181818181818182,87.89090909090908,71.70790277341484
9.181818181818182,88.89999999999999,72.64667879585912
9.181818181818182,89.90909090909089,73.58601647172601
9.181818181818182,90.91818181818181,74.5259048792732
9.181818181818182,91.92727272727272,75.46633343009906
9.181818181818182,92.93636363636362,76.40729185538132
9.181818181818182,93.94545454545454,77.34877019282806
9.181818181818182,94.95454545454544,78.29075877429675
9.181818181818182,95.96363636363635,79.23324821404069
9.181818181818182,96.97272727272727,80.17622939754452
9.181818181818182,97.98181818181817,81.11969347091355
9.181818181818182,98.99090909090908,82.06363183078398
9.181818181818182,100.0,83.00803611472328
10.19090909090909,0.1,1.523725119239611e-05
10.19090909090909,1.1090909090909091,0.019708184659862096
10.19090909090909,2.118181818181818,0.12137123722926077
10.19090909090909,3.1272727272727274,0.3326992207128707
10.19090909090909,4.136363636363636,0.6474208812538608
10.19090909090909,5.145454545454545,1.0483909820181099
10.19090909090909,6.154545454545454,1.5187353196121103
10.19090909090909,7.163636363636363,2.0447316242384423
10.19090909090909,8.172727272727272,2.6158119215844224
10.19090909090909,9.181818181818182,3.223920412399195
10.19090909090909,10.19090909090909,3.8628779741856745
10.19090909090909,11.2,4.52788621084131
10.19090909090909,12.209090909090909,5.2151657400800255
10.19090909090909,13.218181818181817,5.921697154472518
10.19090909090909,14.227272727272727,6.645035374582764
10.19090909090909,15.236363636363635,7.3831754324107575
10.19090909090909,16.245454545454546,8.134454258793108
10.19090909090909,17.254545454545454,8.897477859089753
10.19090909090909,18.263636363636365,9.671066588485129
10.19090909090909,19.272727272727273,10.454213492290293
10.19090909090909,20.28181818181818,11.246052198977333
10.19090909090909,21.290909090909093,12.045831887006308
10.19090909090909,22.3,12.852897554237556
10.19090909090909,23.30909090909091,13.666674308753857
10.19090909090909,24.31818181818182,14.486654743194165
10.19090909090909,25.327272727272728,15.312388698037436
10.19090909090909,26.336363636363636,16.143474893793222
10.19090909090909,27.345454545454544,16.979554038644448
10.19090909090909,28.354545454545455,17.820303110914505
10.19090909090909,29.363636363636363,18.665430584511267
10.19090909090909,30.37272727272727,19.514672416969553
10.19090909090909,31.381818181818183,20.367788658591493
10.19090909090909,32.39090909090909,21.224560570812933
10.19090909090909,33.4,22.084788164695794
10.19090909090909,34.40909090909091,22.94828808808697
10.19090909090909,35.418181818181814,23.814891803755028
10.19090909090909,36.42727272727273,24.684444011642356
10.19090909090909,37.43636363636364,25.55680127693961
10.19090909090909,38.445454545454545,26.4318308325173
10.19090909090909,39.45454545454545,27.309409529721965
10.19090909090909,40.46363636363636,28.18942291595614
10.19090909090909,41.47272727272727,29.07176442103506
10.19090909090909,42.481818181818184,29.95633463724689
10.19090909090909,43.49090909090909,30.84304068039795
10.19090909090909,44.5,31.73179562112541
10.19090909090909,45.50909090909091,32.6225179773644
10.19090909090909,46.518181818181816,33.515131260213735
10.19090909090909,47.527272727272724,34.409563566569375
10.19090909090909,48.53636363636364,35.30574721283814
10.19090909090909,49.54545454545455,36.20361840483627
10.19090909090909,50.554545454545455,37.103116939646505
10.19090909090909,51.56363636363636,38.004185935773705
10.19090909090909,52.57272727272727,38.906771588419936
10.19090909090909,53.58181818181818,39.810822947110026
10.19090909090909,54.590909090909086,40.71629171324939
10.19090909090909,55.6,41.623132055496534
10.19090909090909,56.60909090909091,42.53130044109117
10.19090909090909,57.61818181818182,43.44075548150247
10.19090909090909,58.627272727272725,44.351457790954356
10.19090909090909,59.63636363636363,45.26336985655244
10.19090909090909,60.64545454545454,46.17645591888279
10.19090909090909,61.654545454545456,47.09068186207924
10.19090909090909,62.663636363636364,48.0060151124666
10.19090909090909,63.67272727272727,48.92242454498472
10.19090909090909,64.68181818181817,49.83988039668266
10.19090909090909,65.69090909090909,50.75835418664765
10.19090909090909,66.69999999999999,51.677818641798915
10.19090909090909,67.7090909090909,52.59824762803539
10.19090909090909,68.7181818181818,53.51961608627675
10.19090909090909,69.72727272727272,54.44189997298416
10.19090909090909,70.73636363636362,55.365076204786305
10.19090909090909,71.74545454545454,56.2891226068734
10.19090909090909,72.75454545454545,57.214017864853325
10.19090909090909,73.76363636363635,58.139741479793045
10.19090909090909,74.77272727272727,59.06627372619383
10.19090909090909,75.78181818181817,59.99359561267192
10.19090909090909,76.79090909090908,60.92168884513695
10.19090909090909,77.8,61.85053579227833
10.19090909090909,78.8090909090909,62.78011945318759
10.19090909090909,79.81818181818181,63.71042342695806
10.19090909090909,80.82727272727271,64.6414318841181
10.19090909090909,81.83636363636363,65.57312953976596
10.19090909090909,82.84545454545453,66.50550162828438
10.19090909090909,83.85454545454544,67.43853387952502
10.19090909090909,84.86363636363636,68.37221249635957
10.19090909090909,85.87272727272726,69.30652413350437
10.19090909090909,86.88181818181818,70.24145587753218
10.19090909090909,87.89090909090908,71.176995227991
10.19090909090909,88.89999999999999,72.11313007955711
10.19090909090909,89.90909090909089,73.04984870515447
10.19090909090909,90.91818181818181,73.98713973997762
10.19090909090909,91.92727272727272,74.92499216636034
10.19090909090909,92.93636363636362,75.86339529943673
10.19090909090909,93.94545454545454,76.80233877354463
10.19090909090909,94.95454545454544,77.74181252932551
10.19090909090909,95.96363636363635,78.68180680147843
10.19090909090909,96.97272727272727,79.62231210712768
10.19090909090909,97.98181818181817,80.56331923476795
10.19090909090909,98.99090909090908,81.50481923375233
10.19090909090909,100.0,82.44680340429117
11.2,0.1,1.3864985255269787e-05
11.2,1.1090909090909091,0.018016213780224822
11.2,2.118181818181818,0.11199843688276603
11.2,3.1272727272727274,0.31012079294009703
11.2,4.136363636363636,0.6088461847521655
11.2,5.145454545454545,0.9930871904488524
11.2,6.154545454545454,1.4470261938199849
11.2,7.163636363636363,1.9573833427166243
11.2,8.172727272727272,2.513729755770086
11.2,9.181818181818182,3.108012498885459
11.2,10.19090909090909,3.733999301751476
11.2,11.2,4.386819482350685
11.2,12.209090909090909,5.062618642170681
11.2,13.218181818181817,5.758306520060642
11.2,14.227272727272727,6.47137385159723
11.2,15.236363636363635,7.199758673041596
11.2,16.245454545454546,7.941747772055305
11.2,17.254545454545454,8.695903199297938
11.2,18.263636363636365,9.461006797216541
11.2,19.272727272727273,10.236017819909017
11.2,20.28181818181818,11.020040174928917
11.2,21.290909090909093,11.812296820390687
11.2,22.3,12.612109544496331
11.2,23.30909090909091,13.418882838892493
11.2,24.31818181818182,14.2320909187523
11.2,25.327272727272728,15.051267185847413
11.2,26.336363636363636,15.87599560620115
11.2,27.345454545454544,16.705903601567666
11.2,28.354545454545455,17.540656147890854
11.2,29.363636363636363,18.37995084367073
11.2,30.37272727272727,19.223513763502282
11.2,31.381818181818183,20.071095951667278
11.2,32.39090909090909,20.922470440906263
11.2,33.4,21.777429704780964
11.2,34.40909090909091,22.635783470100897
11.2,35.418181818181814,23.49735683000557
11.2,36.42727272727273,24.361988609405934
11.2,37.43636363636364,25.229529943293155
11.2,38.445454545454545,26.09984303544422
11.2,39.45454545454545,26.972800070685622
11.2,40.46363636363636,27.84828225842205
11.2,41.47272727272727,28.72617898882394
11.2,42.481818181818184,29.606387086074065
11.2,43.49090909090909,30.488810145534146
11.2,44.5,31.37335794374053
11.2,45.50909090909091,32.25994591178311
11.2,46.518181818181816,33.148494664051604
11.2,47.527272727272724,34.03892957547655
11.2,48.53636363636364,34.93118040137444
11.2,49.54545454545455,35.82518093482503
11.2,50.554545454545455,36.72086869720133
11.2,51.56363636363636,37.618184658058624
11.2,52.57272727272727,38.517072981086976
11.2,53.58181818181818,39.41748079325629
11.2,54.590909090909086,40.31935797464643
11.2,55.6,41.222656966765946
11.2,56.60909090909091,42.12733259743165
11.2,57.61818181818182,43.033341920511845
11.2,58.627272727272725,43.94064406903657
11.2,59.63636363636363,44.849200120351426
11.2,60.64545454545454,45.758972972142416
11.2,61.654545454545456,46.66992722829092
11.2,62.663636363636364,47.58202909363242
11.2,63.67272727272727,48.49524627679358
11.2,64.68181818181817,49.40954790037021
11.2,65.69090909090909,50.32490441778641
11.2,66.69999999999999,51.241287536243675
11.2,67.7090909090909,52.158670145228896
11.2,68.7181818181818,53.07702625010377
11.2,69.72727272727272,53.9963309103458
11.2,70.73636363636362,54.91656018205205
11.2,71.74545454545454,55.837691064356136
11.2,72.75454545454545,56.75970144943985
11.2,73.76363636363635,57.68257007585272
11.2,74.77272727272727,58.60627648487827
11.2,75.78181818181817,59.53080097970948
11.2,76.79090909090908,60.456124587218206
11.2,77.8,61.38222902212137
11.2,78.8090909090909,62.30909665336491
11.2,79.81818181818181,63.2367104725615
11.2,80.82727272727271,64.16505406433211
11.2,81.83636363636363,65.09411157841443
11.2,82.84545454545453,66.02386770341228
11.2,83.85454545454544,66.9543076420707
11.2,84.86363636363636,67.88541708797078
11.2,85.87272727272726,68.8171822035466
11.2,86.88181818181818,69.74958959933501
11.2,87.89090909090908,70.68262631437504
11.2,88.89999999999999,71.61627979768129
11.2,89.90909090909089,72.55053789072042
11.2,90.91818181818181,73.48538881082635
11.2,91.92727272727272,74.42082113549324
11.2,92.93636363636362,75.35682378749145
11.2,93.94545454545454,76.29338602075438
11.2,94.95454545454544,77.23049740698832
11.2,95.96363636363635,78.16814782296146
11.2,96.97272727272727,79.10632743843027
11.2,97.98181818181817,80.04502670466523
11.2,98.99090909090908,80.98423634354056
11.2,100.0,81.92394733715386
12.209090909090909,0.1,1.2719470496408674e-05
12.209090909090909,1.1090909090909091,0.01659196594394581
12.209090909090909,2.118181818181818,0.1039787372381581
12.209090909090909,3.1272727272727274,0.29048069061738546
12.209090909090909,4.136363636363636,0.5748357935039297
12.209090909090909,5.145454545454545,0.9438205459650094
12.209090909090909,6.154545454545454,1.3826419508919234
12.209090909090909,7.163636363636363,1.8784835950814607
12.209090909090909,8.172727272727272,2.4210858252820024
12.209090909090909,9.181818181818182,3.0024252573252626
12.209090909090909,10.19090909090909,3.6162375592371667
12.209090909090909,11.2,4.257595899619675
12.209090909090909,12.209090909090909,4.9225831702207845
12.209090909090909,13.218181818181817,5.6080477168872385
12.209090909090909,14.227272727272727,6.311423454650502
12.209090909090909,15.236363636363635,7.030597237179959
12.209090909090909,16.245454545454546,7.763810362182575
12.209090909090909,17.254545454545454,8.50958470046854
12.209090909090909,18.263636363636365,9.266666682476002
12.209090909090909,19.272727272727273,10.03398434753958
12.209090909090909,20.28181818181818,10.81061404577547
12.209090909090909,21.290909090909093,11.595754349208876
12.209090909090909,22.3,12.38870540521199
12.209090909090909,23.30909090909091,13.188852441584505
12.209090909090909,24.31818181818182,13.99565247074377
12.209090909090909,25.327272727272728,14.808623482824238
12.209090909090909,26.336363636363636,15.627335592872168
12.209090909090909,27.345454545454544,16.451403735516926
12.209090909090909,28.354545454545455,17.280481595118804
12.209090909090909,29.363636363636363,18.114256529893098
12.209090909090909,30.37272727272727,18.95244530152187
12.209090909090909,31.381818181818183,19.794790461975747
12.209090909090909,32.39090909090909,20.64105728002667
12.209090909090909,33.4,21.49103111364873
12.209090909090909,34.40909090909091,22.344515152930125
12.209090909090909,35.418181818181814,23.201328472539235
12.209090909090909,36.42727272727273,24.061304344150468
12.209090909090909,37.43636363636364,24.924288768248527
12.209090909090909,38.445454545454545,25.790139191923192
12.209090909090909,39.45454545454545,26.658723385042304
12.209090909090909,40.46363636363636,27.529918451855075
12.209090909090909,41.47272727272727,28.403609958863537
12.209090909090909,42.481818181818184,29.279691162890675
12.209090909090909,43.49090909090909,30.158062325807233
12.209090909090909,44.5,31.03863010446751
12.209090909090909,45.50909090909091,31.921307006127552
12.209090909090909,46.518181818181816,32.80601090107453
12.209090909090909,47.527272727272724,33.69266458536124
12.209090909090909,48.53636363636364,34.58119538757907
12.209090909090909,49.54545454545455,35.4715348144271
12.209090909090909,50.554545454545455,36.3636182305554
12.209090909090909,51.56363636363636,37.25738456876427
12.209090909090909,52.57272727272727,38.15277606715475
12.209090909090909,53.58181818181818,39.049738030264194
12.209090909090909,54.590909090909086,39.94821861159543
12.209090909090909,55.6,40.84816861526975
12.209090909090909,56.60909090909091,41.749541314810465
12.209090909090909,57.61818181818182,42.65229228730315
12.209090909090909,58.627272727272725,43.55637926138463
12.209090909090909,59.63636363636363,44.461761977692376
12.209090909090909,60.64545454545454,45.36840206056213
12.209090909090909,61.654545454545456,46.276262899896594
12.209090909090909,62.663636363636364,47.18530954224761
12.209090909090909,63.67272727272727,48.09550859025772
12.209090909090909,64.68181818181817,49.00682810969845
12.209090909090909,65.69090909090909,49.91923754342271
12.209090909090909,66.69999999999999,50.83270763161959
12.209090909090909,67.7090909090909,51.74721033782252
12.209090909090909,68.7181818181818,52.662718780176036
12.209090909090909,69.72727272727272,53.57920716751709
12.209090909090909,70.73636363636362,54.49665073986828
12.209090909090909,71.74545454545454,55.415025712981
12.209090909090909,72.75454545454545,56.334309226599444
12.209090909090909,73.76363636363635,57.25447929614835
12.209090909090909,74.77272727272727,58.17551476757395
12.209090909090909,75.78181818181817,59.09739527509309
12.209090909090909,76.79090909090908,60.0201012016267
12.209090909090909,77.8,60.94361364171447
12.209090909090909,78.8090909090909,61.86791436672484
12.209090909090909,79.81818181818181,62.79298579219092
12.209090909090909,80.82727272727271,63.718810947116935
12.209090909090909,81.83636363636363,64.64537344511355
12.209090909090909,82.84545454545453,65.57265745723171
12.209090909090909,83.85454545454544,66.50064768637571
12.209090909090909,84.86363636363636,67.42932934318567
12.209090909090909,85.87272727272726,68.35868812328872
12.209090909090909,86.88181818181818,69.28871018582596
12.209090909090909,87.89090909090908,70.2193821331696
12.209090909090909,88.89999999999999,71.15069099175153
12.209090909090909,89.90909090909089,72.08262419393037
12.209090909090909,90.91818181818181,73.01516956082978
12.209090909090909,91.92727272727272,73.94831528608579
12.209090909090909,92.93636363636362,74.88204992044534
12.209090909090909,93.94545454545454,75.81636235716327
12.209090909090909,94.95454545454544,76.75124181814725
12.209090909090909,95.96363636363635,77.68667784080567
12.209090909090909,96.97272727272727,78.6226602655555
12.209090909090909,97.98181818181817,79.5591792239501
12.209090909090909,98.99090909090908,80.49622512739082
12.209090909090909,100.0,81.4337886563874
13.218181818181817,0.1,1.1748793887847138e-05
13.218181818181817,1.1090909090909091,0.015376523301351419
13.218181818181817,2.118181818181818,0.09703725650369675
13.218181818181817,3.1272727272727274,0.27322971005384233
13.218181818181817,4.136363636363636,0.5445930943178385
13.218181818181817,5.145454545454545,0.899590206141839
13.218181818181817,6.154545454545454,1.3244131060108995
13.218181818181817,7.163636363636363,1.806720253792686
13.218181818181817,8.172727272727272,2.3364442188099197
13.218181818181817,9.181818181818182,2.905613018566408
13.218181818181817,10.19090909090909,3.5079480880481846
13.218181818181817,11.2,4.138480334913513
13.218181818181817,12.209090909090909,4.793240647307692
13.218181818181817,13.218181818181817,5.469024263719086
13.218181818181817,14.227272727272727,6.163214755513068
13.218181818181817,15.236363636363635,6.873652919615475
13.218181818181817,16.245454545454546,7.598538673161249
13.218181818181817,17.254545454545454,8.336357043542428
13.218181818181817,18.263636363636365,9.085821790738484
13.218181818181817,19.272727272727273,9.845832017366515
13.218181818181817,20.28181818181818,10.615438428628204
13.218181818181817,21.290909090909093,11.393816831384742
13.218181818181817,22.3,12.180247117935222
13.218181818181817,23.30909090909091,12.974096446387957
13.218181818181817,24.31818181818182,13.774805662966314
13.218181818181817,25.327272727272728,14.581878251958212
13.218181818181817,26.336363636363636,15.394871273817214
13.218181818181817,27.345454545454544,16.213387880201633
13.218181818181817,28.354545454545455,17.03707108973927
13.218181818181817,29.363636363636363,17.865598579296236
13.218181818181817,30.37272727272727,18.698678299042307
13.218181818181817,31.381818181818183,19.536044760286018
13.218181818181817,32.39090909090909,20.377455876229586
13.218181818181817,33.4,21.22269025987301
13.218181818181817,34.40909090909091,22.07154490203218
13.218181818181817,35.418181818181814,22.9238331671176
13.218181818181817,36.42727272727273,23.77938305590264
13.218181818181817,37.43636363636364,24.638035693707465
13.218181818181817,38.445454545454545,25.49964400977185
13.218181818181817,39.45454545454545,26.364071579494464
13.218181818181817,40.46363636363636,27.231191605988027
13.218181818181817,41.47272727272727,28.10088602127549
13.218181818181817,42.481818181818184,28.973044690618373
13.218181818181817,43.49090909090909,29.84756470606531
13.218181818181817,44.5,30.724349757450785
13.218181818181817,45.50909090909091,31.603309570846484
13.218181818181817,46.518181818181816,32.484359405943174
13.218181818181817,47.527272727272724,33.36741960506673
13.218181818181817,48.53636363636364,34.252415187583566
13.218181818181817,49.54545454545455,35.13927548428488
13.218181818181817,50.554545454545455,36.02793380710793
13.218181818181817,51.56363636363636,36.91832715015276
13.218181818181817,52.57272727272727,37.81039591848865
13.218181818181817,53.58181818181818,38.70408368169411
13.218181818181817,54.590909090909086,39.599336949460415
13.218181818181817,55.6,40.49610496691931
13.218181818181817,56.60909090909091,41.39433952764082
13.218181818181817,57.61818181818182,42.293994802492726
13.218181818181817,58.627272727272725,43.195027182766545
13.218181818181817,59.63636363636363,44.09739513615847
13.218181818181817,60.64545454545454,45.00105907435585
13.218181818181817,61.654545454545456,45.90598123111824
13.218181818181817,62.663636363636364,46.8121255498653
13.218181818181817,63.67272727272727,47.71945757989078
13.218181818181817,64.68181818181817,48.627944380415904
13.218181818181817,65.69090909090909,49.53755443177788
13.218181818181817,66.69999999999999,50.448257553122566
13.218181818181817,67.7090909090909,51.36002482603471
13.218181818181817,68.7181818181818,52.27282852359577
13.218181818181817,69.72727272727272,53.186642044410334
13.218181818181817,70.73636363636362,54.101439851186434
13.218181818181817,71.74545454545454,55.01719741349593
13.218181818181817,72.75454545454545,55.933891154375175
13.218181818181817,73.76363636363635,56.85149840045977
13.218181818181817,74.77272727272727,57.769997335373894
13.218181818181817,75.78181818181817,58.689366956121425
13.218181818181817,76.79090909090908,59.6095870322479
13.218181818181817,77.8,60.530638067563615
13.218181818181817,78.8090909090909,61.45250126423594
13.218181818181817,79.81818181818181,62.375158489076185
13.218181818181817,80.82727272727271,63.29859224186033
13.218181818181817,81.83636363636363,64.2227856255378
13.218181818181817,82.84545454545453,65.14772231819337
13.218181818181817,83.85454545454544,66.07338654663924
13.218181818181817,84.86363636363636,66.99976306152396
13.218181818181817,85.87272727272726,67.92683711385412
13.218181818181817,86.88181818181818,68.854594432833
13.218181818181817,87.89090909090908,69.78302120492765
13.218181818181817,88.89999999999999,70.7121040540835
13.218181818181817,89.90909090909089,71.64183002301054
13.218181818181817,90.91818181818181,72.57218655547244
13.218181818181817,91.92727272727272,73.50316147951371
13.218181818181817,92.93636363636362,74.43474299156567
13.218181818181817,93.94545454545454,75.36691964137643
13.218181818181817,94.95454545454544,76.29968031771307
13.218181818181817,95.96363636363635,77.23301423478942
13.218181818181817,96.97272727272727,78.16691091937469
13.218181818181817,97.98181818181817,79.10136019854264
13.218181818181817,98.99090909090908,80.03635218802273
13.218181818181817,100.0,80.97187728111813
14.227272727272727,0.1,1.0915765622863344e-05
14.227272727272727,1.1090909090909091,0.01432708240287982
14.227272727272727,2.118181818181818,0.09096919422348829
14.227272727272727,3.1272727272727274,0.25794958111163774
14.227272727272727,4.136363636363636,0.5175022877697181
14.227272727272727,5.145454545454545,0.8596152223979313
14.227272727272727,6.154545454545454,1.271421724712847
14.227272727272727,7.163636363636363,1.7410594568740203
14.227272727272727,8.172727272727272,2.2586705727394434
14.227272727272727,9.181818181818182,2.8163524277642336
14.227272727272727,10.19090909090909,3.407827380438268
14.227272727272727,11.2,4.028096112072178
14.227272727272727,12.209090909090909,4.673146891631029
14.227272727272727,13.218181818181817,5.339729165809238
14.227272727272727,14.227272727272727,6.0251819074585065
14.227272727272727,15.236363636363635,6.727304416980026
14.227272727272727,16.245454545454546,7.444258893584247
14.227272727272727,17.254545454545454,8.174496498184688
14.227272727272727,18.263636363636365,8.91670076782947
14.227272727272727,19.272727272727273,9.669743902562276
14.227272727272727,20.28181818181818,10.432652670351672
14.227272727272727,21.290909090909093,11.204581559903538
14.227272727272727,22.3,11.984791445114606
14.227272727272727,23.30909090909091,12.772632479660244
14.227272727272727,24.31818181818182,13.567530267834648
14.227272727272727,25.327272727272728,14.368974595360813
14.227272727272727,26.336363636363636,15.176510177531876
14.227272727272727,27.345454545454544,15.989729010003874
14.227272727272727,28.354545454545455,16.80826400265539
14.227272727272727,29.363636363636363,17.63178364820192
14.227272727272727,30.37272727272727,18.459987531117175
14.227272727272727,31.381818181818183,19.292602523451535
14.227272727272727,32.39090909090909,20.129379545649634
14.227272727272727,33.4,20.970090794848627
14.227272727272727,34.40909090909091,21.8145273621366
14.227272727272727,35.418181818181814,22.662497175157526
14.227272727272727,36.42727272727273,23.51382321422407
14.227272727272727,37.43636363636364,24.368341959458572
14.227272727272727,38.445454545454545,25.2259020339672
14.227272727272727,39.45454545454545,26.08636301407175
14.227272727272727,40.46363636363636,26.949594382492194
14.227272727272727,41.47272727272727,27.81547460433111
14.227272727272727,42.481818181818184,28.683890308945227
14.227272727272727,43.49090909090909,29.554735563444687
14.227272727272727,44.5,30.427911225751338
14.227272727272727,45.50909090909091,31.30332436696123
14.227272727272727,46.518181818181816,32.180887754267545
14.227272727272727,47.527272727272724,33.0605193869596
14.227272727272727,48.53636363636364,33.94214207907396
14.227272727272727,49.54545454545455,34.825683083156406
14.227272727272727,50.554545454545455,35.71107375036639
14.227272727272727,51.56363636363636,36.59824922275851
14.227272727272727,52.57272727272727,37.48714815415279
14.227272727272727,53.58181818181818,38.3777124564471
14.227272727272727,54.590909090909086,39.269887068628314
14.227272727272727,55.6,40.16361974607752
14.227272727272727,56.60909090909091,41.05886086805711
14.227272727272727,57.61818181818182,41.95556326152066
14.227272727272727,58.627272727272725,42.853682039604514
14.227272727272727,59.63636363636363,43.75317445335002
14.227272727272727,60.64545454545454,44.653999755370556
14.227272727272727,61.654545454545456,45.55611907432094
14.227272727272727,62.663636363636364,46.459495299152884
14.227272727272727,63.67272727272727,47.364092972250326
14.227272727272727,64.68181818181817,48.2698781906349
14.227272727272727,65.69090909090909,49.17681851451739
14.227272727272727,66.69999999999999,50.08488288254518
14.227272727272727,67.7090909090909,50.994041533163
14.227272727272727,68.7181818181818,51.904265931561916
14.227272727272727,69.72727272727272,52.815528701744164
14.227272727272727,70.73636363636362,53.727803563276964
14.227272727272727,71.74545454545454,54.64106527235036
14.227272727272727,72.75454545454545,55.55528956678963
14.227272727272727,73.76363636363635,56.470453114706594
14.227272727272727,74.77272727272727,57.38653346650251
14.227272727272727,75.78181818181817,58.303509009961786
14.227272727272727,76.79090909090908,59.22135892819946
14.227272727272727,77.8,60.140063160245575
14.227272727272727,78.8090909090909,61.05960236406982
14.227272727272727,79.81818181818181,61.979957881865786
14.227272727272727,80.82727272727271,62.90111170742984
14.227272727272727,81.83636363636363,63.82304645548441
14.227272727272727,82.84545454545453,64.74574533280656
14.227272727272727,83.85454545454544,65.66919211103543
14.227272727272727,84.86363636363636,66.59337110104167
14.227272727272727,85.87272727272726,67.51826712875196
14.227272727272727,86.88181818181818,68.44386551232958
14.227272727272727,87.89090909090908,69.37015204062028
14.227272727272727,88.89999999999999,70.2971129527796
14.227272727272727,89.90909090909089,71.22473491900415
14.227272727272727,90.91818181818181,72.15300502229532
14.227272727272727,91.92727272727272,73.08191074118929
14.227272727272727,92.93636363636362,74.01143993339207
14.227272727272727,93.94545454545454,74.94158082026287
14.227272727272727,94.95454545454544,75.87232197209295
14.227272727272727,95.96363636363635,76.8036522941316
14.227272727272727,96.97272727272727,77.73556101331336
14.227272727272727,97.98181818181817,78.66803766564472
14.227272727272727,98.99090909090908,79.60107208421083
14.227272727272727,100.0,80.5346543877659
15.236363636363635,0.1,1.0193045076050411e-05
15.236363636363635,1.1090909090909091,0.013411795368993932
15.236363636363635,2.118181818181818,0.08561874595495068
15.236363636363635,3.1272727272727274,0.2443156552115418
15.236363636363635,4.136363636363636,0.49307865284832475
15.236363636363635,5.145454545454545,0.8232753052406738
15.236363636363635,6.154545454545454,1.2229344972320981
15.236363636363635,7.163636363636363,1.6806721497698245
15.236363636363635,8.172727272727272,2.186852881553571
15.236363636363635,9.181818181818182,2.7336581149244252
15.236363636363635,10.19090909090909,3.3148240689267383
15.236363636363635,11.2,3.925331683375386
15.236363636363635,12.209090909090909,4.561134884935015
15.236363636363635,13.218181818181817,5.218943831005905
15.236363636363635,14.227272727272727,5.896058028340369
15.236363636363635,15.236363636363635,6.59023936805924
15.236363636363635,16.245454545454546,7.299615621145248
15.236363636363635,17.254545454545454,8.022606759346935
15.236363636363635,18.263636363636365,8.757868299630358
15.236363636363635,19.272727272727273,9.504247370933696
15.236363636363635,20.28181818181818,10.260748341678255
15.236363636363635,21.290909090909093,11.026505685261744
15.236363636363635,22.3,11.800762370400268
15.236363636363635,23.30909090909091,12.582852504963281
15.236363636363635,24.31818181818182,13.37218728276006
15.236363636363635,25.327272727272728,14.168243516867651
15.236363636363635,26.336363636363636,14.970554215082212
15.236363636363635,27.345454545454544,15.778700780357985
15.236363636363635,28.354545454545455,16.592306514030977
15.236363636363635,29.363636363636363,17.411031170992175
15.236363636363635,30.37272727272727,18.23456637005353
15.236363636363635,31.381818181818183,19.06263170404396
15.236363636363635,32.39090909090909,19.894971425944775
15.236363636363635,33.4,20.731351611996992
15.236363636363635,34.40909090909091,21.571557721930546
15.236363636363635,35.418181818181814,22.415392491565463
15.236363636363635,36.42727272727273,23.262674104976394
15.236363636363635,37.43636363636364,24.113234602914492
15.236363636363635,38.445454545454545,24.966918491786494
15.236363636363635,39.45454545454545,25.8235815236143
15.236363636363635,40.46363636363636,26.6830896223541
15.236363636363635,41.47272727272727,27.545317935986525
15.236363636363635,42.481818181818184,28.410149997086013
15.236363636363635,43.49090909090909,29.277476977286227
15.236363636363635,44.5,30.147197023293806
15.236363636363635,45.50909090909091,31.019214663955687
15.236363636363635,46.518181818181816,31.893440279427207
15.236363636363635,47.527272727272724,32.76978962477766
15.236363636363635,48.53636363636364,33.6481834014518
15.236363636363635,49.54545454545455,34.52854687091408
15.236363636363635,50.554545454545455,35.410809505576545
15.236363636363635,51.56363636363636,36.29490467275386
15.236363636363635,52.57272727272727,37.18076934796665
15.236363636363635,53.58181818181818,38.06834385435238
15.236363636363635,54.590909090909086,38.95757162538404
15.236363636363635,55.6,39.848398988424094
15.236363636363635,56.60909090909091,40.74077496694771
15.236363636363635,57.61818181818182,41.63465109952761
15.236363636363635,58.627272727272725,42.52998127389665
15.236363636363635,59.63636363636363,43.42672157459872
15.236363636363635,60.64545454545454,44.324830142908226
15.236363636363635,61.654545454545456,45.22426704784551
15.236363636363635,62.663636363636364,46.12499416724453
15.236363636363635,63.67272727272727,47.02697507794273
15.236363636363635,64.68181818181817,47.93017495426162
15.236363636363635,65.69090909090909,48.83456047403413
15.236363636363635,66.69999999999999,49.74009973151173
15.236363636363635,67.7090909090909,50.646762156552505
15.236363636363635,68.7181818181818,51.55451843955102
15.236363636363635,69.72727272727272,52.463340461624746
15.236363636363635,70.73636363636362,53.37320122961868
15.236363636363635,71.74545454545454,54.284074815532556
15.236363636363635,72.75454545454545,55.19593630001182
15.236363636363635,73.76363636363635,56.10876171957774
15.236363636363635,74.77272727272727,57.02252801730207
15.236363636363635,75.78181818181817,57.93721299665774
15.236363636363635,76.79090909090908,58.85279527830216
15.236363636363635,77.8,59.76925425957086
15.236363636363635,78.8090909090909,60.68657007647841
15.236363636363635,79.81818181818181,61.604723568041926
15.236363636363635,80.82727272727271,62.52369624275726
15.236363636363635,81.83636363636363,63.44347024707321
15.236363636363635,82.84545454545453,64.36402833572134
15.236363636363635,83.85454545454544,65.28535384377126
15.236363636363635,84.86363636363636,66.20743066029094
15.236363636363635,85.87272727272726,67.13024320350286
15.236363636363635,86.88181818181818,68.05377639733364
15.236363636363635,87.89090909090908,68.97801564926398
15.236363636363635,88.89999999999999,69.90294682939324
15.236363636363635,89.90909090909089,70.82855625063816
15.236363636363635,90.91818181818181,71.75483064999294
15.236363636363635,91.92727272727272,72.68175717078242
15.236363636363635,92.93636363636362,73.60932334584543
15.236363636363635,93.94545454545454,74.53751708158974
15.236363636363635,94.95454545454544,75.46632664286517
15.236363636363635,95.96363636363635,76.39574063860391
15.236363636363635,96.97272727272727,77.32574800818186
15.236363636363635,97.98181818181817,78.25633800845783
15.236363636363635,98.99090909090908,79.18750020144977
15.236363636363635,100.0,80.11922444261099
16.245454545454546,0.1,9.56008275688808e-06
16.245454545454546,1.1090909090909091,0.012606474341104448
16.245454545454546,2.118181818181818,0.0808652248449538
16.245454545454546,3.1272727272727274,0.23207179486219082
16.245454545454546,4.136363636363636,0.47093466200612927
16.245454545454546,5.145454545454545,0.7900702086506316
16.245454545454546,6.154545454545454,1.1783566874766658
16.245454545454546,7.163636363636363,1.6248834310377473
16.245454545454546,8.172727272727272,2.1202468134255743
16.245454545454546,9.181818181818182,2.6567244017495746
16.245454545454546,10.19090909090909,3.228077349887226
16.245454545454546,11.2,3.8292760306593174
16.245454545454546,12.209090909090909,4.456247365884987
16.245454545454546,13.218181818181817,5.105668035964775
16.245454545454546,14.227272727272727,5.774802694056669
16.245454545454546,15.236363636363635,6.461379508370062
16.245454545454546,16.245454545454546,7.163494795697205
16.245454545454546,17.254545454545454,7.8795397627094586
16.245454545454546,18.263636363636365,8.608143902651065
16.245454545454546,19.272727272727273,9.348130934011657
16.245454545454546,20.28181818181818,10.098484220261433
16.245454545454546,21.290909090909093,10.858319401129977
16.245454545454546,22.3,11.626862549687898
16.245454545454546,23.30909090909091,12.403432597146725
16.245454545454546,24.31818181818182,13.187427080449375
16.245454545454546,25.327272727272728,13.978310497777578
16.245454545454546,26.336363636363636,14.775604727003627
16.245454545454546,27.345454545454544,15.578881088404332
16.245454545454546,28.354545454545455,16.387753727496108
16.245454545454546,29.363636363636363,17.20187406514663
16.245454545454546,30.37272727272727,18.020926116287605
16.245454545454546,31.381818181818183,18.844622520013132
16.245454545454546,32.39090909090909,19.672701155812067
16.245454545454546,33.4,20.504922245498516
16.245454545454546,34.40909090909091,21.341065859803347
16.245454545454546,35.418181818181814,22.180929763852305
16.245454545454546,36.42727272727273,23.02432754784233
16.245454545454546,37.43636363636364,23.871086998854818
16.245454545454546,38.445454545454545,24.721048677459255
16.245454545454546,39.45454545454545,25.574064668975762
16.245454545454546,40.46363636363636,26.42999748430029
16.245454545454546,41.47272727272727,27.288719089295835
16.245454545454546,42.481818181818184,28.150110045106743
16.245454545454546,43.49090909090909,29.014058744510812
16.245454545454546,44.5,29.880460731700794
16.245454545454546,45.50909090909091,30.749218094774786
16.245454545454546,46.518181818181816,31.620238921787983
16.245454545454546,47.527272727272724,32.49343681253263
16.245454545454546,48.53636363636364,33.36873043931672
16.245454545454546,49.54545454545455,34.24604315094151
16.245454545454546,50.554545454545455,35.125302614863806
16.245454545454546,51.56363636363636,36.00644049319452
16.245454545454546,52.57272727272727,36.88939214875537
16.245454545454546,53.58181818181818,37.774096377890494
16.245454545454546,54.590909090909086,38.66049516716701
16.245454545454546,55.6,39.548533471418814
16.245454545454546,56.60909090909091,40.43815901092981
16.245454545454546,57.61818181818182,41.32932208579676
16.245454545454546,58.627272727272725,42.22197540574816
16.245454545454546,59.63636363636363,43.11607393389317
16.245454545454546,60.64545454545454,44.01157474304865
16.245454545454546,61.654545454545456,44.90843688344265
16.245454545454546,62.663636363636364,45.80662126072519
16.245454545454546,63.67272727272727,46.70609052333283
16.245454545454546,64.68181818181817,47.606808958354904
16.245454545454546,65.69090909090909,48.50874239513916
16.245454545454546,66.69999999999999,49.41185811595286
16.245454545454546,67.7090909090909,50.316124773085456
16.245454545454546,68.7181818181818,51.221512311840186
16.245454545454546,69.72727272727272,52.12799189891726
16.245454545454546,70.73636363636362,53.035535855738786
16.245454545454546,71.74545454545454,53.944117596310136
16.245454545454546,72.75454545454545,54.85371156924959
16.245454545454546,73.76363636363635,55.764293203653736
16.245454545454546,74.77272727272727,56.675838858495815
16.245454545454546,75.78181818181817,57.588325775282456
16.245454545454546,76.79090909090908,58.5017320337187
16.245454545454546,77.8,59.41603651015302
16.245454545454546,78.8090909090909,60.331218838595156
16.245454545454546,79.81818181818181,61.247259374116005
16.245454545454546,80.82727272727271,62.16413915845625
16.245454545454546,81.83636363636363,63.081839887684666
16.245454545454546,82.84545454545453,64.00034388176013
16.245454545454546,83.85454545454544,64.91963405586372
16.245454545454546,84.86363636363636,65.83969389337774
16.245454545454546,85.87272727272726,66.76050742039895
16.245454545454546,86.88181818181818,67.68205918168171
16.245454545454546,87.89090909090908,68.60433421791522
16.245454545454546,88.89999999999999,69.52731804424664
16.245454545454546,89.90909090909089,70.45099662996793
16.245454545454546,90.91818181818181,71.37535637929183
16.245454545454546,91.92727272727272,72.3003841131462
16.245454545454546,92.93636363636362,73.2260670519231
16.245454545454546,93.94545454545454,74.15239279912204
16.245454545454546,94.95454545454544,75.07934932583234
16.245454545454546,95.96363636363635,76.00692495600295
16.245454545454546,96.97272727272727,76.93510835245198
16.245454545454546,97.98181818181817,77.86388850357125
16.245454545454546,98.99090909090908,78.79325471068503
16.245454545454546,100.0,79.72319657602392
17.254545454545454,0.1,9.001135029059278e-06
17.254545454545454,1.1090909090909091,0.011892418400443422
17.254545454545454,2.118181818181818,0.07661366256420989
17.254545454545454,3.1272727272727274,0.22101301137586324
17.254545454545454,4.136363636363636,0.4507562707493422
17.254545454545454,5.145454545454545,0.759591129105809
17.254545454545454,6.154545454545454,1.137199590082604
17.254545454545454,7.163636363636363,1.5731366799191622
17.254545454545454,8.172727272727272,2.0582369290280123
17.254545454545454,9.181818181818182,2.584883919659142
17.254545454545454,10.19090909090909,3.146873237813232
17.254545454545454,11.2,3.739172745212739
17.254545454545454,12.209090909090909,4.357688891213927
17.254545454545454,13.218181818181817,4.999070099210524
17.254545454545454,14.227272727272727,5.660550335130318
17.254545454545454,15.236363636363635,6.339827386918231
17.254545454545454,16.245454545454546,7.034968820872995
17.254545454545454,17.254545454545454,7.7443392860898035
17.254545454545454,18.263636363636365,8.466544072072496
17.254545454545454,19.272727272727273,9.200385001801244
17.254545454545454,20.28181818181818,9.9448257064669
17.254545454545454,21.290909090909093,10.698964070604754
17.254545454545454,22.3,11.462010193008705
17.254545454545454,23.30909090909091,12.233268621362768
17.254545454545454,24.31818181818182,13.012123923297926
17.254545454545454,25.327272727272728,13.798028882026825
17.254545454545454,26.336363636363636,14.590494772132153
17.254545454545454,27.345454545454544,15.389083296101811
17.254545454545454,28.354545454545455,16.193399856148687
17.254545454545454,29.363636363636363,17.0030879069275
17.254545454545454,30.37272727272727,17.817824188910468
17.254545454545454,31.381818181818183,18.63731468372682
17.254545454545454,32.39090909090909,19.461291164865276
17.254545454545454,33.4,20.289508242100815
17.254545454545454,34.40909090909091,21.121740817550986
17.254545454545454,35.418181818181814,21.95778188666609
17.254545454545454,36.42727272727273,22.797440629666657
17.254545454545454,37.43636363636364,23.640540748677964
17.254545454545454,38.445454545454545,24.486919013621105
17.254545454545454,39.45454545454545,25.336423986217913
17.254545454545454,40.46363636363636,26.188914896573397
17.254545454545454,41.47272727272727,27.0442606509595
17.254545454545454,42.481818181818184,27.902338952830448
17.254545454545454,43.49090909090909,28.763035521901852
17.254545454545454,44.5,29.626243398440806
17.254545454545454,45.50909090909091,30.49186232183511
17.254545454545454,46.518181818181816,31.359798174110225
17.254545454545454,47.527272727272724,32.22996248040134
17.254545454545454,48.53636363636364,33.10227195951191
17.254545454545454,49.54545454545455,33.97664811863727
17.254545454545454,50.554545454545455,34.85301688713292
17.254545454545454,51.56363636363636,35.73130828488716
17.254545454545454,52.57272727272727,36.611456121435324
17.254545454545454,53.58181818181818,37.49339772244777
17.254545454545454,54.590909090909086,38.37707368064819
17.254545454545454,55.6,39.2624276285743
17.254545454545454,56.60909090909091,40.149406030928
17.254545454545454,57.61818181818182,41.037957994496814
17.254545454545454,58.627272727272725,41.928035093898444
17.254545454545454,59.63636363636363,42.819591211581816
17.254545454545454,60.64545454545454,43.71258239070254
17.254545454545454,61.654545454545456,44.60696669964394
17.254545454545454,62.663636363636364,45.50270410708937
17.254545454545454,63.67272727272727,46.399756366670786
17.254545454545454,64.68181818181817,47.29808691032132
17.254545454545454,65.69090909090909,48.19766074955188
17.254545454545454,66.69999999999999,49.09844438395194
17.254545454545454,67.7090909090909,50.00040571628613
17.254545454545454,68.7181818181818,50.90351397362106
17.254545454545454,69.72727272727272,51.80773963397308
17.254545454545454,70.73636363636362,52.71305435801697
17.254545454545454,71.74545454545454,53.619430925440064
17.254545454545454,72.75454545454545,54.52684317556537
17.254545454545454,73.76363636363635,55.435265951902856
17.254545454545454,74.77272727272727,56.34467505031939
17.254545454545454,75.78181818181817,57.25504717054548
17.254545454545454,76.79090909090908,58.16635987076344
17.254545454545454,77.8,59.07859152504288
17.254545454545454,78.8090909090909,59.991721283411266
17.254545454545454,79.81818181818181,60.90572903436442
17.254545454545454,80.82727272727271,61.82059536963935
17.254545454545454,81.83636363636363,62.736301551086626
17.254545454545454,82.84545454545453,63.65282947949262
17.254545454545454,83.85454545454544,64.57016166521488
17.254545454545454,84.86363636363636,65.48828120050467
17.254545454545454,85.87272727272726,66.40717173340073
17.254545454545454,86.88181818181818,67.32681744308806
17.254545454545454,87.89090909090908,68.24720301662308
17.254545454545454,88.89999999999999,69.16831362693502
17.254545454545454,89.90909090909089,70.09013491201968
17.254545454545454,90.91818181818181,71.0126529552483
17.254545454545454,91.92727272727272,71.93585426672011
17.254545454545454,92.93636363636362,72.85972576559269
17.254545454545454,93.94545454545454,73.78425476332819
17.254545454545454,94.95454545454544,74.70942894779934
17.254545454545454,95.96363636363635,75.63523636820194
17.254545454545454,96.97272727272727,76.56166542072502
17.254545454545454,97.98181818181817,77.48870483493334
17.254545454545454,98.99090909090908,78.41634366081956
17.254545454545454,100.0,79.34457125648676
18.263636363636365,0.1,8.503936798838043e-06
18.263636363636365,1.1090909090909091,0.011254940756780338
18.263636363636365,2.118181818181818,0.07278828434881743
18.263636363636365,3.1272727272727274,0.21097317570307603
18.263636363636365,4.136363636363636,0.43228594002098275
18.263636363636365,5.145454545454545,0.7315000968541385
18.263636363636365,6.154545454545454,1.0990569985445366
18.263636363636365,7.163636363636363,1.524967561585867
18.263636363636365,8.172727272727272,2.0003085395210354
18.263636363636365,9.181818181818182,2.5175775506918217
18.263636363636365,10.19090909090909,3.0706127656674513
18.263636363636365,11.2,3.6543866282327633
18.263636363636365,12.209090909090909,4.264790951625562
18.263636363636365,13.218181818181817,4.8984506091824835
18.263636363636365,14.227272727272727,5.5525726593893845
18.263636363636365,15.236363636363635,6.224827554891822
18.263636363636365,16.245454545454546,6.913256581283598
18.263636363636365,17.254545454545454,7.616199850400317
18.263636363636365,18.263636363636365,8.332240115735564
18.263636363636365,19.272727272727273,9.060158694063436
18.263636363636365,20.28181818181818,9.798900651963955
18.263636363636365,21.290909090909093,10.547547108495962
18.263636363636365,22.3,11.305293033766572
18.263636363636365,23.30909090909091,12.071429319782297
18.263636363636365,24.31818181818182,12.845328195728268
18.263636363636365,25.327272727272728,13.626431280191577
18.263636363636365,26.336363636363636,14.414239727448914
18.263636363636365,27.345454545454544,15.20830604843241
18.263636363636365,28.354545454545455,16.00822728015136
18.263636363636365,29.363636363636363,16.813639248065385
18.263636363636365,30.37272727272727,17.624211719933136
18.263636363636365,31.381818181818183,18.43964429121277
18.263636363636365,32.39090909090909,19.259662874258115
18.263636363636365,33.4,20.084016688620814
18.263636363636365,34.40909090909091,20.912475669425543
18.263636363636365,35.418181818181814,21.744828226296022
18.263636363636365,36.42727272727273,22.580879297622268
18.263636363636365,37.43636363636364,23.420448654790654
18.263636363636365,38.445454545454545,24.263369418891084
18.263636363636365,39.45454545454545,25.109486758787252
18.263636363636365,40.46363636363636,25.95865674460563
18.263636363636365,41.47272727272727,26.81074533491467
18.263636363636365,42.481818181818184,27.665627479319035
18.263636363636365,43.49090909090909,28.523186321037137
18.263636363636365,44.5,29.383312486380046
18.263636363636365,45.50909090909091,30.245903450001048
18.263636363636365,46.518181818181816,31.11086296641151
18.263636363636365,47.527272727272724,31.978100559619858
18.263636363636365,48.53636363636364,32.847531063893676
18.263636363636365,49.54545454545455,33.71907420960839
18.263636363636365,50.554545454545455,34.592654248961985
18.263636363636365,51.56363636363636,35.46819961702642
18.263636363636365,52.57272727272727,36.345642624196174
18.263636363636365,53.58181818181818,37.22491917659799
18.263636363636365,54.590909090909086,38.10596852145546
18.263636363636365,55.6,38.988733014776095
18.263636363636365,56.60909090909091,39.87315790903869
18.263636363636365,57.61818181818182,40.75919115885667
18.263636363636365,58.627272727272725,41.64678324279636
18.263636363636365,59.63636363636363,42.5358869997719
18.263636363636365,60.64545454545454,43.42645747859814
18.263636363636365,61.654545454545456,44.318451799447296
18.263636363636365,62.663636363636364,45.21182902609151
18.263636363636365,63.67272727272727,46.106550047935045
18.263636363636365,64.68181818181817,47.00257747094528
18.263636363636365,65.69090909090909,47.89987551668498
18.263636363636365,66.69999999999999,48.79840992873101
18.263636363636365,67.7090909090909,49.6981478858374
18.263636363636365,68.7181818181818,50.59905792126428
18.263636363636365,69.72727272727272,51.50110984775264
18.263636363636365,70.73636363636362,52.40427468767417
18.263636363636365,71.74545454545454,53.308524607932014
18.263636363636365,72.75454545454545,54.2138328592271
18.263636363636365,73.76363636363635,55.12017371934196
18.263636363636365,74.77272727272727,56.027522440125345
18.263636363636365,75.78181818181817,56.935855197889595
18.263636363636365,76.79090909090908,57.84514904695973
18.263636363636365,77.8,58.755381876134635
18.263636363636365,78.8090909090909,59.666532367843445
18.263636363636365,79.81818181818181,60.57857995979768
18.263636363636365,80.82727272727271,61.4915048089573
18.263636363636365,81.83636363636363,62.40528775764447
18.263636363636365,82.84545454545453,63.31991030165155
18.263636363636365,83.85454545454544,64.23535456020402
18.263636363636365,84.86363636363636,65.15160324764882
18.263636363636365,85.87272727272726,66.06863964675046
18.263636363636365,86.88181818181818,66.9864475834852
18.263636363636365,87.89090909090908,67.90501140323319
18.263636363636365,88.89999999999999,68.82431594827615
18.263636363636365,89.90909090909089,69.74434653651466
18.263636363636365,90.91818181818181,70.66508894132622
18.263636363636365,91.92727272727272,71.58652937249093
18.263636363636365,92.93636363636362,72.50865445811736
18.263636363636365,93.94545454545454,73.43145122750555
18.263636363636365,94.95454545454544,74.35490709488913
18.263636363636365,95.96363636363635,75.2790098440029
18.263636363636365,96.97272727272727,76.20374761342515
18.263636363636365,97.98181818181817,77.12910888264884
18.263636363636365,98.99090909090908,78.05508245883777
18.263636363636365,100.0,78.98165746422765
19.272727272727273,0.1,8.058791078931645e-06
19.272727272727273,1.1090909090909091,0.010682346288910655
19.272727272727273,2.118181818181818,0.0693278799163454
19.272727272727273,3.1272727272727274,0.2018161401973127
19.272727272727273,4.136363636363636,0.41531023269596007
19.272727272727273,5.145454545454545,0.7055148254927107
19.272727272727273,6.154545454545454,1.0635878448783864
19.272727272727273,7.163636363636363,1.4799848089630647
19.272727272727273,8.172727272727272,1.9460268718264804
19.272727272727273,9.181818181818182,2.454332151619826
19.272727272727273,10.19090909090909,2.9987884019053337
19.272727272727273,11.2,3.574378907291446
19.272727272727273,12.209090909090909,4.1769860748833345
19.272727272727273,13.218181818181817,4.80321548691771
19.272727272727273,14.227272727272727,5.450250736423284
19.272727272727273,15.236363636363635,6.115737725642786
19.272727272727273,16.245454545454546,6.797693725049576
19.272727272727273,17.254545454545454,7.494436166283526
19.272727272727273,18.263636363636365,8.20452680191639
19.272727272727273,19.272727272727273,8.92672772248561
19.272727272727273,20.28181818181818,9.659966506346828
19.272727272727273,21.290909090909093,10.403308419719197
19.272727272727273,22.3,11.155934083862302
19.272727272727273,23.30909090909091,11.917121406361396
19.272727272727273,24.31818181818182,12.686230859714392
19.272727272727273,25.327272727272728,13.462693405304043
19.272727272727273,26.336363636363636,14.246000522321483
19.272727272727273,27.345454545454544,15.035695922953492
19.272727272727273,28.354545454545455,15.831368627363876
19.272727272727273,29.363636363636363,16.63264714223708
19.272727272727273,30.37272727272727,17.439194540469554
19.272727272727273,31.381818181818183,18.250704281086026
19.272727272727273,32.39090909090909,19.06689664064884
19.272727272727273,33.4,19.88751565255922
19.272727272727273,34.40909090909091,20.71232647038972
19.272727272727273,35.418181818181814,21.541113086986115
19.272727272727273,36.42727272727273,22.373676353476476
19.272727272727273,37.43636363636364,23.20983225223609
19.272727272727273,38.445454545454545,24.04941038582312
19.272727272727273,39.45454545454545,24.892252650335994
19.272727272727273,40.46363636363636,25.738212066870624
19.272727272727273,41.47272727272727,26.587151749020645
19.272727272727273,42.481818181818184,27.438943987861073
19.272727272727273,43.49090909090909,28.29346943873615
19.272727272727273,44.5,29.15061639655457
19.272727272727273,45.50909090909091,30.010280148274234
19.272727272727273,46.518181818181816,30.872362392909185
19.272727272727273,47.527272727272724,31.736770720773382
19.272727272727273,48.53636363636364,32.603418144836674
19.272727272727273,49.54545454545455,33.47222267804813
19.272727272727273,50.554545454545455,34.34310695131003
19.272727272727273,51.56363636363636,35.21599786749004
19.272727272727273,52.57272727272727,36.09082628745768
19.272727272727273,53.58181818181818,36.96752674464396
19.272727272727273,54.590909090909086,37.846037185061626
19.272727272727273,55.6,38.72629873010015
19.272727272727273,56.60909090909091,39.608255459735176
19.272727272727273,57.61818181818182,40.491854214073975
19.272727272727273,58.627272727272725,41.377044411394294
19.272727272727273,59.63636363636363,42.26377788106685
19.272727272727273,60.64545454545454,43.15200870990008
19.272727272727273,61.654545454545456,44.04169310064198
19.272727272727273,62.663636363636364,44.93278924149282
19.272727272727273,63.67272727272727,45.825257185612664
19.272727272727273,64.68181818181817,46.71905873971513
19.272727272727273,65.69090909090909,47.61415736093333
19.272727272727273,66.69999999999999,48.510518061228574
19.272727272727273,67.7090909090909,49.40810731868604
19.272727272727273,68.7181818181818,50.30689299510777
19.272727272727273,69.72727272727272,51.2068442593713
19.272727272727273,70.73636363636362,52.10793151607374
19.272727272727273,71.74545454545454,53.010126339028275
19.272727272727273,72.75454545454545,53.9134014092196
19.272727272727273,73.76363636363635,54.81773045686287
19.272727272727273,74.77272727272727,55.72308820724267
19.272727272727273,75.78181818181817,56.629450330038345
19.272727272727273,76.79090909090908,57.53679339186845
19.272727272727273,77.8,58.44509481181008
19.272727272727273,78.8090909090909,59.35433281967148
19.272727272727273,79.81818181818181,60.26448641681419
19.272727272727273,80.82727272727271,61.175535339339056
19.272727272727273,81.83636363636363,62.087460023466164
19.272727272727273,82.84545454545453,63.00024157295233
19.272727272727273,83.85454545454544,63.91386172840341
19.272727272727273,84.86363636363636,64.82830283834959
19.272727272727273,85.87272727272726,65.74354783196283
19.272727272727273,86.88181818181818,66.65958019330537
19.272727272727273,87.89090909090908,67.57638393700604
19.272727272727273,88.89999999999999,68.49394358527066
19.272727272727273,89.90909090909089,69.41224414613818
19.272727272727273,90.91818181818181,70.3312710929028
19.272727272727273,91.92727272727272,71.2510103446265
19.272727272727273,92.93636363636362,72.17144824767358
19.272727272727273,93.94545454545454,73.09257155820265
19.272727272727273,94.95454545454544,74.01436742555687
19.272727272727273,95.96363636363635,74.93682337649754
19.272727272727273,96.97272727272727,75.8599273002293
19.272727272727273,97.98181818181817,76.78366743416987
19.272727272727273,98.99090909090908,77.7080323504199
19.272727272727273,100.0,78.63301094289139
20.28181818181818,0.1,7.65793027409256e-06
20.28181818181818,1.1090909090909091,0.010165206531945591
20.28181818181818,2.118181818181818,0.06618245575266946
20.28181818181818,3.1272727272727274,0.193429207664079
20.28181818181818,4.136363636363636,0.3996505899927699
20.28181818181818,5.145454545454545,0.6813973760786822
20.28181818181818,6.154545454545454,1.0305031644904128
20.28181818181818,7.163636363636363,1.4378557618669914
20.28181818181818,8.172727272727272,1.8950213695565317
20.28181818181818,9.181818181818182,2.3947437525996396
20.28181818181818,10.19090909090909,2.9309662504295453
20.28181818181818,11.2,3.4986885196848316
20.28181818181818,12.209090909090909,4.093788259592545
20.28181818181818,13.218181818181817,4.712855626291817
20.28181818181818,14.227272727272727,5.353053891964365
20.28181818181818,15.236363636363635,6.012006964390733
20.28181818181818,16.245454545454546,6.687710184827444
20.28181818181818,17.254545454545454,7.378460018253964
20.28181818181818,18.263636363636365,8.082798634905734
20.28181818181818,19.272727272727273,8.799470083118766
20.28181818181818,20.28181818181818,9.527385449395748
20.28181818181818,21.290909090909093,10.26559499224982
20.28181818181818,22.3,11.013265706402663
20.28181818181818,23.30909090909091,11.769663136797048
20.28181818181818,24.31818181818182,12.53413653810181
20.28181818181818,25.327272727272728,13.306106684444972
20.28181818181818,26.336363636363636,14.085055792205129
20.28181818181818,27.345454545454544,14.870519138490131
20.28181818181818,28.354545454545455,15.66207804905517
20.28181818181818,29.363636363636363,16.459353999059196
20.28181818181818,30.37272727272727,17.262003623581123
20.28181818181818,31.381818181818183,18.06971447618684
20.28181818181818,32.39090909090909,18.882201406004285
20.28181818181818,33.4,19.699203448923747
20.28181818181818,34.40909090909091,20.52048114833675
20.28181818181818,35.418181818181814,21.345814236493503
20.28181818181818,36.42727272727273,22.174999620028316
20.28181818181818,37.43636363636364,23.007849623181006
20.28181818181818,38.445454545454545,23.844190450271597
20.28181818181818,39.45454545454545,24.683860835478622
20.28181818181818,40.46363636363636,25.526710853249146
20.28181818181818,41.47272727272727,26.37260086697876
20.28181818181818,42.481818181818184,27.221400597136096
20.28181818181818,43.49090909090909,28.072988292920993
20.28181818181818,44.5,28.927249993957638
20.28181818181818,45.50909090909091,29.784078870528745
20.28181818181818,46.518181818181816,30.64337463252953
20.28181818181818,47.527272727272724,31.50504299872168
20.28181818181818,48.53636363636364,32.368995219045075
20.28181818181818,49.54545454545455,33.23514764373889
20.28181818181818,50.554545454545455,34.10342133386506
20.28181818181818,51.56363636363636,34.9737417085415
20.28181818181818,52.57272727272727,35.84603822480133
20.28181818181818,53.58181818181818,36.72024408651463
20.28181818181818,54.590909090909086,37.59629597925535
20.28181818181818,55.6,38.474133828379195
20.28181818181818,56.60909090909091,39.35370057790958
20.28181818181818,57.61818181818182,40.23494198811242
20.28181818181818,58.627272727272725,41.11780644989086
20.28181818181818,59.63636363636363,42.002244814344714
20.28181818181818,60.64545454545454,42.888210236020754
20.28181818181818,61.654545454545456,43.77565802856428
20.28181818181818,62.663636363636364,44.66454553158981
20.28181818181818,63.67272727272727,45.554831987749864
20.28181818181818,64.68181818181817,46.446478429069366
20.28181818181818,65.69090909090909,47.33944757171724
20.28181818181818,66.69999999999999,48.23370371847128
20.28181818181818,67.7090909090909,49.12921266820828
20.28181818181818,68.7181818181818,50.0259416318174
20.28181818181818,69.72727272727272,50.92385915399554
20.28181818181818,70.73636363636362,51.82293504043457
20.28181818181818,71.74545454545454,52.72314028995901
20.28181818181818,72.75454545454545,53.624447031212696
20.28181818181818,73.76363636363635,54.526828463532155
20.28181818181818,74.77272727272727,55.43025880167683
20.28181818181818,75.78181818181817,56.33471322411635
20.28181818181818,76.79090909090908,57.24016782460224
20.28181818181818,77.8,58.1465995667755
20.28181818181818,78.8090909090909,59.05398624158332
20.28181818181818,79.81818181818181,59.96230642729726
20.28181818181818,80.82727272727271,60.87153945194396
20.28181818181818,81.83636363636363,61.7816653579742
20.28181818181818,82.84545454545453,62.69266486901153
20.28181818181818,83.85454545454544,63.60451935853438
20.28181818181818,84.86363636363636,64.5172108203572
20.28181818181818,85.87272727272726,65.43072184078768
20.28181818181818,86.88181818181818,66.34503557234608
20.28181818181818,87.89090909090908,67.26013570894199
20.28181818181818,88.89999999999999,68.17600646241239
20.28181818181818,89.90909090909089,69.09263254033124
20.28181818181818,90.91818181818181,70.00999912500868
20.28181818181818,91.92727272727272,70.9280918536034
20.28181818181818,92.93636363636362,71.84689679927783
20.28181818181818,93.94545454545454,72.76640045333058
20.28181818181818,94.95454545454544,73.6865897082456
20.28181818181818,95.96363636363635,74.60745184160201
20.28181818181818,96.97272727272727,75.52897450079183
20.28181818181818,97.98181818181817,76.45114568849766
20.28181818181818,98.99090909090908,77.3739537488848
20.28181818181818,100.0,78.29738735446561
21.290909090909093,0.1,7.295060059703574e-06
21.290909090909093,1.1090909090909091,0.009695835805461427
21.290909090909093,2.118181818181818,0.06331077230089116
21.290909090909093,3.1272727272727274,0.18571824926299596
21.290909090909093,4.136363636363636,0.38515636392728536
21.290909090909093,5.145454545454545,0.6589455416847125
21.290909090909093,6.154545454545454,0.9995561544704044
21.290909090909093,7.163636363636363,1.3982953143955341
21.290909090909093,8.172727272727272,1.8469736773579342
21.290909090909093,9.181818181818182,2.3384646854090274
21.290909090909093,10.19090909090909,2.8667724039723907
21.290909090909093,11.2,3.4269177551900607
21.290909090909093,12.209090909090909,4.0147779596761675
21.290909090909093,13.218181818181817,4.626931263891199
21.290909090909093,14.227272727272727,5.260523500284495
21.290909090909093,15.236363636363635,5.9131589351799185
21.290909090909093,16.245454545454546,6.58281290731165
21.290909090909093,17.254545454545454,7.267762501444213
21.290909090909093,18.263636363636365,7.966531620990634
21.290909090909093,19.272727272727273,8.677847371324868
21.290909090909093,20.28181818181818,9.400605272808727
21.290909090909093,21.290909090909093,10.133841361826185
21.290909090909093,22.3,10.876709678156104
21.290909090909093,23.30909090909091,11.628463982295633
21.290909090909093,24.31818181818182,12.388442812181369
21.290909090909093,25.327272727272728,13.15605719167526
21.290909090909093,26.336363636363636,13.930780457652622
21.290909090909093,27.345454545454544,14.712139790202633
21.290909090909093,28.354545454545455,15.499709120345695
21.290909090909093,29.363636363636363,16.29310315862682
21.290909090909093,30.37272727272727,17.091972341096426
21.290909090909093,31.381818181818183,17.895998530379746
21.290909090909093,32.39090909090909,18.704891341634532
21.290909090909093,33.4,19.518384988352622
21.290909090909093,34.40909090909091,20.336235562787664
21.290909090909093,35.418181818181814,21.15821868150606
21.290909090909093,36.42727272727273,21.984127439082325
21.290909090909093,37.43636363636364,22.81377062299476
21.290909090909093,38.445454545454545,23.646971150860207
21.290909090909093,39.45454545454545,24.483564697689285
21.290909090909093,40.46363636363636,25.323398486166344
21.290909090909093,41.47272727272727,26.16633021730882
21.290909090909093,42.481818181818184,27.012227122432176
21.290909090909093,43.49090909090909,27.860965120292875
21.290909090909093,44.5,28.71242806572066
21.290909090909093,45.50909090909091,29.56650707808058
21.290909090909093,46.518181818181816,30.4230999395983
21.290909090909093,47.527272727272724,31.282110555001395
21.290909090909093,48.53636363636364,32.143448465123114
21.290909090909093,49.54545454545455,33.00702840812196
21.290909090909093,50.554545454545455,33.8727699228241
21.290909090909093,51.56363636363636,34.74059698941983
21.290909090909093,52.57272727272727,35.61043770336357
21.290909090909093,53.58181818181818,36.48222397885462
21.290909090909093,54.590909090909086,37.35589127872887
21.290909090909093,55.6,38.231378367981236
21.290909090909093,56.60909090909091,39.108627088473675
21.290909090909093,57.61818181818182,39.98758215267492
21.290909090909093,58.627272727272725,40.868190954528224
21.290909090909093,59.63636363636363,41.75040339576281
21.290909090909093,60.64545454545454,42.63417172615646
21.290909090909093,61.654545454545456,43.51945039641464
21.290909090909093,62.663636363636364,44.406195922498945
21.290909090909093,63.67272727272727,45.294366760329545
21.290909090909093,64.68181818181817,46.18392318993361
21.290909090909093,65.69090909090909,47.07482720818915
21.290909090909093,66.69999999999999,47.967042429407805
21.290909090909093,67.7090909090909,48.860533993075926
21.290909090909093,68.7181818181818,49.75526847814146
21.290909090909093,69.72727272727272,50.651213823294555
21.290909090909093,70.73636363636362,51.54833925274335
21.290909090909093,71.74545454545454,52.44661520703477
21.290909090909093,72.75454545454545,53.34601327851167
21.290909090909093,73.76363636363635,54.246506151037124
21.290909090909093,74.77272727272727,55.148067543649695
21.290909090909093,75.78181818181817,56.05067215784423
21.290909090909093,76.79090909090908,56.95429562820085
21.290909090909093,77.8,57.858914476107955
21.290909090909093,78.8090909090909,58.76450606634909
21.290909090909093,79.81818181818181,59.671048566341625
21.290909090909093,80.82727272727271,60.578520907834466
21.290909090909093,81.83636363636363,61.48690275088794
21.290909090909093,82.84545454545453,62.39617444997336
21.290909090909093,83.85454545454544,63.306317022043835
21.290909090909093,84.86363636363636,64.21731211643898
21.290909090909093,85.87272727272726,65.12914198649854
21.290909090909093,86.88181818181818,66.04178946276818
21.290909090909093,87.89090909090908,66.95523792769175
21.290909090909093,88.89999999999999,67.86947129169069
21.290909090909093,89.90909090909089,68.78447397054025
21.290909090909093,90.91818181818181,69.7002308639585
21.290909090909093,91.92727272727272,70.61672733533004
21.290909090909093,92.93636363636362,71.53394919249317
21.290909090909093,93.94545454545454,72.45188266952324
21.290909090909093,94.95454545454544,73.3705144094507
21.290909090909093,95.96363636363635,74.28983144785668
21.290909090909093,96.97272727272727,75.2098211972923
21.290909090909093,97.98181818181817,76.13047143247267
21.290909090909093,98.99090909090908,77.05177027619952
21.290909090909093,100.0,77.97370618596908
22.3,0.1,6.965022344865524e-06
22.3,1.1090909090909091,0.009267906243995086
22.3,2.118181818181818,0.06067850411872402
22.3,3.1272727272727274,0.17860400204757934
22.3,4.136363636363636,0.37169947952600696
22.3,5.145454545454545,0.6379862074438121
22.3,6.154545454545454,0.9705344846239923
22.3,7.163636363636363,1.3610573485467594
22.3,8.172727272727272,1.8016083151954403
22.3,9.181818181818182,2.285193583652448
22.3,10.19090909090909,2.8058823348288646
22.3,11.2,3.358721088268419
22.3,12.209090909090909,3.939590399482518
22.3,13.218181818181817,4.545059811543309
22.3,14.227272727272727,5.1722603634550355
22.3,15.236363636363635,5.8187788521327075
22.3,16.245454545454546,6.482572398533871
22.3,17.254545454545454,7.161900180401377
22.3,18.263636363636365,7.8552690580585605
22.3,19.272727272727273,8.561390217712507
22.3,20.28181818181818,9.27914447648378
22.3,21.290909090909093,10.00755438130596
22.3,22.3,10.745761643602288
22.3,23.30909090909091,11.493008778972547
22.3,24.31818181818182,12.248624076254595
22.3,25.327272727272728,13.012009216842518
22.3,26.336363636363636,13.782629015782243
22.3,27.345454545454544,14.560002871553232
22.3,28.354545454545455,15.3436975999885
22.3,29.363636363636363,16.13332139595655
22.3,30.37272727272727,16.928518719141223
22.3,31.381818181818183,17.728965941213154
22.3,32.39090909090909,18.53436762367726
22.3,33.4,19.344453320802053
22.3,34.40909090909091,20.158974821870423
22.3,35.418181818181814,20.977703762736176
22.3,36.42727272727273,21.800429549235655
22.3,37.43636363636364,22.62695754508331
22.3,38.445454545454545,23.45710748500805
22.3,39.45454545454545,24.290712080472723
22.3,40.46363636363636,25.127615790681233
22.3,41.47272727272727,25.967673735964507
22.3,42.481818181818184,26.81075073423975
22.3,43.49090909090909,27.656720444212034
22.3,44.5,28.505464601451514
22.3,45.50909090909091,29.35687233553019
22.3,46.518181818181816,30.210839558114476
22.3,47.527272727272724,31.067268413346145
22.3,48.53636363636364,31.926066783051866
22.3,49.54545454545455,32.787147840342115
22.3,50.554545454545455,33.65042964602381
22.3,51.56363636363636,34.515834782985976
22.3,52.57272727272727,35.38329002434393
22.3,53.58181818181818,36.25272603166258
22.3,54.590909090909086,37.12407708003906
22.3,55.6,37.99728080721995
22.3,56.60909090909091,38.872277984268685
22.3,57.61818181818182,39.74901230559359
22.3,58.627272727272725,40.6274301964022
22.3,59.63636363636363,41.507480635869975
22.3,60.64545454545454,42.38911499450294
22.3,61.654545454545456,43.27228688434564
22.3,62.663636363636364,44.156952020831625
22.3,63.67272727272727,45.043068095197754
22.3,64.68181818181817,45.93059465651806
22.3,65.69090909090909,46.81949300247788
22.3,66.69999999999999,47.70972607813271
22.3,67.7090909090909,48.60125838195343
22.3,68.7181818181818,49.49405587853538
22.3,69.72727272727272,50.38808591740987
22.3,70.73636363636362,51.283317157450554
22.3,71.74545454545454,52.17971949641643
22.3,72.75454545454545,53.077264005215916
22.3,73.76363636363635,53.975922866515845
22.3,74.77272727272727,54.87566931735336
22.3,75.78181818181817,55.77647759543983
22.3,76.79090909090908,56.67832288887432
22.3,77.8,57.58118128900806
22.3,78.8090909090909,58.48502974622528
22.3,79.81818181818181,59.38984602842498
22.3,80.82727272727271,60.29560868200679
22.3,81.83636363636363,61.20229699518146
22.3,82.84545454545453,62.10989096344003
22.3,83.85454545454544,63.01837125703064
22.3,84.86363636363636,63.92771919030351
22.3,85.87272727272726,64.83791669279613
22.3,86.88181818181818,65.74894628194055
22.3,87.89090909090908,66.66079103728427
22.3,88.89999999999999,67.57343457612455
22.3,89.90909090909089,68.48686103046319
22.3,90.91818181818181,69.40105502519691
22.3,91.92727272727272,70.31600165746352
22.3,92.93636363636362,71.23168647707114
22.3,93.94545454545454,72.14809546794258
22.3,94.95454545454544,73.0652150305113
22.3,95.96363636363635,73.98303196501158
22.3,96.97272727272727,74.90153345560783
22.3,97.98181818181817,75.82070705531281
22.3,98.99090909090908,76.74054067164822
22.3,100.0,77.66102255300319
23.30909090909091,0.1,6.663554724669165e-06
23.30909090909091,1.1090909090909091,0.008876160572943674
23.30909090909091,2.118181818181818,0.05825684625379053
23.30909090909091,3.1272727272727274,0.17201922441232212
23.30909090909091,4.136363636363636,0.35917029356933183
23.30909090909091,5.145454545454545,0.6183701684617324
23.30909090909091,6.154545454545454,0.9432542757410521
23.30909090909091,7.163636363636363,1.3259280110091565
23.30909090909091,8.172727272727272,1.7586853490388497
23.30909090909091,9.181818181818182,2.2346675161280127
23.30909090909091,10.19090909090909,2.7480125428999176
23.30909090909091,11.2,3.293796381687754
23.30909090909091,12.209090909090909,3.8679063661871766
23.30909090909091,13.218181818181817,4.466906265115761
23.30909090909091,14.227272727272727,5.087914759961958
23.30909090909091,15.236363636363635,5.728503188049735
23.30909090909091,16.245454545454546,6.386612110039945
23.30909090909091,17.254545454545454,7.060484168348323
23.30909090909091,18.263636363636365,7.748610321736746
23.30909090909091,19.272727272727273,8.44968679351922
23.30909090909091,20.28181818181818,9.162580504303326
23.30909090909091,21.290909090909093,9.886301196983627
23.30909090909091,22.3,10.61997884102879
23.30909090909091,23.30909090909091,11.362845212206556
23.30909090909091,24.31818181818182,12.114218788053318
23.30909090909091,25.327272727272728,12.87349228928337
23.30909090909091,26.336363636363636,13.640122343958009
23.30909090909091,27.345454545454544,14.413620864194888
23.30909090909091,28.354545454545455,15.193547812282059
23.30909090909091,29.363636363636363,15.979505100365781
23.30909090909091,30.37272727272727,16.771131420090338
23.30909090909091,31.381818181818183,17.568097839245453
23.30909090909091,32.39090909090909,18.37010403432306
23.30909090909091,33.4,19.176875052943704
23.30909090909091,34.40909090909091,19.988158519932
23.30909090909091,35.418181818181814,20.80372221657859
23.30909090909091,36.42727272727273,21.623351975218387
23.30909090909091,37.43636363636364,22.446849841369577
23.30909090909091,38.445454545454545,23.27403246384224
23.30909090909091,39.45454545454545,24.104729679847946
23.30909090909091,40.46363636363636,24.93878326753806
23.30909090909091,41.47272727272727,25.776045842816917
23.30909090909091,42.481818181818184,26.61637988090827
23.30909090909091,43.49090909090909,27.45965684615371
23.30909090909091,44.5,28.30575641600864
23.30909090909091,45.50909090909091,29.15456578727243
23.30909090909091,46.518181818181816,30.00597905431952
23.30909090909091,47.527272727272724,30.85989665054975
23.30909090909091,48.53636363636364,31.716224845497877
23.30909090909091,49.54545454545455,32.574875291074335
23.30909090909091,50.554545454545455,33.43576461128367
23.30909090909091,51.56363636363636,34.298814030511
23.30909090909091,52.57272727272727,35.16394903610053
23.30909090909091,53.58181818181818,36.03109907149339
23.30909090909091,54.590909090909086,36.900197256656355
23.30909090909091,55.6,37.77118013293481
23.30909090909091,56.60909090909091,38.64398742980705
23.30909090909091,57.61818181818182,39.518561851317315
23.30909090909091,58.627272727272725,40.39484888022271
23.30909090909091,59.63636363636363,41.272796598114745
23.30909090909091,60.64545454545454,42.152355519973064
23.30909090909091,61.654545454545456,43.03347844177845
23.30909090909091,62.663636363636364,43.91612029996386
23.30909090909091,63.67272727272727,44.80023804161405
23.30909090909091,64.68181818181817,45.68579050443252
23.30909090909091,65.69090909090909,46.572738305618124
23.30909090909091,66.69999999999999,47.46104373884742
23.30909090909091,67.7090909090909,48.3506706786744
23.30909090909091,68.7181818181818,49.241584491707634
23.30909090909091,69.72727272727272,50.13375195399507
23.30909090909091,70.73636363636362,51.02714117410011
23.30909090909091,71.74545454545454,51.92172152140359
23.30909090909091,72.75454545454545,52.81746355920862
23.30909090909091,73.76363636363635,53.71433898226587
23.30909090909091,74.77272727272727,54.61232055837159
23.30909090909091,75.78181818181817,55.51138207372214
23.30909090909091,76.79090909090908,56.411498281737536
23.30909090909091,77.8,57.31264485509136
23.30909090909091,78.8090909090909,58.214798340708064
23.30909090909091,79.81818181818181,59.11793611750872
23.30909090909091,80.82727272727271,60.02203635670494
23.30909090909091,81.83636363636363,60.92707798445816
23.30909090909091,82.84545454545453,61.83304064673588
23.30909090909091,83.85454545454544,62.73990467621091
23.30909090909091,84.86363636363636,63.647651061061744
23.30909090909091,85.87272727272726,64.5562614155438
23.30909090909091,86.88181818181818,65.46571795221189
23.30909090909091,87.89090909090908,66.37600345568244
23.30909090909091,88.89999999999999,67.28710125783475
23.30909090909091,89.90909090909089,68.19899521435592
23.30909090909091,90.91818181818181,69.11166968254327
23.30909090909091,91.92727272727272,70.02510950028308
23.30909090909091,92.93636363636362,70.93929996613174
23.30909090909091,93.94545454545454,71.85422682042982
23.30909090909091,94.95454545454544,72.76987622738514
23.30909090909091,95.96363636363635,73.68623475806544
23.30909090909091,96.97272727272727,74.60328937424535
23.30909090909091,97.98181818181817,75.52102741305639
23.30909090909091,98.99090909090908,76.4394365723924
23.30909090909091,100.0,77.35850489702543
24.31818181818182,0.1,6.387101304182986e-06
24.31818181818182,1.1090909090909091,0.00851619484680954
24.31818181818182,2.118181818181818,0.05602144524714177
24.31818181818182,3.1272727272727274,0.1659064847969554
24.31818181818182,4.136363636363636,0.34747434469072574
24.31818181818182,5.145454545454545,0.599968039379438
24.31818181818182,6.154545454545454,0.9175553298471205
24.31818181818182,7.163636363636363,1.2927203764113255
24.31818181818182,8.172727272727272,1.7179945649332664
24.31818181818182,9.181818181818182,2.186655727805565
24.31818181818182,10.19090909090909,2.69291390588619
24.31818181818182,11.2,3.231877879137208
24.31818181818182,12.209090909090909,3.79944487173024
24.31818181818182,13.218181818181817,4.3921755581168025
24.31818181818182,14.227272727272727,5.007178508892482
24.31818181818182,15.236363636363635,5.642011465463523
24.31818181818182,16.245454545454546,6.294599971000321
24.31818181818182,17.254545454545454,6.963171412851802
24.31818181818182,18.263636363636365,7.6462019157318295
24.31818181818182,19.272727272727273,8.34237363558107
24.31818181818182,20.28181818181818,9.050540352717864
24.31818181818182,21.290909090909093,9.76969964894206
24.31818181818182,22.3,10.498970302090322
24.31818181818182,23.30909090909091,11.237573822227159
24.31818181818182,24.31818181818182,11.98481928663461
24.31818181818182,25.327272727272728,12.740090813829756
24.31818181818182,26.336363636363636,13.502837159290321
24.31818181818182,27.345454545454544,14.272563025975051
24.31818181818182,28.354545454545455,15.048821768251367
24.31818181818182,29.363636363636363,15.831209234205025
24.31818181818182,30.37272727272727,16.6193585429543
24.31818181818182,31.381818181818183,17.412935633944073
24.31818181818182,32.39090909090909,18.211635456862503
24.31818181818182,33.4,19.01517869579233
24.31818181818182,34.40909090909091,19.82330894099377
24.31818181818182,35.418181818181814,20.6357902374706
24.31818181818182,36.42727272727273,21.452404952079505
24.31818181818182,37.43636363636364,22.272951911081986
24.31818181818182,38.445454545454545,23.09724476823266
24.31818181818182,39.45454545454545,23.925110570149748
24.31818181818182,40.46363636363636,24.75638849114069
24.31818181818182,41.47272727272727,25.590928714101434
24.31818181818182,42.481818181818184,26.428591437766553
24.31818181818182,43.49090909090909,27.269245993610188
24.31818181818182,44.5,28.11277005820642
24.31818181818182,45.50909090909091,28.959048948946386
24.31818181818182,46.518181818181816,29.807974992756655
24.31818181818182,47.527272727272724,30.6594469589289
24.31818181818182,48.53636363636364,31.51336954840561
24.31818181818182,49.54545454545455,32.36965293290957
24.31818181818182,50.554545454545455,33.22821233818926
24.31818181818182,51.56363636363636,34.08896766640448
24.31818181818182,52.57272727272727,34.951843153318286
24.31818181818182,53.58181818181818,35.81676705651021
24.31818181818182,54.590909090909086,36.683671371297294
24.31818181818182,55.6,37.55249157145449
24.31818181818182,56.60909090909091,38.42316637217614
24.31818181818182,57.61818181818182,39.29563751302278
24.31818181818182,58.627272727272725,40.16984955886006
24.31818181818182,59.63636363636363,41.045749717024535
24.31818181818182,60.64545454545454,41.923287669150184
24.31818181818182,61.654545454545456,42.80241541626327
24.31818181818182,62.663636363636364,43.68308713590479
24.31818181818182,63.67272727272727,44.56525905017296
24.31818181818182,64.68181818181817,45.44888930369663
24.31818181818182,65.69090909090909,46.33393785065334
24.31818181818182,66.69999999999999,47.22036635003038
24.31818181818182,67.7090909090909,48.10813806842955
24.31818181818182,68.7181818181818,48.997217789751026
24.31818181818182,69.72727272727272,49.88757173119209
24.31818181818182,70.73636363636362,50.77916746502999
24.31818181818182,71.74545454545454,51.671973845716884
24.31818181818182,72.75454545454545,52.56596094185726
24.31818181818182,73.76363636363635,53.46109997267919
24.31818181818182,74.77272727272727,54.357363248646
24.31818181818182,75.78181818181817,55.254724115887065
24.31818181818182,76.79090909090908,56.153156904155544
24.31818181818182,77.8,57.0526368780461
24.31818181818182,78.8090909090909,57.95314019122978
24.31818181818182,79.81818181818181,58.85464384348315
24.31818181818182,80.82727272727271,59.757125640308935
24.31818181818182,81.83636363636363,60.660564154961335
24.31818181818182,82.84545454545453,61.56493869270546
24.31818181818182,83.85454545454544,62.470229257154365
24.31818181818182,84.86363636363636,63.376416518538974
24.31818181818182,85.87272727272726,64.28348178377922
24.31818181818182,86.88181818181818,65.19140696823385
24.31818181818182,87.89090909090908,66.10017456901659
24.31818181818182,88.89999999999999,67.0097676397752
24.31818181818182,89.90909090909089,67.9201697668373
24.31818181818182,90.91818181818181,68.83136504663499
24.31818181818182,91.92727272727272,69.74333806432567
24.31818181818182,92.93636363636362,70.656073873534
24.31818181818182,93.94545454545454,71.56955797714451
24.31818181818182,94.95454545454544,72.48377630907936
24.31818181818182,95.96363636363635,73.39871521700158
24.31818181818182,96.97272727272727,74.31436144588679
24.31818181818182,97.98181818181817,75.23070212241186
24.31818181818182,98.99090909090908,76.14772474011178
24.31818181818182,100.0,77.06541714525919
25.327272727272728,0.1,6.132672781071883e-06
25.327272727272728,1.1090909090909091,0.008184292039720353
25.327272727272728,2.118181818181818,0.05395156971031127
25.327272727272728,3.1272727272727274,0.1602164241265991
25.327272727272728,4.136363636363636,0.3365297763139708
25.327272727272728,5.145454545454545,0.5826669921576603
25.327272727272728,6.154545454545454,0.8932973130658699
25.327272727272728,7.163636363636363,1.2612701673065188
25.327272727272728,8.172727272727272,1.6793507901870315
25.327272727272728,9.181818181818182,2.140954608394649
25.327272727272728,10.19090909090909,2.640366330002604
25.327272727272728,11.2,3.1727305653164204
25.327272727272728,12.209090909090909,3.7339572442959517
25.327272727272728,13.218181818181817,4.320606402823332
25.327272727272728,14.227272727272727,4.9297785761547965
25.327272727272728,15.236363636363635,5.5590196412251505
25.327272727272728,16.245454545454546,6.206241562724955
25.327272727272728,17.254545454545454,6.86965767044469
25.327272727272728,18.263636363636365,7.547730255604509
25.327272727272728,19.272727272727273,8.239128247361
25.327272727272728,20.28181818181818,8.942692996334118
25.327272727272728,21.290909090909093,9.657410527829395
25.327272727272728,22.3,10.382388945821113
25.327272727272728,23.30909090909091,11.116839940904553
25.327272727272728,24.31818181818182,11.860063577049901
25.327272727272728,25.327272727272728,12.611435708071397
25.327272727272728,26.336363636363636,13.37039751286344
25.327272727272728,27.345454545454544,14.136446746195245
25.327272727272728,28.354545454545455,14.909130385734677
25.327272727272728,29.363636363636363,15.688038421322528
25.327272727272728,30.37272727272727,16.472798583552454
25.327272727272728,31.381818181818183,17.263071848698445
25.327272727272728,32.39090909090909,18.058548588489156
25.327272727272728,33.4,18.858945258084436
25.327272727272728,34.40909090909091,19.664001535340585
25.327272727272728,35.418181818181814,20.4734778401883
25.327272727272728,36.42727272727273,21.287153175559702
25.327272727272728,37.43636363636364,22.104823241456582
25.327272727272728,38.445454545454545,22.926298781967915
25.327272727272728,39.45454545454545,23.75140413172282
25.327272727272728,40.46363636363636,24.57997593371642
25.327272727272728,41.47272727272727,25.41186200491663
25.327272727272728,42.481818181818184,26.24692032974131
25.327272727272728,43.49090909090909,27.08501816453875
25.327272727272728,44.5,27.926031238732282
25.327272727272728,45.50909090909091,28.769843040395415
25.327272727272728,46.518181818181816,29.61634417578607
25.327272727272728,47.527272727272724,30.465431793847735
25.327272727272728,48.53636363636364,31.31700906793159
25.327272727272728,49.54545454545455,32.170984728047166
25.327272727272728,50.554545454545455,33.02727263784305
25.327272727272728,51.56363636363636,33.885791411278625
25.327272727272728,52.57272727272727,34.74646406459763
25.327272727272728,53.58181818181818,35.609217699768855
25.327272727272728,54.590909090909086,36.47398321603634
25.327272727272728,55.6,37.34069504663188
25.327272727272728,56.60909090909091,38.20929091805626
25.327272727272728,57.61818181818182,39.07971162964261
25.327272727272728,58.627272727272725,39.95190085138079
25.327272727272728,59.63636363636363,40.82580493821258
25.327272727272728,60.64545454545454,41.701372759209505
25.327272727272728,61.654545454545456,42.57855554022065
25.327272727272728,62.663636363636364,43.45730671873152
25.327272727272728,63.67272727272727,44.33758180981185
25.327272727272728,64.68181818181817,45.21933828214591
25.327272727272728,65.69090909090909,46.10253544324743
25.327272727272728,66.69999999999999,46.98713433305161
25.327272727272728,67.7090909090909,47.87309762515292
25.327272727272728,68.7181818181818,48.760389535050464
25.327272727272728,69.72727272727272,49.648975734791684
25.327272727272728,70.73636363636362,50.53882327349763
25.327272727272728,71.74545454545454,51.42990050328301
25.327272727272728,72.75454545454545,52.32217701013605
25.327272727272728,73.76363636363635,53.215623549363414
25.327272727272728,74.77272727272727,54.110211985241556
25.327272727272728,75.78181818181817,55.00591523454777
25.327272727272728,76.79090909090908,55.902707213674766
25.327272727272728,77.8,56.80056278905721
25.327272727272728,78.8090909090909,57.699457730663774
25.327272727272728,79.81818181818181,58.59936866832846
25.327272727272728,80.82727272727271,59.50027305071476
25.327272727272728,81.83636363636363,60.40214910672353
25.327272727272728,82.84545454545453,61.30497580917079
25.327272727272728,83.85454545454544,62.208732840576765
25.327272727272728,84.86363636363636,63.11340056091896
25.327272727272728,85.87272727272726,64.01895997721562
25.327272727272728,86.88181818181818,64.92539271481506
25.327272727272728,87.89090909090908,65.83268099027673
25.327272727272728,88.89999999999999,66.74080758573888
25.327272727272728,89.90909090909089,67.64975582467525
25.327272727272728,90.91818181818181,68.55950954895118
25.327272727272728,91.92727272727272,69.47005309709562
25.327272727272728,92.93636363636362,70.38137128371227
25.327272727272728,93.94545454545454,71.29344937995866
25.327272727272728,94.95454545454544,72.20627309502638
25.327272727272728,95.96363636363635,73.11982855856172
25.327272727272728,96.97272727272727,74.0341023039693
25.327272727272728,97.98181818181817,74.94908125254565
25.327272727272728,98.99090909090908,75.86475269839363
25.327272727272728,100.0,76.78110429407131
26.336363636363636,0.1,5.897738038113432e-06
26.336363636363636,1.1090909090909091,0.007877293122286714
26.336363636363636,2.118181818181818,0.0520294599814313
26.336363636363636,3.1272727272727274,0.15490637703928137
26.336363636363636,4.136363636363636,0.32626527361821994
26.336363636363636,5.145454545454545,0.5663681298156781
26.336363636363636,6.154545454545454,0.8703566720342998
26.336363636363636,7.163636363636363,1.231432289284056
26.336363636363636,8.172727272727272,1.6425901003815626
26.336363636363636,9.181818181818182,2.0973836096023972
26.336363636363636,10.19090909090909,2.590174406311677
26.336363636363636,11.2,3.1161455838751837
26.336363636363636,12.209090909090909,3.671222326043806
26.336363636363636,13.218181818181817,4.251966282858993
26.336363636363636,14.227272727272727,4.855471874624638
26.336363636363636,15.236363636363635,5.4792747251435525
26.336363636363636,16.245454545454546,6.121274565301971
26.336363636363636,17.254545454545454,6.7796717896287815
26.336363636363636,18.263636363636365,7.452915795565635
26.336363636363636,19.272727272727273,8.139663076189489
26.336363636363636,20.28181818181818,8.838743221596522
26.336363636363636,21.290909090909093,9.549131270420125
26.336363636363636,22.3,10.269925141035452
26.336363636363636,23.30909090909091,11.000327125534618
26.336363636363636,24.31818181818182,11.739628639697093
26.336363636363636,25.327272727272728,12.487197591139463
26.336363636363636,26.336363636363636,13.242467861533838
26.336363636363636,27.345454545454544,14.004930503757185
26.336363636363636,28.354545454545455,14.774126336986889
26.336363636363636,29.363636363636363,15.549639687034094
26.336363636363636,30.37272727272727,16.33109306957759
26.336363636363636,31.381818181818183,17.118142653544236
26.336363636363636,32.39090909090909,17.910474373100044
26.336363636363636,33.4,18.7078005814361
26.336363636363636,34.40909090909091,19.50985715919357
26.336363636363636,35.418181818181814,20.316401006078515
26.336363636363636,36.42727272727273,21.12720785682303
26.336363636363636,37.43636363636364,21.94207037281238
26.336363636363636,38.445454545454545,22.760796468930067
26.336363636363636,39.45454545454545,23.58320784186953
26.336363636363636,40.46363636363636,24.409138671634302
26.336363636363636,41.47272727272727,25.23843447243975
26.336363636363636,42.481818181818184,26.070951072930768
26.336363636363636,43.49090909090909,26.906553708692652
26.336363636363636,44.5,27.7451162125768
26.336363636363636,45.50909090909091,28.586520290484348
26.336363636363636,46.518181818181816,29.430654872026828
26.336363636363636,47.527272727272724,30.277415526974682
26.336363636363636,48.53636363636364,31.1267039396616
26.336363636363636,49.54545454545455,31.978427434576012
26.336363636363636,50.554545454545455,32.83249854727361
26.336363636363636,51.56363636363636,33.68883463551185
26.336363636363636,52.57272727272727,34.54735752616406
26.336363636363636,53.58181818181818,35.40799319403075
26.336363636363636,54.590909090909086,36.27067146914865
26.336363636363636,55.6,37.13532576961248
26.336363636363636,56.60909090909091,38.00189285728246
26.336363636363636,57.61818181818182,38.87031261406111
26.336363636363636,58.627272727272725,39.74052783669105
26.336363636363636,59.63636363636363,40.612484048260335
26.336363636363636,60.64545454545454,41.48612932480496
26.336363636363636,61.654545454545456,42.361414135577064
26.336363636363636,62.663636363636364,43.23829119570249
26.336363636363636,63.67272727272727,44.1167153300893
26.336363636363636,64.68181818181817,44.99664334756863
26.336363636363636,65.69090909090909,45.87803392435506
26.336363636363636,66.69999999999999,46.760847496007706
26.336363636363636,67.7090909090909,47.645046157156564
26.336363636363636,68.7181818181818,48.530593568331824
26.336363636363636,69.72727272727272,49.417454869292904
26.336363636363636,70.73636363636362,50.305596598332734
26.336363636363636,71.74545454545454,51.194986617049075
26.336363636363636,72.75454545454545,52.085594040155904
26.336363636363636,73.76363636363635,52.977389169928315
26.336363636363636,74.77272727272727,53.870343434917665
26.336363636363636,75.78181818181817,54.76442933260589
26.336363636363636,76.79090909090908,55.65962037569795
26.336363636363636,77.8,56.55589104177703
26.336363636363636,78.8090909090909,57.45321672607238
26.336363636363636,79.81818181818181,58.35157369711004
26.336363636363636,80.82727272727271,59.25093905503696
26.336363636363636,81.83636363636363,60.15129069242654
26.336363636363636,82.84545454545453,61.0526072573893
26.336363636363636,83.85454545454544,61.954868118827044
26.336363636363636,84.86363636363636,62.85805333368207
26.336363636363636,85.87272727272726,63.76214361604475
26.336363636363636,86.88181818181818,64.66712030799349
26.336363636363636,87.89090909090908,65.57296535205136
26.336363636363636,88.89999999999999,66.4796612651523
26.336363636363636,89.90909090909089,67.38719111401807
26.336363636363636,90.91818181818181,68.29553849185476
26.336363636363636,91.92727272727272,69.20468749628434
26.336363636363636,92.93636363636362,70.11462270843302
26.336363636363636,93.94545454545454,71.02532917310413
26.336363636363636,94.95454545454544,71.93679237996805
26.336363636363636,95.96363636363635,72.84899824570711
26.336363636363636,96.97272727272727,73.76193309705722
26.336363636363636,97.98181818181817,74.67558365469267
26.336363636363636,98.99090909090908,75.58993701790382
26.336363636363636,100.0,76.50498065002088
27.345454545454544,0.1,5.680138289713857e-06
27.345454545454544,1.1090909090909091,0.007592496127703908
27.345454545454544,2.118181818181818,0.05023981325866011
27.345454545454544,3.1272727272727274,0.14993926790225565
27.345454545454544,4.136363636363636,0.316618397541601
27.345454545454544,5.145454545454545,0.5509843538433714
27.345454545454544,6.154545454545454,0.8486241213964429
27.345454545454544,7.163636363636363,1.2030780017556106
27.345454545454544,8.172727272727272,1.607566717950363
27.345454545454544,9.181818181818182,2.0557819036076315
27.345454545454544,10.19090909090909,2.542163853192021
27.345454545454544,11.2,3.061936482676505
27.345454545454544,12.209090909090909,3.6110425363123766
27.345454545454544,13.218181818181817,4.186047346860623
27.345454545454544,14.227272727272727,4.784040998841307
27.345454545454544,15.236363636363635,5.4025503647764825
27.345454545454544,16.245454545454546,6.039464200366569
27.345454545454544,17.254545454545454,6.692971018553585
27.345454545454544,18.263636363636365,7.361508207218386
27.345454545454544,19.272727272727273,8.04372056857685
27.345454545454544,20.28181818181818,8.738426563632343
27.345454545454544,21.290909090909093,9.444590782493094
27.345454545454544,22.3,10.161301419341216
27.345454545454544,23.30909090909091,10.887751765746517
27.345454545454544,24.31818181818182,11.623224934580561
27.345454545454544,25.327272727272728,12.367081188513676
27.345454545454544,26.336363636363636,13.118747376245928
27.345454545454544,27.345454545454544,13.877708081741522
27.345454545454544,28.354545454545455,14.643498172090903
27.345454545454544,29.363636363636363,15.41569649277048
27.345454545454544,30.37272727272727,16.193920508733342
27.345454545454544,31.381818181818183,16.97782172890956
27.345454545454544,32.39090909090909,17.76708178264648
27.345454545454544,33.4,18.561409041182454
27.345454545454544,34.40909090909091,19.360535696820044
27.345454545454544,35.418181818181814,20.164215228127464
27.345454545454544,36.42727272727273,20.972220192085924
27.345454545454544,37.43636363636364,21.784340294263767
27.345454545454544,38.445454545454545,22.600380696339805
27.345454545454544,39.45454545454545,23.42016052700942
27.345454545454544,40.46363636363636,24.243511567797718
27.345454545454544,41.47272727272727,25.070277089812592
27.345454545454544,42.481818181818184,25.900310821189585
27.345454545454544,43.49090909090909,26.73347602806014
27.345454545454544,44.5,27.569644694434256
27.345454545454544,45.50909090909091,28.40869678852463
27.345454545454544,46.518181818181816,29.250519604827826
27.345454545454544,47.527272727272724,30.095007172781333
27.345454545454544,48.53636363636364,30.942059724082853
27.345454545454544,49.54545454545455,31.79158321183052
27.345454545454544,50.554545454545455,32.64348887555329
27.345454545454544,51.56363636363636,33.497692846975475
27.345454545454544,52.57272727272727,34.35411579202145
27.345454545454544,53.58181818181818,35.21268258513339
27.345454545454544,54.590909090909086,36.07332201246153
27.345454545454544,55.6,36.93596650090625
27.345454545454544,56.60909090909091,37.80055187035248
27.345454545454544,57.61818181818182,38.66701710675142
27.345454545454544,58.627272727272725,39.53530415397539
27.345454545454544,59.63636363636363,40.40535772260902
27.345454545454544,60.64545454545454,41.277125114046285
27.345454545454544,61.654545454545456,42.150556058442625
27.345454545454544,62.663636363636364,43.0256025652295
27.345454545454544,63.67272727272727,43.90221878503786
27.345454545454544,64.68181818181817,44.78036088199795
27.345454545454544,65.69090909090909,45.65998691549089
27.345454545454544,66.69999999999999,46.54105673052231
27.345454545454544,67.7090909090909,47.42353185597132
27.345454545454544,68.7181818181818,48.30737541004383
27.345454545454544,69.72727272727272,49.192552012325265
27.345454545454544,70.73636363636362,50.079027701879156
27.345454545454544,71.74545454545454,50.96676986091264
27.345454545454544,72.75454545454545,51.8557471435399
27.345454545454544,73.76363636363635,52.74592940925255
27.345454545454544,74.77272727272727,53.63728766072176
27.345454545454544,75.78181818181817,54.52979398559713
27.345454545454544,76.79090909090908,55.4234215019971
27.345454545454544,77.8,56.318144307411494
27.345454545454544,78.8090909090909,57.213937430762684
27.345454545454544,79.81818181818181,58.110776787392034
27.345454545454544,80.82727272727271,59.00863913675933
27.345454545454544,81.83636363636363,59.907502042660454
27.345454545454544,82.84545454545453,60.807343835784145
27.345454545454544,83.85454545454544,61.70814357844447
27.345454545454544,84.86363636363636,62.60988103133765
27.345454545454544,85.87272727272726,63.51253662218504
27.345454545454544,86.88181818181818,64.4160914161346
27.345454545454544,87.89090909090908,65.32052708780273
27.345454545454544,88.89999999999999,66.2258258948485
27.345454545454544,89.90909090909089,67.13197065297972
27.345454545454544,90.91818181818181,68.03894471229833
27.345454545454544,91.92727272727272,68.94673193489919
27.345454545454544,92.93636363636362,69.85531667364332
27.345454545454544,93.94545454545454,70.76468375203159
27.345454545454544,94.95454545454544,71.67481844511107
27.345454545454544,95.96363636363635,72.58570646135048
27.345454545454544,96.97272727272727,73.49733392542599
27.345454545454544,97.98181818181817,74.4096873618628
27.345454545454544,98.99090909090908,75.32275367948156
27.345454545454544,100.0,76.23652015660228
28.354545454545455,0.1,5.478024938476528e-06
28.354545454545455,1.1090909090909091,0.007327576364780972
28.354545454545455,2.118181818181818,0.04856937234292781
28.354545454545455,3.1272727272727274,0.14528271946953777
28.354545454545455,4.136363636363636,0.30753422856790524
28.354545454545455,5.145454545454545,0.5364386187088533
28.354545454545455,6.154545454545454,0.8280025803687028
28.354545454545455,7.163636363636363,1.1760925894696257
28.354545454545455,8.172727272727272,1.574150456116908
28.354545454545455,9.181818181818182,2.0160056264896093
28.354545454545455,10.19090909090909,2.496178579556323
28.354545454545455,11.2,3.009936112611161
28.354545454545455,12.209090909090909,3.553240618743656
28.354545454545455,13.218181818181817,4.122663014407448
28.354545454545455,14.227272727272727,4.71529069858629
28.354545454545455,15.236363636363635,5.328643194240411
28.354545454545455,16.245454545454546,5.960599461729625
28.354545454545455,17.254545454545454,6.609337123252675
28.354545454545455,18.263636363636365,7.273282390538642
28.354545454545455,19.272727272727273,7.951069078532196
28.354545454545455,20.28181818181818,8.641505116048465
28.354545454545455,21.290909090909093,9.343545153858162
28.354545454545455,22.3,10.056268098816323
28.354545454545455,23.30909090909091,10.778858618961314
28.354545454545455,24.31818181818182,11.510591851433581
28.354545454545455,25.327272727272728,12.25082069946984
28.354545454545455,26.336363636363636,12.998965229271585
28.354545454545455,27.345454545454544,13.754503776733339
28.354545454545455,28.354545454545455,14.516965452508684
28.354545454545455,29.363636363636363,15.285923795855304
28.354545454545455,30.37272727272727,16.06099137661545
28.354545454545455,31.381818181818183,16.841815183363238
28.354545454545455,32.39090909090909,17.628072666410645
28.354545454545455,33.4,18.419468328750686
28.354545454545455,34.40909090909091,19.21573077748588
28.354545454545455,35.418181818181814,20.01661016389711
28.354545454545455,36.42727272727273,20.82187595287086
28.354545454545455,37.43636363636364,21.63131497255826
28.354545454545455,38.445454545454545,22.444729703384215
28.354545454545455,39.45454545454545,23.261936772246557
28.354545454545455,40.46363636363636,24.08276562324832
28.354545454545455,41.47272727272727,24.90705734083044
28.354545454545455,42.481818181818184,25.73466360490576
28.354545454545455,43.49090909090909,26.565445760689936
28.354545454545455,44.5,27.39927398849787
28.354545454545455,45.50909090909091,28.23602656092343
28.354545454545455,46.518181818181816,29.075589176620177
28.354545454545455,47.527272727272724,29.9178543614149
28.354545454545455,48.53636363636364,30.762720928762647
28.354545454545455,49.54545454545455,31.610093492632824
28.354545454545455,50.554545454545455,32.45988202683413
28.354545454545455,51.56363636363636,33.31200146556741
28.354545454545455,52.57272727272727,34.16637134066375
28.354545454545455,53.58181818181818,35.02291545153698
28.354545454545455,54.590909090909086,35.88156156437151
28.354545454545455,55.6,36.74224113748971
28.354545454545455,56.60909090909091,37.60488907020887
28.354545454545455,57.61818181818182,38.46944347281439
28.354545454545455,58.627272727272725,39.335845455550725
28.354545454545455,59.63636363636363,40.20403893477074
28.354545454545455,60.64545454545454,41.07397045459285
28.354545454545455,61.654545454545456,41.94558902259754
28.354545454545455,62.663636363636364,42.81884595825424
28.354545454545455,63.67272727272727,43.69369475291038
28.354545454545455,64.68181818181817,44.57009094029714
28.354545454545455,65.69090909090909,45.44799197661523
28.354545454545455,66.69999999999999,46.32735712936005
28.354545454545455,67.7090909090909,47.20814737413104
28.354545454545455,68.7181818181818,48.090325298743295
28.354545454545455,69.72727272727272,48.97385501402929
28.354545454545455,70.73636363636362,49.858702070775216
28.354545454545455,71.74545454545454,50.74483338229249
28.354545454545455,72.75454545454545,51.6322171521632
28.354545454545455,73.76363636363635,52.52082280676364
28.354545454545455,74.77272727272727,53.41062093217097
28.354545454545455,75.78181818181817,54.301583215128026
28.354545454545455,76.79090909090908,55.193682387750535
28.354545454545455,77.8,56.08689217569486
28.354545454545455,78.8090909090909,56.981187249528745
28.354545454545455,79.81818181818181,57.876543179069216
28.354545454545455,80.82727272727271,58.772936390471756
28.354545454545455,81.83636363636363,59.6703441258736
28.354545454545455,82.84545454545453,60.568744405409575
28.354545454545455,83.85454545454544,61.46811599143461
28.354545454545455,84.86363636363636,62.368438354799586
28.354545454545455,85.87272727272726,63.26969164304047
28.354545454545455,86.88181818181818,64.17185665035092
28.354545454545455,87.89090909090908,65.074914789219
28.354545454545455,88.89999999999999,65.97884806361832
28.354545454545455,89.90909090909089,66.8836390436515
28.354545454545455,90.91818181818181,67.78927084155232
28.354545454545455,91.92727272727272,68.6957270889594
28.354545454545455,92.93636363636362,69.60299191538107
28.354545454545455,93.94545454545454,70.51104992777697
28.354545454545455,94.95454545454544,71.41988619118678
28.354545454545455,95.96363636363635,72.32948621034248
28.354545454545455,96.97272727272727,73.23983591220383
28.354545454545455,97.98181818181817,74.15092162936226
28.354545454545455,98.99090909090908,75.06273008426106
28.354545454545455,100.0,75.97524837418428
29.363636363636363,0.1,5.289800756760741e-06
29.363636363636363,1.1090909090909091,0.007080522782603883
29.363636363636363,2.118181818181818,0.047006594423162296
29.363636363636363,3.1272727272727274,0.14090832766273462
29.363636363636363,4.136363636363636,0.29896425447276026
29.363636363636363,5.145454545454545,0.5226624927041381
29.363636363636363,6.154545454545454,0.8084054657107502
29.363636363636363,7.163636363636363,1.1503734321143322
29.363636363636363,8.172727272727272,1.5422245968832615
29.363636363636363,9.181818181818182,1.977925587575617
29.363636363636363,10.19090909090909,2.4520782427727634
29.363636363636363,11.2,2.9599940474777515
29.363636363636363,12.209090909090909,3.497656933868687
29.363636363636363,13.218181818181817,4.061645150170145
29.363636363636363,14.227272727272727,4.64904494205461
29.363636363636363,15.236363636363635,5.257369792789157
29.363636363636363,16.245454545454546,5.8844899749077335
29.363636363636363,17.254545454545454,6.5285731529942925
29.363636363636363,18.263636363636365,7.188035149364078
29.363636363636363,19.272727272727273,7.861499457051956
29.363636363636363,20.28181818181818,8.547764037896245
29.363636363636363,21.290909090909093,9.24577408594831
29.363636363636363,22.3,9.954599635099278
29.363636363636363,23.30909090909091,10.673417087610103
29.363636363636363,24.31818181818182,11.401493915482186
29.363636363636363,25.327272727272728,12.13817593362247
29.363636363636363,26.336363636363636,12.882876663600918
29.363636363636363,27.345454545454544,13.635068402985281
29.363636363636363,28.354545454545455,14.394274691811235
29.363636363636363,29.363636363636363,15.160063928480016
29.363636363636363,30.37272727272727,15.932043935505163
29.363636363636363,31.381818181818183,16.709857313705324
29.363636363636363,32.39090909090909,17.493177453786018
29.363636363636363,33.4,18.28170509844481
29.363636363636363,34.40909090909091,19.075165367487422
29.363636363636363,35.418181818181814,19.873305173981745
29.363636363636363,36.42727272727273,20.67589097200478
29.363636363636363,37.43636363636364,21.482706786678477
29.363636363636363,38.445454545454545,22.293552485432997
29.363636363636363,39.45454545454545,23.10824225616304
29.363636363636363,40.46363636363636,23.926603263456037
29.363636363636363,41.47272727272727,24.74847445860691
29.363636363636363,42.481818181818184,25.573705522880662
29.363636363636363,43.49090909090909,26.402155926591313
29.363636363636363,44.5,27.233694089151562
29.363636363636363,45.50909090909091,28.06819662740763
29.363636363636363,46.518181818181816,28.905547681384938
29.363636363636363,47.527272727272724,29.74563830809387
29.363636363636363,48.53636363636364,30.588365935330362
29.363636363636363,49.54545454545455,31.433633868495434
29.363636363636363,50.554545454545455,32.28135084438243
29.363636363636363,51.56363636363636,33.13143062666881
29.363636363636363,52.57272727272727,33.983791638523144
29.363636363636363,53.58181818181818,34.8383566283145
29.363636363636363,54.590909090909086,35.69505236490816
29.363636363636363,55.6,36.55380935945835
29.363636363636363,56.60909090909091,37.414561610978254
29.363636363636363,57.61818181818182,38.277246373287134
29.363636363636363,58.627272727272725,39.14180394121243
29.363636363636363,59.63636363636363,40.00817745416559
29.363636363636363,60.64545454545454,40.876312715422095
29.363636363636363,61.654545454545456,41.74615802561938
29.363636363636363,62.663636363636364,42.61766402914869
29.363636363636363,63.67272727272727,43.4907835722579
29.363636363636363,64.68181818181817,44.3654715718074
29.363636363636363,65.69090909090909,45.241684893731104
29.363636363636363,66.69999999999999,46.11938224035104
29.363636363636363,67.7090909090909,46.99852404578078
29.363636363636363,68.7181818181818,47.87907237872871
29.363636363636363,69.72727272727272,48.76099085207902
29.363636363636363,70.73636363636362,49.64424453868938
29.363636363636363,71.74545454545454,50.52879989289811
29.363636363636363,72.75454545454545,51.41462467728057
29.363636363636363,73.76363636363635,52.30168789423274
29.363636363636363,74.77272727272727,53.18995972201725
29.363636363636363,75.78181818181817,54.07941145490721
29.363636363636363,76.79090909090908,54.970015447129306
29.363636363636363,77.8,55.861745060313325
29.363636363636363,78.8090909090909,56.75457461418847
29.363636363636363,79.81818181818181,57.64847934028702
29.363636363636363,80.82727272727271,58.54343533843719
29.363636363636363,81.83636363636363,59.43941953584492
29.363636363636363,82.84545454545453,60.33640964858084
29.363636363636363,83.85454545454544,61.234384145304254
29.363636363636363,84.86363636363636,62.13332221306863
29.363636363636363,85.87272727272726,63.03320372506693
29.363636363636363,86.88181818181818,63.9340092101848
29.363636363636363,87.89090909090908,64.83571982424114
29.363636363636363,88.89999999999999,65.73831732280452
29.363636363636363,89.90909090909089,66.64178403548192
29.363636363636363,90.91818181818181,67.5461028415852
29.363636363636363,91.92727272727272,68.45125714708666
29.363636363636363,92.93636363636362,69.35723086278243
29.363636363636363,93.94545454545454,70.264008383588
29.363636363636363,94.95454545454544,71.17157456889564
29.363636363636363,95.96363636363635,72.07991472392885
29.363636363636363,96.97272727272727,72.98901458203319
29.363636363636363,97.98181818181817,73.89886028784733
29.363636363636363,98.99090909090908,74.8094383813021
29.363636363636363,100.0,75.72073578239872
30.37272727272727,0.1,5.114081613871573e-06
30.37272727272727,1.1090909090909091,0.00684958679639214
30.37272727272727,2.118181818181818,0.04554138227778424
30.37272727272727,3.1272727272727274,0.13679106728383916
30.37272727272727,4.136363636363636,0.29086545184955653
30.37272727272727,5.145454545454545,0.5095949632977325
30.37272727272727,6.154545454545454,0.7897552699792542
30.37272727272727,7.163636363636363,1.1258283931199662
30.37272727272727,8.172727272727272,1.5116841174392224
30.37272727272727,9.181818181818182,1.9414253530740748
30.37272727272727,10.19090909090909,2.409736204214663
30.37272727272727,11.2,2.9119744228561117
30.37272727272727,12.209090909090909,3.4441471904492764
30.37272727272727,13.218181818181817,4.002841695248278
30.37272727272727,14.227272727272727,4.585144453516113
30.37272727272727,15.236363636363635,5.188564134213552
30.37272727272727,16.245454545454546,5.810963362958234
30.37272727272727,17.254545454545454,6.450500726674294
30.37272727272727,18.263636363636365,7.105582401999039
30.37272727272727,19.272727272727273,7.774822190202405
30.37272727272727,20.28181818181818,8.4570086221718
30.37272727272727,21.290909090909093,9.151077893401155
30.37272727272727,22.3,9.85609155847829
30.37272727272727,23.30909090909091,10.571218093952151
30.37272727272727,24.31818181818182,11.295717602035076
30.37272727272727,25.327272727272728,12.028929067172413
30.37272727272727,26.336363636363636,12.770259692595165
30.37272727272727,27.345454545454544,13.519175937100325
30.37272727272727,28.354545454545455,14.275195946906202
30.37272727272727,29.363636363636363,15.037883136892928
30.37272727272727,30.37272727272727,15.806840722847712
30.37272727272727,31.381818181818183,16.581707043983084
30.37272727272727,32.39090909090909,17.362151545006054
30.37272727272727,33.4,18.14787131099618
30.37272727272727,34.40909090909091,18.938588067572688
30.37272727272727,35.418181818181814,19.73404557429317
30.37272727272727,36.42727272727273,20.534007351710677
30.37272727272727,37.43636363636364,21.338254692635974
30.37272727272727,38.445454545454545,22.146584916386793
30.37272727272727,39.45454545454545,22.958809831534285
30.37272727272727,40.46363636363636,23.774754378176628
30.37272727272727,41.47272727272727,24.59425542531459
30.37272727272727,42.481818181818184,25.417160702661345
30.37272727272727,43.49090909090909,26.243327849336826
30.37272727272727,44.5,27.072623564493774
30.37272727272727,45.50909090909091,27.904922847093275
30.37272727272727,46.518181818181816,28.74010831386821
30.37272727272727,47.527272727272724,29.578069586045554
30.37272727272727,48.53636363636364,30.418702736692715
30.37272727272727,49.54545454545455,31.261909791648872
30.37272727272727,50.554545454545455,32.10759827793436
30.37272727272727,51.56363636363636,32.95568081432489
30.37272727272727,52.57272727272727,33.80607473945627
30.37272727272727,53.58181818181818,34.6587017734071
30.37272727272727,54.590909090909086,35.51348770920737
30.37272727272727,55.6,36.37036213115154
30.37272727272727,56.60909090909091,37.22925815716796
30.37272727272727,57.61818181818182,38.09011220281838
30.37272727272727,58.627272727272725,38.952863764782414
30.37272727272727,59.63636363636363,39.81745522192518
30.37272727272727,60.64545454545454,40.683831652259386
30.37272727272727,61.654545454545456,41.5519406642995
30.37272727272727,62.663636363636364,42.4217322414682
30.37272727272727,63.67272727272727,43.293158598358886
30.37272727272727,64.68181818181817,44.16617404778402
30.37272727272727,65.69090909090909,45.04073487764983
30.37272727272727,66.69999999999999,45.91679923679631
30.37272727272727,67.7090909090909,46.79432702902824
30.37272727272727,68.7181818181818,47.673279814639606
30.37272727272727,69.72727272727272,48.55362071880296
30.37272727272727,70.73636363636362,49.43531434625464
30.37272727272727,71.74545454545454,50.318326701762565
30.37272727272727,72.75454545454545,51.2026251159105
30.37272727272727,73.76363636363635,52.088178175777585
30.37272727272727,74.77272727272727,52.97495566012324
30.37272727272727,75.78181818181817,53.86292847874351
30.37272727272727,76.79090909090908,54.75206861566088
30.37272727272727,77.8,55.642349075872616
30.37272727272727,78.8090909090909,56.53374383538734
30.37272727272727,79.81818181818181,57.42622779430868
30.37272727272727,80.82727272727271,58.31977673274461
30.37272727272727,81.83636363636363,59.21436726934011
30.37272727272727,82.84545454545453,60.109976822246665
30.37272727272727,83.85454545454544,61.00658357235848
30.37272727272727,84.86363636363636,61.90416642865784
30.37272727272727,85.87272727272726,62.802704995526014
30.37272727272727,86.88181818181818,63.70217954188625
30.37272727272727,87.89090909090908,64.60257097205645
30.37272727272727,88.89999999999999,65.50386079819882
30.37272727272727,89.90909090909089,66.40603111426155
30.37272727272727,90.91818181818181,67.30906457131671
30.37272727272727,91.92727272727272,68.21294435420418
30.37272727272727,92.93636363636362,69.1176541594002
30.37272727272727,93.94545454545454,70.02317817403261
30.37272727272727,94.95454545454544,70.92950105597275
30.37272727272727,95.96363636363635,71.83660791493752
30.37272727272727,96.97272727272727,72.7444842945405
30.37272727272727,97.98181818181817,73.65311615523525
30.37272727272727,98.99090909090908,74.56248985809759
30.37272727272727,100.0,75.47259214939771
31.381818181818183,0.1,4.949661380964557e-06
31.381818181818183,1.1090909090909091,0.006633240817352608
31.381818181818183,2.118181818181818,0.044164864571971885
31.381818181818183,3.1272727272727274,0.13290880176986639
31.381818181818183,4.136363636363636,0.2831995227881525
31.381818181818183,5.145454545454545,0.4971814391927522
31.381818181818183,6.154545454545454,0.7719823699476633
31.381818181818183,7.163636363636363,1.1023744664348458
31.381818181818183,8.172727272727272,1.4824341984743523
31.381818181818183,9.181818181818182,1.9063996327673551
31.381818181818183,10.19090909090909,2.3690378069473934
31.381818181818183,11.2,2.8657541145686896
31.381818181818183,12.209090909090909,3.39258053254238
31.381818181818183,13.218181818181817,3.9461146692723235
31.381818181818183,14.227272727272727,4.5234446358596205
31.381818181818183,15.236363636363635,5.1220754344461605
31.381818181818183,16.245454545454546,5.739863023148228
31.381818181818183,17.254545454545454,6.37495774206132
31.381818181818183,18.263636363636365,7.02575682614691
31.381818181818183,19.272727272727273,7.6908649825187565
31.381818181818183,20.28181818181818,8.36906182018301
31.381818181818183,21.290909090909093,9.059274971659194
31.381818181818183,22.3,9.76055788678791
31.381818181818183,23.30909090909091,10.472071440156258
31.381818181818183,24.31818181818182,11.193068645485868
31.381818181818183,25.327272727272728,11.922881902432641
31.381818181818183,26.336363636363636,12.660912311520827
31.381818181818183,27.345454545454544,13.406620682954399
31.381818181818183,28.354545454545455,14.15951993763581
31.381818181818183,29.363636363636363,14.919168656875634
31.381818181818183,30.37272727272727,15.685165583735012
31.381818181818183,31.381818181818183,16.45714491603953
31.381818181818183,32.39090909090909,17.234772260756635
31.381818181818183,33.4,18.017741143181514
31.381818181818183,34.40909090909091,18.805769983455164
31.381818181818183,35.418181818181814,19.598599468313544
31.381818181818183,36.42727272727273,20.39599025839957
31.381818181818183,37.43636363636364,21.197720981562433
31.381818181818183,38.445454545454545,22.003586470791138
31.381818181818183,39.45454545454545,22.81339621215519
31.381818181818183,40.46363636363636,23.626972973647945
31.381818181818183,41.47272727272727,24.44415159037998
31.381818181818183,42.481818181818184,25.264777885335647
31.381818181818183,43.49090909090909,26.088707708033354
31.381818181818183,44.5,26.91580607603666
31.381818181818183,45.50909090909091,27.745946406442823
31.381818181818183,46.518181818181816,28.579009826305196
31.381818181818183,47.527272727272724,29.41488455248649
31.381818181818183,48.53636363636364,30.25346533274144
31.381818181818183,49.54545454545455,31.0946529409303
31.381818181818183,50.554545454545455,31.938353720202905
31.381818181818183,51.56363636363636,32.784479168791975
31.381818181818183,52.57272727272727,33.6329455637387
31.381818181818183,53.58181818181818,34.48367361845957
31.381818181818183,54.590909090909086,35.33658817056795
31.381818181818183,55.6,36.1916178967984
31.381818181818183,56.60909090909091,37.04869505225747
31.381818181818183,57.61818181818182,37.90775523155045
31.381818181818183,58.627272727272725,38.768737149616314
31.381818181818183,59.63636363636363,39.63158244034898
31.381818181818183,60.64545454545454,40.496235471298476
31.381818181818183,61.654545454545456,41.36264317293301
31.381818181818183,62.663636363636364,42.23075488110762
31.381818181818183,63.67272727272727,43.10052219153015
31.381818181818183,64.68181818181817,43.971898825142
31.381818181818183,65.69090909090909,44.84484050344368
31.381818181818183,66.69999999999999,45.719304832894174
31.381818181818183,67.7090909090909,46.595251197600994
31.381818181818183,68.7181818181818,47.472640659595285
31.381818181818183,69.72727272727272,48.351435866055816
31.381818181818183,70.73636363636362,49.231600962906874
31.381818181818183,71.74545454545454,50.113101514270376
31.381818181818183,72.75454545454545,50.99590442729992
31.381818181818183,73.76363636363635,51.87997788197061
31.381818181818183,74.77272727272727,52.76529126543549
31.381818181818183,75.78181818181817,53.65181511059653
31.381818181818183,76.79090909090908,54.53952103856252
31.381818181818183,77.8,55.42838170471546
31.381818181818183,78.8090909090909,56.31837074809747
31.381818181818183,79.81818181818181,57.20946274388862
31.381818181818183,80.82727272727271,58.10163315874525
31.381818181818183,81.83636363636363,58.994858308795095
31.381818181818183,82.84545454545453,59.88911532010024
31.381818181818183,83.85454545454544,60.78438209141578
31.381818181818183,84.86363636363636,61.680637259084826
31.381818181818183,85.87272727272726,62.577860163923866
31.381818181818183,86.88181818181818,63.47603081996415
31.381818181818183,87.89090909090908,64.37512988492465
31.381818181818183,88.89999999999999,65.27513863230229
31.381818181818183,89.90909090909089,66.17603892497397
31.381818181818183,90.91818181818181,67.07781319021228
31.381818181818183,91.92727272727272,67.98044439602474
31.381818181818183,92.93636363636362,68.88391602873286
31.381818181818183,93.94545454545454,69.78821207171342
31.381818181818183,94.95454545454544,70.69331698522983
31.381818181818183,95.96363636363635,71.59921568728711
31.381818181818183,96.97272727272727,72.50589353544817
31.381818181818183,97.98181818181817,73.41333630955376
31.381818181818183,98.99090909090908,74.3215301952926
31.381818181818183,100.0,75.2304617685713
32.39090909090909,0.1,4.79548420812519e-06
32.39090909090909,1.1090909090909091,0.006430144405266086
32.39090909090909,2.118181818181818,0.042869215086457295
32.39090909090909,3.1272727272727274,0.1292418762576673
32.39090909090909,4.136363636363636,0.2759322567024728
32.39090909090909,5.145454545454545,0.48537291180008535
32.39090909090909,6.154545454545454,0.7550240220827914
32.39090909090909,7.163636363636363,1.0799366333298197
32.39090909090909,8.172727272727272,1.4543889622555122
32.39090909090909,9.181818181818182,1.87275291390132
32.39090909090909,10.19090909090909,2.329878916316989
32.39090909090909,11.2,2.821221194400532
32.39090909090909,12.209090909090909,3.3428379170913396
32.39090909090909,13.218181818181817,3.891338475398547
32.39090909090909,14.227272727272727,4.463813807632256
32.39090909090909,15.236363636363635,5.057766324607861
32.39090909090909,16.245454545454546,5.671046239440539
32.39090909090909,17.254545454545454,6.301796430730869
32.39090909090909,18.263636363636365,6.948405858956341
32.39090909090909,19.272727272727273,7.609470704542431
32.39090909090909,20.28181818181818,8.28376213871804
32.39090909090909,21.290909090909093,8.97019964570717
32.39090909090909,22.3,9.66782892747948
32.39090909090909,23.30909090909091,10.375803565318844
32.39090909090909,24.31818181818182,11.09336975276283
32.39090909090909,25.327272727272728,11.81985353907924
32.39090909090909,26.336363636363636,12.554650127870623
32.39090909090909,27.345454545454544,13.297214862266534
32.39090909090909,28.354545454545455,14.047055598695474
32.39090909090909,29.363636363636363,14.803726228037743
32.39090909090909,30.37272727272727,15.566821148539784
32.39090909090909,31.381818181818183,16.335970531391997
32.39090909090909,32.39090909090909,17.110836249151085
32.39090909090909,33.4,17.891108360698414
32.39090909090909,34.40909090909091,18.676502065350036
32.39090909090909,35.418181818181814,19.46675505401217
32.39090909090909,36.42727272727273,20.26162519765081
32.39090909090909,37.43636363636364,21.060888523402415
32.39090909090909,38.445454545454545,21.864337436859213
32.39090909090909,39.45454545454545,22.67177915578132
32.39090909090909,40.46363636363636,23.48303432601114
32.39090909090909,41.47272727272727,24.2979357949212
32.39090909090909,42.481818181818184,25.11632752149945
32.39090909090909,43.49090909090909,25.938063605310493
32.39090909090909,44.5,26.763007419186653
32.39090909090909,45.50909090909091,27.591030832689878
32.39090909090909,46.518181818181816,28.422013515223735
32.39090909090909,47.527272727272724,29.255842309222217
32.39090909090909,48.53636363636364,30.092410665151125
32.39090909090909,49.54545454545455,30.931618131166484
32.39090909090909,50.554545454545455,31.773369891218877
32.39090909090909,51.56363636363636,32.617576346196586
32.39090909090909,52.57272727272727,33.464152733389454
32.39090909090909,53.58181818181818,34.31301878014591
32.39090909090909,54.590909090909086,35.164098388103085
32.39090909090909,55.6,36.017319344808904
32.39090909090909,56.60909090909091,36.87261305993294
32.39090909090909,57.61818181818182,37.72991432359166
32.39090909090909,58.627272727272725,38.5891610845988
32.39090909090909,59.63636363636363,39.45029424669952
32.39090909090909,60.64545454545454,40.31325748106479
32.39090909090909,61.654545454545456,41.17799705351072
32.39090909090909,62.663636363636364,42.04446166507505
32.39090909090909,63.67272727272727,42.91260230472803
32.39090909090909,64.68181818181817,43.78237211312401
32.39090909090909,65.69090909090909,44.65372625641311
32.39090909090909,66.69999999999999,45.52662180923238
32.39090909090909,67.7090909090909,46.401017646085016
32.39090909090909,68.7181818181818,47.27687434039367
32.39090909090909,69.72727272727272,48.1541540705852
32.39090909090909,70.73636363636362,49.032820532624804
32.39090909090909,71.74545454545454,49.91283885847406
32.39090909090909,72.75454545454545,50.79417553999619
32.39090909090909,73.76363636363635,51.67679835787567
32.39090909090909,74.77272727272727,52.560676315160066
32.39090909090909,75.78181818181817,53.44577957506631
32.39090909090909,76.79090909090908,54.3320794027272
32.39090909090909,77.8,55.21954811057496
32.39090909090909,78.8090909090909,56.10815900710626
32.39090909090909,79.81818181818181,56.99788634876075
32.39090909090909,80.82727272727271,57.888705294701225
32.39090909090909,81.83636363636363,58.7805918642822
32.39090909090909,82.84545454545453,59.673522897016866
32.39090909090909,83.85454545454544,60.56747601486789
32.39090909090909,84.86363636363636,61.46242958670109
32.39090909090909,85.87272727272726,62.35836269475422
32.39090909090909,86.88181818181818,63.25525510298464
32.39090909090909,87.89090909090908,64.15308722717016
32.39090909090909,88.89999999999999,65.05184010664735
32.39090909090909,89.90909090909089,65.95149537758031
32.39090909090909,90.91818181818181,66.85203524766116
32.39090909090909,91.92727272727272,67.75344247215007
32.39090909090909,92.93636363636362,68.6557003311711
32.39090909090909,93.94545454545454,69.55879260818456
32.39090909090909,94.95454545454544,70.46270356956317
32.39090909090909,95.96363636363635,71.3674179452049
32.39090909090909,96.97272727272727,72.27292091011873
32.39090909090909,97.98181818181817,73.17919806692605
32.39090909090909,98.99090909090908,74.08623542922238
32.39090909090909,100.0,74.99401940574936
33.4,0.1,4.65062182618504e-06
33.4,1.1090909090909091,0.006239116457569904
33.4,2.118181818181818,0.04164750305188774
33.4,3.1272727272727274,0.12577277783248597
33.4,4.136363636363636,0.2690329938077629
33.4,5.145454545454545,0.47412524679583873
33.4,6.154545454545454,0.7388235111065737
33.4,7.163636363636363,1.0584468913698972
33.4,8.172727272727272,1.4274703992606814
33.4,9.181818181818182,1.8403982980899563
33.4,10.19090909090909,2.292164676569873
33.4,11.2,2.778273613741883
33.4,12.209090909090909,3.2948107304245564
33.4,13.218181818181817,3.8383984544455667
33.4,14.227272727272727,4.40613169882122
33.4,15.236363636363635,4.995511291851418
33.4,16.245454545454546,5.604382571357738
33.4,17.254545454545454,6.230881697541211
33.4,18.263636363636365,6.873389989402344
33.4,19.272727272727273,7.53049564015448
33.4,20.28181818181818,8.200961844171902
33.4,21.290909090909093,8.88370033265806
33.4,22.3,9.57774940018328
33.4,23.30909090909091,10.282255629389777
33.4,24.31818181818182,10.996458649893672
33.4,25.327272727272728,11.719678384532019
33.4,26.336363636363636,12.451304336649809
33.4,27.345454545454544,13.19078655580369
33.4,28.354545454545455,13.937627987701218
33.4,29.363636363636363,14.691377969629402
33.4,30.37272727272727,15.451626677300201
33.4,31.381818181818183,16.218000364965903
33.4,32.39090909090909,16.990157269544667
33.4,33.4,17.767784072750786
33.4,34.40909090909091,18.550592833982833
33.4,35.418181818181814,19.33831832189539
33.4,36.42727272727273,20.13071568488925
33.4,37.43636363636364,20.927558410774758
33.4,38.445454545454545,21.72863653404732
33.4,39.45454545454545,22.53375505592349
33.4,40.46363636363636,23.342732547806055
33.4,41.47272727272727,24.15539991340459
33.4,42.481818181818184,24.97159928851481
33.4,43.49090909090909,25.791183060601764
33.4,44.5,26.614012992952958
33.4,45.50909090909091,27.439959440362973
33.4,46.518181818181816,28.26890064515563
33.4,47.527272727272724,29.100722103904413
33.4,48.53636363636364,29.935315996526917
33.4,49.54545454545455,30.772580670544006
33.4,50.554545454545455,31.612420174243745
33.4,51.56363636363636,32.45474383329944
33.4,52.57272727272727,33.29946586608431
33.4,53.58181818181818,34.14650503351978
33.4,54.590909090909086,34.995784319805935
33.4,55.6,35.84723064082403
33.4,56.60909090909091,36.70077457738257
33.4,57.61818181818182,37.556350130809264
33.4,58.627272727272725,38.41389449867884
33.4,59.63636363636363,39.27334786871707
33.4,60.64545454545454,40.134653229139566
33.4,61.654545454545456,40.997756193876306
33.4,62.663636363636364,41.86260484129889
33.4,63.67272727272727,42.72914956521636
33.4,64.68181818181817,43.59734293703419
33.4,65.69090909090909,44.46713957808576
33.4,66.69999999999999,45.33849604124645
33.4,67.7090909090909,46.211370701030496
33.4,68.7181818181818,47.08572365144931
33.4,69.72727272727272,47.96151661098125
33.4,70.73636363636362,48.83871283406489
33.4,71.74545454545454,49.71727702858436
33.4,72.75454545454545,50.59717527886451
33.4,73.76363636363635,51.478374973739506
33.4,74.77272727272727,52.36084473929662
33.4,75.78181818181817,53.244554375934655
33.4,76.79090909090908,54.129474799407696
33.4,77.8,55.01557798555488
33.4,78.8090909090909,55.90283691843609
33.4,79.81818181818181,56.79122554163843
33.4,80.82727272727271,57.680718712503534
33.4,81.83636363636363,58.57129215908105
33.4,82.84545454545453,59.46292243960958
33.4,83.85454545454544,60.35558690434899
33.4,84.86363636363636,61.24926365960143
33.4,85.87272727272726,62.14393153377188
33.4,86.88181818181818,63.03957004532965
33.4,87.89090909090908,63.93615937254465
33.4,88.89999999999999,64.83368032488055
33.4,89.90909090909089,65.73211431593688
33.4,90.91818181818181,66.63144333784018
33.4,91.92727272727272,67.53164993699092
33.4,92.93636363636362,68.43271719108142
33.4,93.94545454545454,69.3346286873045
33.4,94.95454545454544,70.23736850167951
33.4,95.96363636363635,71.1409211794272
33.4,96.97272727272727,72.04527171633003
33.4,97.98181818181817,72.9504055410186
33.4,98.99090909090908,73.85630849812931
33.4,100.0,74.76296683228198
34.40909090909091,0.1,4.514254841916347e-06
34.40909090909091,1.1090909090909091,0.006059112215080943
34.40909090909091,2.118181818181818,0.04049356851224115
34.40909090909091,3.1272727272727274,0.12248585031910188
34.40909090909091,4.136363636363636,0.26247417169181936
34.40909090909091,5.145454545454545,0.46339858250199
34.40909090909091,6.154545454545454,0.7233294246138594
34.40909090909091,7.163636363636363,1.0378434254211975
34.40909090909091,8.172727272727272,1.4016074505426623
34.40909090909091,9.181818181818182,1.8092565060187793
34.40909090909091,10.19090909090909,2.255808446126953
34.40909090909091,11.2,2.736818075796773
34.40909090909091,12.209090909090909,3.248399602471882
34.40909090909091,13.218181818181817,3.787189645272182
34.40909090909091,14.227272727272727,4.35028816086866
34.40909090909091,15.236363636363635,4.935195341977527
34.40909090909091,16.245454545454546,5.539752471760751
34.40909090909091,17.254545454545454,6.1620896958176585
34.40909090909091,18.263636363636365,6.8005812928603016
34.40909090909091,19.272727272727273,7.453807982309539
34.40909090909091,20.28181818181818,8.120525421031807
34.40909090909091,21.290909090909093,8.799637964429698
34.40909090909091,22.3,9.490176824886822
34.40909090909091,23.30909090909091,10.191281868051009
34.40909090909091,24.31818181818182,10.90218640468585
34.40909090909091,25.327272727272728,11.622204445452514
34.40909090909091,26.336363636363636,12.350719981632864
34.40909090909091,27.345454545454544,13.087177935270383
34.40909090909091,28.354545454545455,13.831076488527124
34.40909090909091,29.363636363636363,14.581960556088156
34.40909090909091,30.37272727272727,15.33941620818985
34.40909090909091,31.381818181818183,16.103065887158166
34.40909090909091,32.39090909090909,16.872564288822588
34.40909090909091,33.4,17.647594803156846
34.40909090909091,34.40909090909091,18.427866427080442
34.40909090909091,35.418181818181814,19.21311107741328
34.40909090909091,36.42727272727273,20.003081244213362
34.40909090909091,37.43636363636364,20.79754793470235
34.40909090909091,38.445454545454545,21.596298866143364
34.40909090909091,39.45454545454545,22.399136872730296
34.40909090909091,40.46363636363636,23.205878497063456
34.40909090909091,41.47272727272727,24.016352741343354
34.40909090909091,42.481818181818184,24.830399957194768
34.40909090909091,43.49090909090909,25.647870856179065
34.40909090909091,44.5,26.46862562568014
34.40909090909091,45.50909090909091,27.292533137050555
34.40909090909091,46.518181818181816,28.11947023475541
34.40909090909091,47.527272727272724,28.949321096812163
34.40909090909091,48.53636363636364,29.781976658145393
34.40909090909091,49.54545454545455,30.61733408959588
34.40909090909091,50.554545454545455,31.45529632627779
34.40909090909091,51.56363636363636,32.29577163979134
34.40909090909091,52.57272727272727,33.138673249496044
34.40909090909091,53.58181818181818,33.98391896864739
34.40909090909091,54.590909090909086,34.831430881715164
34.40909090909091,55.6,35.68113504964589
34.40909090909091,56.60909090909091,36.53296124021586
34.40909090909091,57.61818181818182,37.38684268095529
34.40909090909091,58.627272727272725,38.24271583241312
34.40909090909091,59.63636363636363,39.10052017978476
34.40909090909091,60.64545454545454,39.960198041145425
34.40909090909091,61.654545454545456,40.82169439072457
34.40909090909091,62.663636363636364,41.68495669582588
34.40909090909091,63.67272727272727,42.54993476614594
34.40909090909091,64.68181818181817,43.416580614375675
34.40909090909091,65.69090909090909,44.284848327083914
34.40909090909091,66.69999999999999,45.15469394498409
34.40909090909091,67.7090909090909,46.026075351776306
34.40909090909091,68.7181818181818,46.89895217083587
34.40909090909091,69.72727272727272,47.77328566909166
34.40909090909091,70.73636363636362,48.649038667500214
34.40909090909091,71.74545454545454,49.526175457578496
34.40909090909091,72.75454545454545,50.40466172350822
34.40909090909091,73.76363636363635,51.284464469369844
34.40909090909091,74.77272727272727,52.165551951105435
34.40909090909091,75.78181818181817,53.047893612844035
34.40909090909091,76.79090909090908,53.93146002725777
34.40909090909091,77.8,54.81622283964487
34.40909090909091,78.8090909090909,55.70215471546377
34.40909090909091,79.81818181818181,56.58922929105859
34.40909090909091,80.82727272727271,57.47742112735944
34.40909090909091,81.83636363636363,58.366705666325274
34.40909090909091,82.84545454545453,59.25705918994887
34.40909090909091,83.85454545454544,60.14845878163978
34.40909090909091,84.86363636363636,61.04088228982111
34.40909090909091,85.87272727272726,61.934308293589375
34.40909090909091,86.88181818181818,62.82871607029776
34.40909090909091,87.89090909090908,63.72408556493432
34.40909090909091,88.89999999999999,64.62039736117676
34.40909090909091,89.90909090909089,65.51763265401408
34.40909090909091,90.91818181818181,66.4157732238342
34.40909090909091,91.92727272727272,67.31480141188335
34.40909090909091,92.93636363636362,68.21470009701126
34.40909090909091,93.94545454545454,69.11545267362108
34.40909090909091,94.95454545454544,70.01704303074979
34.40909090909091,95.96363636363635,70.91945553220994
34.40909090909091,96.97272727272727,71.82267499772824
34.40909090909091,97.98181818181817,72.72668668502132
34.40909090909091,98.99090909090908,73.63147627275303
34.40909090909091,100.0,74.53702984432128
35.418181818181814,0.1,4.385657230289354e-06
35.418181818181814,1.1090909090909091,0.0058892041383450605
35.418181818181814,2.118181818181818,0.03940191796183623
35.418181818181814,3.1272727272727274,0.11936705363031438
35.418181818181814,4.136363636363636,0.2562309402294904
35.418181818181814,5.145454545454545,0.45315681653062057
35.418181818181814,6.154545454545454,0.7084950321386613
35.418181818181814,7.163636363636363,1.0180698965373667
35.418181818181814,8.172727272727272,1.3767352194824556
35.418181818181814,9.181818181818182,1.7792550216713925
35.418181818181814,10.19090909090909,2.2207308814881266
35.418181818181814,11.2,2.6967690647322287
35.418181818181814,12.209090909090909,3.2035133855912643
35.418181818181814,13.218181818181817,3.7376157169061157
35.418181818181814,14.227272727272727,4.29618205513342
35.418181818181814,15.236363636363635,4.876712846808514
35.418181818181814,16.245454545454546,5.4770460953645514
35.418181818181814,17.254545454545454,6.095306598961006
35.418181818181814,18.263636363636365,6.729862167531661
35.418181818181814,19.272727272727273,7.379286535816826
35.418181818181814,20.28181818181818,8.042328242395518
35.418181818181814,21.290909090909093,8.71788462725072
35.418181818181814,22.3,9.404980131565855
35.418181818181814,23.30909090909091,10.102748173512758
35.418181818181814,24.31818181818182,10.810415979643482
35.418181818181814,25.327272727272728,11.527291853663122
35.418181818181814,26.336363636363636,12.252754455100952
35.418181818181814,27.345454545454544,12.986243737622711
35.418181818181814,28.354545454545455,13.727253260902458
35.418181818181814,29.363636363636363,14.475323642579488
35.418181818181814,30.37272727272727,15.230036959620444
35.418181818181814,31.381818181818183,15.991011943083256
35.418181818181814,32.39090909090909,16.757899838336407
35.418181818181814,33.4,17.53038082549198
35.418181818181814,34.40909090909091,18.308160913208035
35.418181818181814,35.418181818181814,19.09096923395281
35.418181818181814,36.42727272727273,19.878555680982444
35.418181818181814,37.43636363636364,20.670688837209667
35.418181818181814,38.445454545454545,21.467154154270634
35.418181818181814,39.45454545454545,22.267752346775524
35.418181818181814,40.46363636363636,23.0722979722358
35.418181818181814,41.47272727272727,23.880618171715803
35.418181818181814,42.481818181818184,24.692551550037727
35.418181818181814,43.49090909090909,25.507947177518187
35.418181818181814,44.5,26.326663697846577
35.418181818181814,45.50909090909091,27.148568528922073
35.418181818181814,46.518181818181816,27.973537145322155
35.418181818181814,47.527272727272724,28.801452432642005
35.418181818181814,48.53636363636364,29.63220410527014
35.418181818181814,49.54545454545455,30.465688180290577
35.418181818181814,50.554545454545455,31.301806501161412
35.418181818181814,51.56363636363636,32.140466305637105
35.418181818181814,52.57272727272727,32.981579833103616
35.418181818181814,53.58181818181818,33.82506396709659
35.418181818181814,54.590909090909086,34.670839909291715
35.418181818181814,55.6,35.518832881703
35.418181818181814,56.60909090909091,36.36897185421197
35.418181818181814,57.61818181818182,37.221189294886514
35.418181818181814,58.627272727272725,38.07542094083975
35.418181818181814,59.63636363636363,38.931605587633555
35.418181818181814,60.64545454545454,39.789684895453824
35.418181818181814,61.654545454545456,40.64960321047842
35.418181818181814,62.663636363636364,41.5113074000294
35.418181818181814,63.67272727272727,42.37474670025141
35.418181818181814,64.68181818181817,43.23987257518897
35.418181818181814,65.69090909090909,44.10663858625301
35.418181818181814,66.69999999999999,44.97500027116879
35.418181818181814,67.7090909090909,45.844915031589345
35.418181818181814,68.7181818181818,46.71634202863858
35.418181818181814,69.72727272727272,47.58924208572072
35.418181818181814,70.73636363636362,48.46357759799603
35.418181818181814,71.74545454545454,49.33931244798044
35.418181818181814,72.75454545454545,50.216411926776686
35.418181818181814,73.76363636363635,51.09484266049105
35.418181818181814,74.77272727272727,51.97457254142989
35.418181818181814,75.78181818181817,52.855570663707056
35.418181818181814,76.79090909090908,53.737807262925855
35.418181818181814,77.8,54.62125365962882
35.418181818181814,78.8090909090909,55.50588220623576
35.418181818181814,79.81818181818181,56.39166623721368
35.418181818181814,80.82727272727271,57.278580022245244
35.418181818181814,81.83636363636363,58.16659872217543
35.418181818181814,82.84545454545453,59.05569834755406
35.418181818181814,83.85454545454544,59.94585571957361
35.418181818181814,84.86363636363636,60.837048433250786
35.418181818181814,85.87272727272726,61.729254822693434
35.418181818181814,86.88181818181818,62.622453928312325
35.418181818181814,87.89090909090908,63.51662546584819
35.418181818181814,88.89999999999999,64.41174979709432
35.418181818181814,89.90909090909089,65.30780790220376
35.418181818181814,90.91818181818181,66.204781353479
35.418181818181814,91.92727272727272,67.10265229054899
35.418181818181814,92.93636363636362,68.00140339684675
35.418181818181814,93.94545454545454,68.90101787730525
35.418181818181814,94.95454545454544,69.8014794371967
35.418181818181814,95.96363636363635,70.70277226204537
35.418181818181814,96.97272727272727,71.6048809985485
35.418181818181814,97.98181818181817,72.50779073644517
35.418181818181814,98.99090909090908,73.41148699127686
35.418181818181814,100.0,74.31595568798696
36.42727272727273,0.1,4.264183403927373e-06
36.42727272727273,1.1090909090909091,0.005728565915165631
36.42727272727273,2.118181818181818,0.03836763650669754
36.42727272727273,3.1272727272727274,0.11640375973022214
36.42727272727273,4.136363636363636,0.2502808330250994
36.42727272727273,5.145454545454545,0.4433671657497688
36.42727272727273,6.154545454545454,0.6942777512362284
36.42727272727273,7.163636363636363,0.9990748292278646
36.42727272727273,8.172727272727272,1.3527942916520235
36.42727272727273,9.181818181818182,1.7503273532209578
36.42727272727273,10.19090909090909,2.1868591454845254
36.42727272727273,11.2,2.6580480061813625
36.42727272727273,12.209090909090909,3.160068271212386
36.42727272727273,13.218181818181817,3.689588044505109
36.42727272727273,14.227272727272727,4.243720290822535
36.42727272727273,15.236363636363635,4.819966546347038
36.42727272727273,16.245454545454546,5.416162267072918
36.42727272727273,17.254545454545454,6.030427536662048
36.42727272727273,18.263636363636365,6.661124240043707
36.42727272727273,19.272727272727273,7.306819593667258
36.42727272727273,20.28181818181818,7.966255418231478
36.42727272727273,21.290909090909093,8.638322382943944
36.42727272727273,22.3,9.32203845548254
36.42727272727273,23.30909090909091,10.016530864733141
36.42727272727273,24.31818181818182,10.721020977941171
36.42727272727273,25.327272727272728,11.434811588643122
36.42727272727273,26.336363636363636,12.157276197571088
36.42727272727273,27.345454545454544,12.887849942691075
36.42727272727273,28.354545454545455,13.626021896543353
36.42727272727273,29.363636363636363,14.371328500212524
36.42727272727273,30.37272727272727,15.123347945080262
36.42727272727273,31.381818181818183,15.881695347540317
36.42727272727273,32.39090909090909,16.646018589476213
36.42727272727273,33.4,17.41599471971518
36.42727272727273,34.40909090909091,18.19132682987442
36.42727272727273,35.418181818181814,18.971741332823896
36.42727272727273,36.42727272727273,19.75698558406487
36.42727272727273,37.43636363636364,20.54682579619528
36.42727272727273,38.445454545454545,21.341045204729216
36.42727272727273,39.45454545454545,22.139442450196697
36.42727272727273,40.46363636363636,22.941830146946273
36.42727272727273,41.47272727272727,23.748033613623896
36.42727272727273,42.481818181818184,24.557889744081805
36.42727272727273,43.49090909090909,25.37124600062284
36.42727272727273,44.5,26.187959514120827
36.42727272727273,45.50909090909091,27.007896277768634
36.42727272727273,46.518181818181816,27.8309304230664
36.42727272727273,47.527272727272724,28.656943568233782
36.42727272727273,48.53636363636364,29.485824230560443
36.42727272727273,49.54545454545455,30.31746729533905
36.42727272727273,50.554545454545455,31.151773534988326
36.42727272727273,51.56363636363636,31.988649172795395
36.42727272727273,52.57272727272727,32.82800548641197
36.42727272727273,53.58181818181818,33.66975844684372
36.42727272727273,54.590909090909086,34.51382838919316
36.42727272727273,55.6,35.36013971186707
36.42727272727273,56.60909090909091,36.20862060134796
36.42727272727273,57.61818181818182,37.05920277996783
36.42727272727273,58.627272727272725,37.91182127441585
36.42727272727273,59.63636363636363,38.76641420296764
36.42727272727273,60.64545454545454,39.622922579647934
36.42727272727273,61.654545454545456,40.48129013373376
36.42727272727273,62.663636363636364,41.34146314317737
36.42727272727273,63.67272727272727,42.203390280678974
36.42727272727273,64.68181818181817,43.06702247127245
36.42727272727273,65.69090909090909,43.932312760404386
36.42727272727273,66.69999999999999,44.79921619159047
36.42727272727273,67.7090909090909,45.66768969282565
36.42727272727273,68.7181818181818,46.53769197100506
36.42727272727273,69.72727272727272,47.409183413686165
36.42727272727273,70.73636363636362,48.28212599758602
36.42727272727273,71.74545454545454,49.156483203266326
36.42727272727273,72.75454545454545,50.03221993550862
36.42727272727273,73.76363636363635,50.909302448929665
36.42727272727273,74.77272727272727,51.787698278426916
36.42727272727273,75.78181818181817,52.66737617408132
36.42727272727273,76.79090909090908,53.54830604017824
36.42727272727273,77.8,54.43045887803636
36.42727272727273,78.8090909090909,55.313806732361805
36.42727272727273,79.81818181818181,56.19832264086892
36.42727272727273,80.82727272727271,57.08398058693096
36.42727272727273,81.83636363636363,57.97075545504488
36.42727272727273,82.84545454545453,58.85862298890478
36.42727272727273,83.85454545454544,59.74755975191709
36.42727272727273,84.86363636363636,60.63754308996854
36.42727272727273,85.87272727272726,61.52855109630813
36.42727272727273,86.88181818181818,62.4205625783945
36.42727272727273,87.89090909090908,63.313557026578096
36.42727272727273,88.89999999999999,64.20751458449755
36.42727272727273,89.90909090909089,65.10241602107814
36.42727272727273,90.91818181818181,65.99824270402891
36.42727272727273,91.92727272727272,66.89497657474254
36.42727272727273,92.93636363636362,67.79260012450992
36.42727272727273,93.94545454545454,68.69109637196662
36.42727272727273,94.95454545454544,69.59044884169546
36.42727272727273,95.96363636363635,70.49064154391422
36.42727272727273,96.97272727272727,71.39165895518296
36.42727272727273,97.98181818181817,72.2934860000696
36.42727272727273,98.99090909090908,73.19610803371711
36.42727272727273,100.0,74.09951082525902
37.43636363636364,0.1,4.149257373544682e-06
37.43636363636364,1.1090909090909091,0.005576459017031402
37.43636363636364,2.118181818181818,0.03738631357370852
37.43636363636364,3.1272727272727274,0.11358457885262506
37.43636363636364,4.136363636363636,0.2446034858639816
37.43636363636364,5.145454545454545,0.433999787495121
37.43636363636364,6.154545454545454,0.6806386864460621
37.43636363636364,7.163636363636363,0.9808110812692419
37.43636363636364,8.172727272727272,1.3297301454834423
37.43636363636364,9.181818181818182,1.7224123919888668
37.43636363636364,10.19090909090909,2.154126220112949
37.43636363636364,11.2,2.6205825382661305
37.43636363636364,12.209090909090909,3.1179870224747606
37.43636363636364,13.218181818181817,3.643024906406147
37.43636363636364,14.227272727272727,4.19281698878398
37.43636363636364,15.236363636363635,4.764866681294921
37.43636363636364,16.245454545454546,5.35700758493248
37.43636363636364,17.254545454545454,5.967355669785758
37.43636363636364,18.263636363636365,6.594267413583612
37.43636363636364,19.272727272727273,7.236303959593389
37.43636363636364,20.28181818181818,7.892200793420593
37.43636363636364,21.290909090909093,8.560842243404604
37.43636363636364,22.3,9.241240088968329
37.43636363636364,23.30909090909091,9.932515617299128
37.43636363636364,24.31818181818182,10.633884552131638
37.43636363636364,25.327272727272728,11.344644365734899
37.43636363636364,26.336363636363636,12.064163566122945
37.43636363636364,27.345454545454544,12.791872622205208
37.43636363636364,28.354545454545455,13.527256249414185
37.43636363636364,29.363636363636363,14.269846828040556
37.43636363636364,30.37272727272727,15.019218767344892
37.43636363636364,31.381818181818183,15.774983661876547
37.43636363636364,32.39090909090909,16.53678611360289
37.43636363636364,33.4,17.304300115562913
37.43636363636364,34.40909090909091,18.077225910758596
37.43636363636364,35.418181818181814,18.855287254670106
37.43636363636364,36.42727272727273,19.638229021766023
37.43636363636364,37.43636363636364,20.425815106193582
37.43636363636364,38.445454545454545,21.21782657489263
37.43636363636364,39.45454545454545,22.014060038013522
37.43636363636364,40.46363636363636,22.8143262070027
37.43636363636364,41.47272727272727,23.61844861526403
37.43636363636364,42.481818181818184,24.426262480082393
37.43636363636364,43.49090909090909,25.23761368764847
37.43636363636364,44.5,26.05235788566105
37.43636363636364,45.50909090909091,26.870359670198138
37.43636363636364,46.518181818181816,27.69149185541252
37.43636363636364,47.527272727272724,28.51563481618335
37.43636363636364,48.53636363636364,29.34267589518988
37.43636363636364,49.54545454545455,30.172508867007608
37.43636363636364,50.554545454545455,31.005033452794148
37.43636363636364,51.56363636363636,31.84015487995795
37.43636363636364,52.57272727272727,32.67778348191106
37.43636363636364,53.58181818181818,33.51783433361542
37.43636363636364,54.590909090909086,34.360226919156304
37.43636363636364,55.6,35.20488482802888
37.43636363636364,56.60909090909091,36.051735477215715
37.43636363636364,57.61818181818182,36.90070985647331
37.43636363636364,58.627272727272725,37.75174229454127
37.43636363636364,59.63636363636363,38.60477024424523
37.43636363636364,60.64545454545454,39.459734084690766
37.43636363636364,61.654545454545456,40.31657693894199
37.43636363636364,62.663636363636364,41.17524450575169
37.43636363636364,63.67272727272727,42.03568490406233
37.43636363636364,64.68181818181817,42.89784852913092
37.43636363636364,65.69090909090909,43.761687919249184
37.43636363636364,66.69999999999999,44.627157632134704
37.43636363636364,67.7090909090909,45.49421413016194
37.43636363636364,68.7181818181818,46.36281567368341
37.43636363636364,69.72727272727272,47.2329222217652
37.43636363636364,70.73636363636362,48.104495339725105
37.43636363636364,71.74545454545454,48.97749811292067
37.43636363636364,72.75454545454545,49.85189506628523
37.43636363636364,73.76363636363635,50.727652089157104
37.43636363636364,74.77272727272727,51.60473636498833
37.43636363636364,75.78181818181817,52.483116305556415
37.43636363636364,76.79090909090908,53.36276148933645
37.43636363636364,77.8,54.24364260372043
37.43636363636364,78.8090909090909,55.125731390798904
37.43636363636364,79.81818181818181,56.00900059644239
37.43636363636364,80.82727272727271,56.89342392244489
37.43636363636364,81.83636363636363,57.77897598150953
37.43636363636364,82.84545454545453,58.66563225487679
37.43636363636364,83.85454545454544,59.553369052404115
37.43636363636364,84.86363636363636,60.44216347494323
37.43636363636364,85.87272727272726,61.331993378838035
37.43636363636364,86.88181818181818,62.22283734241473
37.43636363636364,87.89090909090908,63.114674634325546
37.43636363636364,88.89999999999999,64.00748518362471
37.43636363636364,89.90909090909089,64.90124955146345
37.43636363636364,90.91818181818181,65.79594890429976
37.43636363636364,91.92727272727272,66.69156498852601
37.43636363636364,92.93636363636362,67.58808010642505
37.43636363636364,93.94545454545454,68.48547709337163
37.43636363636364,94.95454545454544,69.38373929620231
37.43636363636364,95.96363636363635,70.28285055268215
37.43636363636364,96.97272727272727,71.18279517200183
37.43636363636364,97.98181818181817,72.08355791624363
37.43636363636364,98.99090909090908,72.98512398275855
37.43636363636364,100.0,73.88747898740102
38.445454545454545,0.1,4.040363615234828e-06
38.445454545454545,1.1090909090909091,0.005432221342720681
38.445454545454545,2.118181818181818,0.03645397978887388
38.445454545454545,3.1272727272727274,0.11089921085049378
38.445454545454545,4.136363636363636,0.23918039444914124
38.445454545454545,5.145454545454545,0.42502745218921917
38.445454545454545,6.154545454545454,0.6675422295987442
38.445454545454545,7.163636363636363,0.963235383115009
38.445454545454545,8.172727272727272,1.3074926395903503
38.445454545454545,9.181818181818182,1.6954538542479514
38.445454545454545,10.19090909090909,2.1224703077664944
38.445454545454545,11.2,2.584305876072803
38.445454545454545,12.209090909090909,3.0771983049788445
38.445454545454545,13.218181818181817,3.5978507836221625
38.445454545454545,14.227272727272727,4.143392751807285
38.445454545454545,15.236363636363635,4.711330235904502
38.445454545454545,16.245454545454546,5.299495637043095
38.445454545454545,17.254545454545454,5.906001382655719
38.445454545454545,18.263636363636365,6.529199036718298
38.445454545454545,19.272727272727273,7.167644094459079
38.445454545454545,20.28181818181818,7.8200660726443285
38.445454545454545,21.290909090909093,8.485343274826045
38.445454545454545,22.3,9.162481565750051
38.445454545454545,23.30909090909091,9.850596528550202
38.445454545454545,24.31818181818182,10.548898450707103
38.445454545454545,25.327272727272728,11.256679664733168
38.445454545454545,26.336363636363636,11.973303845561999
38.445454545454545,27.345454545454544,12.698196934038421
38.445454545454545,28.354545454545455,13.430839413525407
38.445454545454545,29.363636363636363,14.170759714853908
38.445454545454545,30.37272727272727,14.917528564678575
38.445454545454545,31.381818181818183,15.670754124985162
38.445454545454545,32.39090909090909,16.43007779820815
38.445454545454545,33.4,17.19517059421583
38.445454545454545,34.40909090909091,17.965729973208777
38.445454545454545,35.418181818181814,18.741477093108195
38.445454545454545,36.42727272727273,19.52215440190075
38.445454545454545,37.43636363636364,20.3075235251579
38.445454545454545,38.445454545454545,21.09736340696565
38.445454545454545,39.45454545454545,21.89146866911208
38.445454545454545,40.46363636363636,22.689648158848094
38.445454545454545,41.47272727272727,23.4917236600733
38.445454545454545,42.481818181818184,24.297528746573494
38.445454545454545,43.49090909090909,25.10690775908842
38.445454545454545,44.5,25.91971489062725
38.445454545454545,45.50909090909091,26.735813366666683
38.445454545454545,46.518181818181816,27.555074708734555
38.445454545454545,47.527272727272724,28.37737807146119
38.445454545454545,48.53636363636364,29.20260964451915
38.445454545454545,49.54545454545455,30.03066211200995
38.445454545454545,50.554545454545455,30.861434162826857
38.445454545454545,51.56363636363636,31.69483004635213
38.445454545454545,52.57272727272727,32.530759168558326
38.445454545454545,53.58181818181818,33.369135724194464
38.445454545454545,54.590909090909086,34.20987836126449
38.445454545454545,55.6,35.05290987446084
38.445454545454545,56.60909090909091,35.89815692460927
38.445454545454545,57.61818181818182,36.74554978152379
38.445454545454545,58.627272727272725,37.59502208796786
38.445454545454545,59.63636363636363,38.446510642677445
38.445454545454545,60.64545454545454,39.29995520062811
38.445454545454545,61.654545454545456,40.15529828892758
38.445454545454545,62.663636363636364,41.012485036888535
38.445454545454545,63.67272727272727,41.871463018990156
38.445454545454545,64.68181818181817,42.73218210957211
38.445454545454545,65.69090909090909,43.59459434822305
38.445454545454545,66.69999999999999,44.4586538149319
38.445454545454545,67.7090909090909,45.32431651416293
38.445454545454545,68.7181818181818,46.19154026709886
38.445454545454545,69.72727272727272,47.06028461136955
38.445454545454545,70.73636363636362,47.93051070764947
38.445454545454545,71.74545454545454,48.80218125256596
38.445454545454545,72.75454545454545,49.67526039741184
38.445454545454545,73.76363636363635,50.54971367220328
38.445454545454545,74.77272727272727,51.425507914665616
38.445454545454545,75.78181818181817,52.302611203766624
38.445454545454545,76.79090909090908,53.18099279745206
38.445454545454545,77.8,54.06062307426656
38.445454545454545,78.8090909090909,54.94147347857253
38.445454545454545,79.81818181818181,55.82351646910308
38.445454545454545,80.82727272727271,56.70672547060659
38.445454545454545,81.83636363636363,57.59107482836328
38.445454545454545,82.84545454545453,58.47653976536963
38.445454545454545,83.85454545454544,59.3630963420049
38.445454545454545,84.86363636363636,60.25072141800891
38.445454545454545,85.87272727272726,61.13939261660788
38.445454545454545,86.88181818181818,62.02908829065783
38.445454545454545,87.89090909090908,62.9197874906514
38.445454545454545,88.89999999999999,63.81146993448002
38.445454545454545,89.90909090909089,64.7041159788308
38.445454545454545,90.91818181818181,65.59770659211387
38.445454545454545,91.92727272727272,66.49222332882225
38.445454545454545,92.93636363636362,67.3876483052341
38.445454545454545,93.94545454545454,68.2839641763732
38.445454545454545,94.95454545454544,69.18115411415003
38.445454545454545,95.96363636363635,70.07920178661126
38.445454545454545,96.97272727272727,70.97809133823033
38.445454545454545,97.98181818181817,71.87780737117696
38.445454545454545,98.99090909090908,72.77833492750753
38.445454545454545,100.0,73.67965947222203
39.45454545454545,0.1,3.93703933906418e-06
39.45454545454545,1.1090909090909091,0.005295257580541737
39.45454545454545,2.118181818181818,0.03556705311200125
39.45454545454545,3.1272727272727274,0.1083383175236514
39.45454545454545,4.136363636363636,0.23399470513905812
39.45454545454545,5.145454545454545,0.41642525931539354
39.45454545454545,6.154545454545454,0.6549557119998716
39.45454545454545,7.163636363636363,0.946307936264927
39.45454545454545,8.172727272727272,1.2860355650975417
39.45454545454545,9.181818181818182,1.6693997933390303
39.45454545454545,10.19090909090909,2.091834307531278
39.45454545454545,11.2,2.5491562555196814
39.45454545454545,12.209090909090909,3.0376361009147637
39.45454545454545,13.218181818181817,3.5539957464216836
39.45454545454545,14.227272727272727,4.0953740254773185
39.45454545454545,15.236363636363635,4.6592802746535895
39.45454545454545,16.245454545454546,5.243546315385337
39.45454545454545,17.254545454545454,5.846281575197409
39.45454545454545,18.263636363636365,6.4658331748792826
39.45454545454545,19.272727272727273,7.100751367999223
39.45454545454545,20.28181818181818,7.749760053198736
39.45454545454545,21.290909090909093,8.411731812328442
39.45454545454545,22.3,9.085666858066228
39.45454545454545,23.30909090909091,9.770675297797036
39.45454545454545,24.31818181818182,10.46596218198459
39.45454545454545,25.327272727272728,11.170814877957142
39.45454545454545,26.336363636363636,11.884592381159965
39.45454545454545,27.345454545454544,12.60671624006324
39.45454545454545,28.354545454545455,13.336662826320701
39.45454545454545,29.363636363636363,14.073956728487437
39.45454545454545,30.37272727272727,14.818165086426271
39.45454545454545,31.381818181818183,15.568892715524147
39.45454545454545,32.39090909090909,16.325777896081767
39.45454545454545,33.4,17.08848872471795
39.45454545454545,34.40909090909091,17.856719942200304
39.45454545454545,35.418181818181814,18.630190166496227
39.45454545454545,36.42727272727273,19.408639471629083
39.45454545454545,37.43636363636364,20.19182726260823
39.45454545454545,38.445454545454545,20.979530404676765
39.45454545454545,39.45454545454545,21.771541571703516
39.45454545454545,40.46363636363636,22.567667783996978
39.45454545454545,41.47272727272727,23.367729110345238
39.45454545454545,42.481818181818184,24.171557512855795
39.45454545454545,43.49090909090909,24.97899581631932
39.45454545454545,44.5,25.78989678646103
39.45454545454545,45.50909090909091,26.604122303662542
39.45454545454545,46.518181818181816,27.42154262060768
39.45454545454545,47.527272727272724,28.242035693888134
39.45454545454545,48.53636363636364,29.065486580946956
39.45454545454545,49.54545454545455,29.89178689487864
39.45454545454545,50.554545454545455,30.72083431057879
39.45454545454545,51.56363636363636,31.55253211656843
39.45454545454545,52.57272727272727,32.3867888075324
39.45454545454545,53.58181818181818,33.2235177132252
39.45454545454545,54.590909090909086,34.06263665992667
39.45454545454545,55.6,34.90406766108753
39.45454545454545,56.60909090909091,35.747736634200706
39.45454545454545,57.61818181818182,36.59357314127827
39.45454545454545,58.627272727272725,37.44151015061363
39.45454545454545,59.63636363636363,38.29148381776882
39.45454545454545,60.64545454545454,39.1434332839558
39.45454545454545,61.654545454545456,39.99730049017995
39.45454545454545,62.663636363636364,40.85303000568945
39.45454545454545,63.67272727272727,41.71056886942881
39.45454545454545,64.68181818181817,42.56986644333038
39.45454545454545,65.69090909090909,43.43087427639782
39.45454545454545,66.69999999999999,44.29354597864164
39.45454545454545,67.7090909090909,45.15783710402093
39.45454545454545,68.7181818181818,46.02370504162899
39.45454545454545,69.72727272727272,46.89110891443444
39.45454545454545,70.73636363636362,47.760009484955745
39.45454545454545,71.74545454545454,48.630369067306205
39.45454545454545,72.75454545454545,49.50215144509839
39.45454545454545,73.76363636363635,50.37532179474499
39.45454545454545,74.77272727272727,51.24984661373473
39.45454545454545,75.78181818181817,52.125693653499816
39.45454545454545,76.79090909090908,53.00283185652598
39.45454545454545,77.8,53.88123129738605
39.45454545454545,78.8090909090909,54.76086312740632
39.45454545454545,79.81818181818181,55.64169952269923
39.45454545454545,80.82727272727271,56.52371363531912
39.45454545454545,81.83636363636363,57.40687954731726
39.45454545454545,82.84545454545453,58.29117222749137
39.45454545454545,83.85454545454544,59.17656749064203
39.45454545454545,84.86363636363636,60.06304195916305
39.45454545454545,85.87272727272726,60.95057302680155
39.45454545454545,86.88181818181818,61.83913882445543
39.45454545454545,87.89090909090908,62.72871818785327
39.45454545454545,88.89999999999999,63.61929062700682
39.45454545454545,89.90909090909089,64.51083629731492
39.45454545454545,90.91818181818181,65.40333597221313
39.45454545454545,91.92727272727272,66.29677101727034
39.45454545454545,92.93636363636362,67.1911233656414
39.45454545454545,93.94545454545454,68.0863754947907
39.45454545454545,94.95454545454544,68.98251040440819
39.45454545454545,95.96363636363635,69.87951159544524
39.45454545454545,96.97272727272727,70.77736305020214
39.45454545454545,97.98181818181817,71.6760492134044
39.45454545454545,98.99090909090908,72.57555497420937
39.45454545454545,100.0,73.47586564908825
40.46363636363636,0.1,3.838867914376718e-06
40.46363636363636,1.1090909090909091,0.005165030993214693
40.46363636363636,2.118181818181818,0.03472229268078277
40.46363636363636,3.1272727272727274,0.1058934125401751
40.46363636363636,4.136363636363636,0.22903103351153412
40.46363636363636,5.145454545454545,0.4081703901176776
40.46363636363636,6.154545454545454,0.642849100684852
40.46363636363636,7.163636363636363,0.9299920618022898
40.46363636363636,8.172727272727272,1.2653162533477986
40.46363636363636,9.181818181818182,1.6442021717297877
40.46363636363636,10.19090909090909,2.062165355512006
40.46363636363636,11.2,2.5150764449711334
40.46363636363636,12.209090909090909,2.999239194360404
40.46363636363636,13.218181818181817,3.5113949152593515
40.46363636363636,14.227272727272727,4.048692536357659
40.46363636363636,15.236363636363635,4.608645359054908
40.46363636363636,16.245454545454546,5.1890852124385445
40.46363636363636,17.254545454545454,5.788119040395853
40.46363636363636,18.263636363636365,6.404089969569123
40.46363636363636,19.272727272727273,7.0355434005840145
40.46363636363636,20.28181818181818,7.681197950042345
40.46363636363636,21.290909090909093,8.339920768945726
40.46363636363636,22.3,9.010706670188606
40.46363636363636,23.30909090909091,9.692660504921665
40.46363636363636,24.31818181818182,10.38498227828404
40.46363636363636,25.327272727272728,11.086954560466696
40.46363636363636,26.336363636363636,11.797931815334737
40.46363636363636,27.345454545454544,12.517331329690375
40.46363636363636,28.354545454545455,13.244625479443076
40.46363636363636,29.363636363636363,13.979335114157598
40.46363636363636,30.37272727272727,14.721023879243765
40.46363636363636,31.381818181818183,15.469293326341571
40.46363636363636,32.39090909090909,16.22377868821657
40.46363636363636,33.4,16.984145215629596
40.46363636363636,34.40909090909091,17.75008499098986
40.46363636363636,35.418181818181814,18.521314147829102
40.46363636363636,36.42727272727273,19.29757043682051
40.46363636363636,37.43636363636364,20.07861108868032
40.46363636363636,38.445454545454545,20.86421093221748
40.46363636363636,39.45454545454545,21.65416073234933
40.46363636363636,40.46363636363636,22.448265718333317
40.46363636363636,41.47272727272727,23.246344276978757
40.46363636363636,42.481818181818184,24.0482267893672
40.46363636363636,43.49090909090909,24.853754592756257
40.46363636363636,44.5,25.662779051981897
40.46363636363636,45.50909090909091,26.47516072689375
40.46363636363636,46.518181818181816,27.290768624231095
40.46363636363636,47.527272727272724,28.10947952393214
40.46363636363636,48.53636363636364,28.93117737121398
40.46363636363636,49.54545454545455,29.755752726904586
40.46363636363636,50.554545454545455,30.583102269485394
40.46363636363636,51.56363636363636,31.4131283431377
40.46363636363636,52.57272727272727,32.245738546803764
40.46363636363636,53.58181818181818,33.08084535988922
40.46363636363636,54.590909090909086,33.91836580076538
40.46363636363636,55.6,34.7582211146899
40.46363636363636,56.60909090909091,35.60033648816121
40.46363636363636,57.61818181818182,36.44464078706952
40.46363636363636,58.627272727272725,37.29106631630685
40.46363636363636,59.63636363636363,38.139548598761635
40.46363636363636,60.64545454545454,38.99002617185323
40.46363636363636,61.654545454545456,39.84244039996221
40.46363636363636,62.663636363636364,40.69673530128918
40.46363636363636,63.67272727272727,41.55285738783033
40.46363636363636,64.68181818181817,42.41075551729414
40.46363636363636,65.69090909090909,43.27038075590523
40.46363636363636,66.69999999999999,44.13168625114757
40.46363636363636,67.7090909090909,44.99462711359463
40.46363636363636,68.7181818181818,45.85916030705729
40.46363636363636,69.72727272727272,46.725244546356016
40.46363636363636,70.73636363636362,47.59284020208951
40.46363636363636,71.74545454545454,48.461909211832264
40.46363636363636,72.75454545454545,49.33241499724561
40.46363636363636,73.76363636363635,50.20432238663516
40.46363636363636,74.77272727272727,51.0775975425297
40.46363636363636,75.78181818181817,51.95220789389453
40.46363636363636,76.79090909090908,52.82812207262726
40.46363636363636,77.8,53.70530985401412
40.46363636363636,78.8090909090909,54.583742100853584
40.46363636363636,79.81818181818181,55.46339071097829
40.46363636363636,80.82727272727271,56.34422856792943
40.46363636363636,81.83636363636363,57.22622949455892
40.46363636363636,82.84545454545453,58.10936820935138
40.46363636363636,83.85454545454544,58.99362028527712
40.46363636363636,84.86363636363636,59.87896211100089
40.46363636363636,85.87272727272726,60.76537085428618
40.46363636363636,86.88181818181818,61.652824427447776
40.46363636363636,87.89090909090908,62.54130145470983
40.46363636363636,88.89999999999999,63.43078124135921
40.46363636363636,89.90909090909089,64.32124374455702
40.46363636363636,90.91818181818181,65.21266954571618
40.46363636363636,91.92727272727272,66.10503982433919
40.46363636363636,92.93636363636362,66.998336333225
40.46363636363636,93.94545454545454,67.89254137495972
40.46363636363636,94.95454545454544,68.78763777961126
40.46363636363636,95.96363636363635,69.68360888355487
40.46363636363636,96.97272727272727,70.58043850936095
40.46363636363636,97.98181818181817,71.4781109466811
40.46363636363636,98.99090909090908,72.37661093407418
40.46363636363636,100.0,73.27592364171598
41.47272727272727,0.1,3.7454732548210313e-06
41.47272727272727,1.1090909090909091,0.00504105638626561
41.47272727272727,2.118181818181818,0.0339167591060618
41.47272727272727,3.1272727272727274,0.10355676617866093
41.47272727272727,4.136363636363636,0.22427530651257147
41.47272727272727,5.145454545454545,0.4002418915426447
41.47272727272727,6.154545454545454,0.6311947322446197
41.47272727272727,7.163636363636363,0.9142538917975023
41.47272727272727,8.172727272727272,1.245295230979848
41.47272727272727,9.181818181818182,1.6198164843891558
41.47272727272727,10.19090909090909,2.0334144200012494
41.47272727272727,11.2,2.482013314902998
41.47272727272727,12.209090909090909,2.9619507175831075
41.47272727272727,13.218181818181817,3.4699879854529203
41.47272727272727,14.227272727272727,4.003284796487902
41.47272727272727,15.236363636363635,4.559359033197269
41.47272727272727,16.245454545454546,5.136043088818262
41.47272727272727,17.254545454545454,5.731441914947012
41.47272727272727,18.263636363636365,6.34389507283505
41.47272727272727,19.272727272727273,6.97194348223399
41.47272727272727,20.28181818181818,7.61430079999741
41.47272727272727,21.290909090909093,8.26982902559528
41.47272727272727,22.3,8.937517814689176
41.47272727272727,23.30909090909091,9.616466973424743
41.47272727272727,24.31818181818182,10.30587164619899
41.47272727272727,25.327272727272728,11.00500976796488
41.47272727272727,26.336363636363636,11.713231413562486
41.47272727272727,27.345454545454544,12.429949734141085
41.47272727272727,28.354545454545455,13.154633221694027
41.47272727272727,29.363636363636363,13.886799086413378
41.47272727272727,30.37272727272727,14.626007568325885
41.47272727272727,31.381818181818183,15.371857035249283
41.47272727272727,32.39090909090909,16.12397974437983
41.47272727272727,33.4,16.882038165634295
41.47272727272727,34.40909090909091,17.645721781982807
41.47272727272727,35.418181818181814,18.414744296078702
41.47272727272727,36.42727272727273,19.18884118406868
41.47272727272727,37.43636363636364,19.967767547006478
41.47272727272727,38.445454545454545,20.751296218171337
41.47272727272727,39.45454545454545,21.53921609111217
41.47272727272727,40.46363636363636,22.331330638648538
41.47272727272727,41.47272727272727,23.127456597561427
41.47272727272727,42.481818181818184,23.92742279746242
41.47272727272727,43.49090909090909,24.7310691154735
41.47272727272727,44.5,25.53824554098771
41.47272727272727,45.50909090909091,26.348811337001152
41.47272727272727,46.518181818181816,27.162634286381515
41.47272727272727,47.527272727272724,27.979590013024957
41.47272727272727,48.53636363636364,28.79956136920078
41.47272727272727,49.54545454545455,29.622437881529873
41.47272727272727,50.554545454545455,30.448115249022482
41.47272727272727,51.56363636363636,31.276494887438705
41.47272727272727,52.57272727272727,32.10748351495465
41.47272727272727,53.58181818181818,32.94099277473583
41.47272727272727,54.590909090909086,33.77693889055331
41.47272727272727,55.6,34.61524235203985
41.47272727272727,56.60909090909091,35.45582762658292
41.47272727272727,57.61818181818182,36.29862289519934
41.47272727272727,58.627272727272725,37.14355981003874
41.47272727272727,59.63636363636363,37.990573271426896
41.47272727272727,60.64545454545454,38.83960122259121
41.47272727272727,61.654545454545456,39.69058446041235
41.47272727272727,62.663636363636364,40.54346646072425
41.47272727272727,63.67272727272727,41.39819321684059
41.47272727272727,64.68181818181817,42.254713090123445
41.47272727272727,65.69090909090909,43.112976671532095
41.47272727272727,66.69999999999999,43.97293665319646
41.47272727272727,67.7090909090909,44.83454770915649
41.47272727272727,68.7181818181818,45.69776638449171
41.47272727272727,69.72727272727272,46.56255099214227
41.47272727272727,70.73636363636362,47.428861516788196
41.47272727272727,71.74545454545454,48.29665952521482
41.47272727272727,72.75454545454545,49.165908082644684
41.47272727272727,73.76363636363635,50.03657167456476
41.47272727272727,74.77272727272727,50.9086161336206
41.47272727272727,75.78181818181817,51.78200857118697
41.47272727272727,76.79090909090908,52.65671731326018
41.47272727272727,77.8,53.53271184034704
41.47272727272727,78.8090909090909,54.40996273105503
41.47272727272727,79.81818181818181,55.28844160911208
41.47272727272727,80.82727272727271,56.16812109356814
41.47272727272727,81.83636363636363,57.04897475195139
41.47272727272727,82.84545454545453,57.93097705617046
41.47272727272727,83.85454545454544,58.81410334097056
41.47272727272727,84.86363636363636,59.69832976476775
41.47272727272727,85.87272727272726,60.58363327269966
41.47272727272727,86.88181818181818,61.46999156174231
41.47272727272727,87.89090909090908,62.35738304775719
41.47272727272727,88.89999999999999,63.245786834334744
41.47272727272727,89.90909090909089,64.13518268333272
41.47272727272727,90.91818181818181,65.02555098697977
41.47272727272727,91.92727272727272,65.91687274145963
41.47272727272727,92.93636363636362,66.80912952187626
41.47272727272727,93.94545454545454,67.70230345851525
41.47272727272727,94.95454545454544,68.59637721432058
41.47272727272727,95.96363636363635,69.49133396351344
41.47272727272727,96.97272727272727,70.38715737128304
41.47272727272727,97.98181818181817,71.283831574486
41.47272727272727,98.99090909090908,72.18134116329408
41.47272727272727,100.0,73.07967116373457
42.481818181818184,0.1,3.6565150035400372e-06
42.481818181818184,1.1090909090909091,0.004922894065665564
42.481818181818184,2.118181818181818,0.03314778018956193
42.481818181818184,3.1272727272727274,0.10132132260822266
42.481818181818184,4.136363636363636,0.2197146246622072
42.481818181818184,5.145454545454545,0.3926204868642829
42.481818181818184,6.154545454545454,0.6199670788596225
42.481818181818184,7.163636363636363,0.8990620974856024
42.481818181818184,8.172727272727272,1.2259359156898855
42.481818181818184,9.181818181818182,1.596201426266628
42.481818181818184,10.19090909090909,2.0055359438117693
42.481818181818184,11.2,2.4499174575096228
42.481818181818184,12.209090909090909,2.9257177498391562
42.481818181818184,13.218181818181817,3.4297188067321605
42.481818181818184,14.227272727272727,3.959091664974454
42.481818181818184,15.236363636363635,4.511359368471787
42.481818181818184,16.245454545454546,5.084355402078381
42.481818181818184,17.254545454545454,5.676183192953482
42.481818181818184,18.263636363636365,6.28517914657995
42.481818181818184,19.272727272727273,6.909880058187509
42.481818181818184,20.28181818181818,7.5489949341485865
42.481818181818184,21.290909090909093,8.201380890826599
42.481818181818184,22.3,8.866022660009845
42.481818181818184,23.30909090909091,9.542015206246434
42.481818181818184,24.31818181818182,10.22854899106323
42.481818181818184,25.327272727272728,10.92489747027392
42.481818181818184,26.336363636363636,11.630406467199233
42.481818181818184,27.345454545454544,12.344485118926384
42.481818181818184,28.354545454545455,13.066598141461
42.481818181818184,29.363636363636363,13.796259201783394
42.481818181818184,30.37272727272727,14.53302522052734
42.481818181818184,31.381818181818183,15.276491458855933
42.481818181818184,32.39090909090909,16.026287267882918
42.481818181818184,33.4,16.78207239945661
42.481818181818184,34.40909090909091,17.54353379399878
42.481818181818184,35.418181818181814,18.310382774996746
42.481818181818184,36.42727272727273,19.082352591210757
42.481818181818184,37.43636363636364,19.859196257121635
42.481818181818184,38.445454545454545,20.640684649968822
42.481818181818184,39.45454545454545,21.426604828213648
42.481818181818184,40.46363636363636,22.216758541649547
42.481818181818184,41.47272727272727,23.010960907868107
42.481818181818184,42.481818181818184,23.80903923353665
42.481818181818184,43.49090909090909,24.61083196208173
42.481818181818184,44.5,25.41618773200869
42.481818181818184,45.50909090909091,26.224964532307567
42.481818181818184,46.518181818181816,27.037028943270915
42.481818181818184,47.527272727272724,27.852255452637532
42.481818181818184,48.53636363636364,28.67052583832591
42.481818181818184,49.54545454545455,29.49172861016963
42.481818181818184,50.554545454545455,30.31575850404938
42.481818181818184,51.56363636363636,31.142516022656316
42.481818181818184,52.57272727272727,31.97190701784295
42.481818181818184,53.58181818181818,32.80384231013944
42.481818181818184,54.590909090909086,33.63823734154841
42.481818181818184,55.6,34.475011858195295
42.481818181818184,56.60909090909091,35.31408961981296
42.481818181818184,57.61818181818182,36.15539813338832
42.481818181818184,58.627272727272725,36.998868408603165
42.481818181818184,59.63636363636363,37.844434732966185
42.481818181818184,60.64545454545454,38.69203446476586
42.481818181818184,61.654545454545456,39.54160784217704
42.481818181818184,62.663636363636364,40.39309780703253
42.481818181818184,63.67272727272727,41.24644984192858
42.481818181818184,64.68181818181817,42.101611819471366
42.481818181818184,65.69090909090909,42.95853386259421
42.481818181818184,66.69999999999999,43.81716821498338
42.481818181818184,67.7090909090909,44.67746912074659
42.481818181818184,68.7181818181818,45.53939271254301
42.481818181818184,69.72727272727272,46.40289690747022
42.481818181818184,70.73636363636362,47.267941310070086
42.481818181818184,71.74545454545454,48.13448712187687
42.481818181818184,72.75454545454545,49.00249705698364
42.481818181818184,73.76363636363635,49.87193526315207
42.481818181818184,74.77272727272727,50.74276724803362
42.481818181818184,75.78181818181817,51.6149598101087
42.481818181818184,76.79090909090908,52.48848097398557
42.481818181818184,77.8,53.36329992973177
42.481818181818184,78.8090909090909,54.23938697593968
42.481818181818184,79.81818181818181,55.11671346625262
42.481818181818184,80.82727272727271,55.99525175910143
42.481818181818184,81.83636363636363,56.874975170422395
42.481818181818184,82.84545454545453,57.75585792914583
42.481818181818184,83.85454545454544,58.63787513526251
42.481818181818184,84.86363636363636,59.521002720289545
42.481818181818184,85.87272727272726,60.40521740997273
42.481818181818184,86.88181818181818,61.29049668907466
42.481818181818184,87.89090909090908,62.17681876810916
42.481818181818184,88.89999999999999,63.06416255189556
42.481818181818184,89.90909090909089,63.952507609807434
42.481818181818184,90.91818181818181,64.84183414762221
42.481818181818184,91.92727272727272,65.73212298084931
42.481818181818184,92.93636363636362,66.62335550945872
42.481818181818184,93.94545454545454,67.51551369391628
42.481818181818184,94.95454545454544,68.4085800324463
42.481818181818184,95.96363636363635,69.30253753944663
42.481818181818184,96.97272727272727,70.19736972498578
42.481818181818184,97.98181818181817,71.0930605753181
42.481818181818184,98.99090909090908,71.98959453435641
42.481818181818184,100.0,72.88695648604543
43.49090909090909,0.1,3.5716843885777728e-06
43.49090909090909,1.1090909090909091,0.00481014462605807
43.49090909090909,2.118181818181818,0.03241292121877767
43.49090909090909,3.1272727272727274,0.09918062781739007
43.49090909090909,4.136363636363636,0.21533714138922316
43.49090909090909,5.145454545454545,0.38528840918479323
43.49090909090909,6.154545454545454,0.6091425419877377
43.49090909090909,7.163636363636363,0.8843876491090635
43.49090909090909,8.172727272727272,1.2072043470650955
43.49090909090909,9.181818181818182,1.5733185978222566
43.49090909090909,10.19090909090909,1.978487527320013
43.49090909090909,11.2,2.418742849437939
43.49090909090909,12.209090909090909,2.890490961521756
43.49090909090909,13.218181818181817,3.3905350101987195
43.49090909090909,14.227272727272727,3.9160579589218014
43.49090909090909,15.236363636363635,4.4645885594547146
43.49090909090909,16.245454545454546,5.033961888386628
43.49090909090909,17.254545454545454,5.622280294127181
43.49090909090909,18.263636363636365,6.227877417936609
43.49090909090909,19.272727272727273,6.849286272019909
43.49090909090909,20.28181818181818,7.485211509220836
43.49090909090909,21.290909090909093,8.134505620921457
43.49090909090909,22.3,8.796148639705828
43.49090909090909,23.30909090909091,9.469230884537147
43.49090909090909,24.31818181818182,10.152938305601312
43.49090909090909,25.327272727272728,10.846540030190043
43.49090909090909,26.336363636363636,11.549377762840244
43.49090909090909,27.345454545454544,12.260856743989587
43.49090909090909,28.354545454545455,12.980438017902438
43.49090909090909,29.363636363636363,13.707631801245546
43.49090909090909,30.37272727272727,14.441991778343729
43.49090909090909,31.381818181818183,15.18311017827215
43.49090909090909,32.39090909090909,15.930613513210774
43.49090909090909,33.4,16.684158877604656
43.49090909090909,34.40909090909091,17.443430724305752
43.49090909090909,35.418181818181814,18.208138047608873
43.49090909090909,36.42727272727273,18.978011914441527
43.49090909090909,37.43636363636364,19.752803294349416
43.49090909090909,38.445454545454545,20.532281146689673
43.49090909090909,39.45454545454545,21.31623072989071
43.49090909090909,40.46363636363636,22.104452103000206
43.49090909090909,41.47272727272727,22.896758794212953
43.49090909090909,42.481818181818184,23.692976614807822
43.49090909090909,43.49090909090909,24.49294260005519
43.49090909090909,44.5,25.296504061289443
43.49090909090909,45.50909090909091,26.103517735559997
43.49090909090909,46.518181818181816,26.913849021150135
43.49090909090909,47.527272727272724,27.72737128884239
43.49090909090909,48.53636363636364,28.543965260160537
43.49090909090909,49.54545454545455,29.363518444969035
43.49090909090909,50.554545454545455,30.185924631795135
43.49090909090909,51.56363636363636,31.011083425080653
43.49090909090909,52.57272727272727,31.838899824295105
43.49090909090909,53.58181818181818,32.669283840464196
43.49090909090909,54.590909090909086,33.502150146206
43.49090909090909,55.6,34.33741775583237
43.49090909090909,56.60909090909091,35.175009732476475
43.49090909090909,57.61818181818182,36.01485291955812
43.49090909090909,58.627272727272725,36.856877694204414
43.49090909090909,59.63636363636363,37.701017740508995
43.49090909090909,60.64545454545454,38.547209840747975
43.49090909090909,61.654545454545456,39.39539368287342
43.49090909090909,62.663636363636364,40.245511682786194
43.49090909090909,63.67272727272727,41.097508820047686
43.49090909090909,64.68181818181817,41.9513324858288
43.49090909090909,65.69090909090909,42.8069323420188
43.49090909090909,66.69999999999999,43.66426019052425
43.49090909090909,67.7090909090909,44.523269851886376
43.49090909090909,68.7181818181818,45.3839170524293
43.49090909090909,69.72727272727272,46.246159319229655
43.49090909090909,70.73636363636362,47.109955882264536
43.49090909090909,71.74545454545454,47.975267583156416
43.49090909090909,72.75454545454545,48.84205678998737
43.49090909090909,73.76363636363635,49.71028731770386
43.49090909090909,74.77272727272727,50.57992435367633
43.49090909090909,75.78181818181817,51.45093438801752
43.49090909090909,76.79090909090908,52.323285148298
43.49090909090909,77.8,53.196945538329246
43.49090909090909,78.8090909090909,54.071885580713364
43.49090909090909,79.81818181818181,54.94807636288355
43.49090909090909,80.82727272727271,55.82548998638325
43.49090909090909,81.83636363636363,56.70409951915292
43.49090909090909,82.84545454545453,57.58387895061194
43.49090909090909,83.85454545454544,58.46480314934102
43.49090909090909,84.86363636363636,59.346847823185875
43.49090909090909,85.87272727272726,60.229989481616904
43.49090909090909,86.88181818181818,61.11420540019345
43.49090909090909,87.89090909090908,61.99947358699181
43.49090909090909,88.89999999999999,62.885772750868426
43.49090909090909,89.90909090909089,63.77308227143906
43.49090909090909,90.91818181818181,64.66138217065775
43.49090909090909,91.92727272727272,65.55065308590842
43.49090909090909,92.93636363636362,66.44087624449398
43.49090909090909,93.94545454545454,67.33203343945051
43.49090909090909,94.95454545454544,68.22410700659869
43.49090909090909,95.96363636363635,69.11707980275813
43.49090909090909,96.97272727272727,70.01093518505394
43.49090909090909,97.98181818181817,70.90565699125045
43.49090909090909,98.99090909090908,71.80122952105127
43.49090909090909,100.0,72.69763751830837
44.5,0.1,3.490700642128603e-06
44.5,1.1090909090909091,0.004702444439348865
44.5,2.118181818181818,0.03170995914113605
44.5,3.1272727272727274,0.09712876662220155
44.5,4.136363636363636,0.2111319570463551
44.5,5.145454545454545,0.37822925461822837
44.5,6.154545454545454,0.5986992699278676
44.5,7.163636363636363,0.8702036031200003
44.5,8.172727272727272,1.1890689477599776
44.5,9.181818181818182,1.551132243501832
44.5,10.19090909090909,1.952229646777551
44.5,11.2,2.3884465518974127
44.5,12.209090909090909,2.8562242976222803
44.5,13.218181818181817,3.352387676397392
44.5,14.227272727272727,3.8741321071569104
44.5,15.236363636363635,4.418992564165992
44.5,16.245454545454546,4.984806190074047
44.5,17.254545454545454,5.56967467928654
44.5,18.263636363636365,6.171929283291983
44.5,19.272727272727273,6.790099558709114
44.5,20.28181818181818,7.422886090146871
44.5,21.290909090909093,8.069136992378686
44.5,22.3,8.727827815224801
44.5,23.30909090909091,9.398044421075234
44.5,24.31818181818182,10.07896841430033
44.5,25.327272727272728,10.769864739100054
44.5,26.336363636363636,11.47007110945007
44.5,27.345454545454544,12.178988982599229
44.5,28.354545454545455,12.896075831835635
44.5,29.363636363636363,13.620838513326618
44.5,30.37272727272727,14.35282755542574
44.5,31.381818181818183,15.09163222722976
44.5,32.39090909090909,15.836876266925266
44.5,33.4,16.588214170226454
44.5,34.40909090909091,17.3453279555887
44.5,35.418181818181814,18.107924336446672
44.5,36.42727272727273,18.875732241951823
44.5,37.43636363636364,19.64850063698287
44.5,38.445454545454545,20.425996599915162
44.5,39.45454545454545,21.208003623042373
44.5,40.46363636363636,21.99432010587987
44.5,41.47272727272727,22.784758016031745
44.5,42.481818181818184,23.57914169602991
44.5,43.49090909090909,24.3773067976786
44.5,44.5,25.179099328067593
44.5,45.50909090909091,25.984374793634228
44.5,46.518181818181816,26.79299743053005
44.5,47.527272727272724,27.60483951113823
44.5,48.53636363636364,28.419780717940224
44.5,49.54545454545455,29.237707577082915
44.5,50.554545454545455,30.058512944983324
44.5,51.56363636363636,30.88209554215216
44.5,52.57272727272727,31.708359529143667
44.5,53.58181818181818,32.537214120163696
44.5,54.590909090909086,33.368573230407996
44.5,55.6,34.202355153669544
44.5,56.60909090909091,35.03848226715872
44.5,57.61818181818182,35.876880760832634
44.5,58.627272727272725,36.717480388836506
44.5,59.63636363636363,37.560214240927934
44.5,60.64545454545454,38.40501853198951
44.5,61.654545454545456,39.25183240794093
44.5,62.663636363636364,40.10059776654147
44.5,63.67272727272727,40.95125909173415
44.5,64.68181818181817,41.80376330032155
44.5,65.69090909090909,42.65805959988812
44.5,66.69999999999999,43.514099356993015
44.5,67.7090909090909,44.37183597475484
44.5,68.7181818181818,45.23122477903581
44.5,69.72727272727272,46.09222291250992
44.5,70.73636363636362,46.954789235967795
44.5,71.74545454545454,47.81888423627243
44.5,72.75454545454545,48.68446994043395
44.5,73.76363636363635,49.55150983532117
44.5,74.77272727272727,50.419968792570955
44.5,75.78181818181817,51.28981299829569
44.5,76.79090909090908,52.161009887225276
44.5,77.8,53.03352808095083
44.5,78.8090909090909,53.90733732996681
44.5,79.81818181818181,54.78240845923376
44.5,80.82727272727271,55.658713317007425
44.5,81.83636363636363,56.53622472670113
44.5,82.84545454545453,57.41491644156749
44.5,83.85454545454544,58.29476310200308
44.5,84.86363636363636,59.17574019529502
44.5,85.87272727272726,60.05782401764388
44.5,86.88181818181818,60.94099163830879
44.5,87.89090909090908,61.825220865733954
44.5,88.89999999999999,62.71049021552604
44.5,89.90909090909089,63.596778880161985
44.5,90.91818181818181,64.48406670031662
44.5,91.92727272727272,65.37233413770085
44.5,92.93636363636362,66.26156224933038
44.5,93.94545454545454,67.15173266311591
44.5,94.95454545454544,68.04282755470736
44.5,95.96363636363635,68.93482962551086
44.5,96.97272727272727,69.82772208180732
44.5,97.98181818181817,70.72148861490751
44.5,98.99090909090908,71.61611338228185
44.5,100.0,72.51158098960792
45.50909090909091,0.1,3.4133078961218332e-06
45.50909090909091,1.1090909090909091,0.004599461736256791
45.50909090909091,2.118181818181818,0.031036860038627222
45.50909090909091,3.1272727272727274,0.09516030744337951
45.50909090909091,4.136363636363636,0.20708902555186157
45.50909090909091,5.145454545454545,0.3714278524678095
45.50909090909091,6.154545454545454,0.5886169960450572
45.50909090909091,7.163636363636363,0.8564849131209837
45.50909090909091,8.172727272727272,1.1715003110135989
45.50909090909091,9.181818181818182,1.5296090188342317
45.50909090909091,10.19090909090909,1.9267254032793504
45.50909090909091,11.2,2.3589884432722474
45.50909090909091,12.209090909090909,2.8228746953891117
45.50909090909091,13.218181818181817,3.3152310391579114
45.50909090909091,14.227272727272727,3.833265841194804
45.50909090909091,15.236363636363635,4.3745207829527
45.50909090909091,16.245454545454546,4.9368355231172325
45.50909090909091,17.254545454545454,5.518311507029925
45.50909090909091,18.263636363636365,6.117277954672406
45.50909090909091,19.272727272727273,6.7322612811949725
45.50909090909091,20.28181818181818,7.361958277214642
45.50909090909091,21.290909090909093,8.0052129200231
45.50909090909091,22.3,8.660996485316018
45.50909090909091,23.30909090909091,9.328390561285328
45.50909090909091,24.31818181818182,10.006572566320909
45.50909090909091,25.327272727272728,10.694803402045862
45.50909090909091,26.336363636363636,11.392416915821924
45.50909090909091,27.345454545454544,12.098810891427018
45.50909090909091,28.354545454545455,12.813439328641683
45.50909090909091,29.363636363636363,13.535805810028608
45.50909090909091,30.37272727272727,14.265457785708925
45.50909090909091,31.381818181818183,15.001981634585793
45.50909090909091,32.39090909090909,15.744998383704154
45.50909090909091,33.4,16.494159986835243
45.50909090909091,34.40909090909091,17.24914607950443
45.50909090909091,35.418181818181814,18.00966114106732
45.50909090909091,36.42727272727273,18.775432005541322
45.50909090909091,37.43636363636364,19.54620567211213
45.50909090909091,38.445454545454545,20.32174737388651
45.50909090909091,39.45454545454545,21.101838869829237
45.50909090909091,40.46363636363636,21.88627693012928
45.50909090909091,41.47272727272727,22.674871989674667
45.50909090909091,42.481818181818184,23.467446948028535
45.50909090909091,43.49090909090909,24.26383609741745
45.50909090909091,44.5,25.063884162866987
45.50909090909091,45.50909090909091,25.867445440835457
45.50909090909091,46.518181818181816,26.674383024570623
45.50909090909091,47.527272727272724,27.48456810600544
45.50909090909091,48.53636363636364,28.2978793453619
45.50909090909091,49.54545454545455,29.114202300786193
45.50909090909091,50.554545454545455,29.933428911325866
45.50909090909091,51.56363636363636,30.755457027405637
45.50909090909091,52.57272727272727,31.580189983686328
45.50909090909091,53.58181818181818,32.40753620981773
45.50909090909091,54.590909090909086,33.23740887513775
45.50909090909091,55.6,34.06972556383891
45.50909090909091,56.60909090909091,34.90440797752938
45.50909090909091,57.61818181818182,35.74138166247001
45.50909090909091,58.627272727272725,36.58057575907635
45.50909090909091,59.63636363636363,37.42192277154395
45.50909090909091,60.64545454545454,38.26535835569115
45.50909090909091,61.654545454545456,39.110821123319646
45.50909090909091,62.663636363636364,39.95825246157463
45.50909090909091,63.67272727272727,40.80759636594664
45.50909090909091,64.68181818181817,41.658799285697484
45.50909090909091,65.69090909090909,42.51180998061769
45.50909090909091,66.69999999999999,43.36657938813275
45.50909090909091,67.7090909090909,44.223060499873725
45.50909090909091,68.7181818181818,45.081208246913874
45.50909090909091,69.72727272727272,45.940979392951235
45.50909090909091,70.73636363636362,46.80233243478465
45.50909090909091,71.74545454545454,47.66522750949369
45.50909090909091,72.75454545454545,48.52962630778644
45.50909090909091,73.76363636363635,49.39549199302928
45.50909090909091,74.77272727272727,50.262789125516655
45.50909090909091,75.78181818181817,51.13148359157792
45.50909090909091,76.79090909090908,52.00154253715495
45.50909090909091,77.8,52.87293430551502
45.50909090909091,78.8090909090909,53.74562837879372
45.50909090909091,79.81818181818181,54.61959532308741
45.50909090909091,80.82727272727271,55.49480673683939
45.50909090909091,81.83636363636363,56.371235202284545
45.50909090909091,82.84545454545453,57.24885423973712
45.50909090909091,83.85454545454544,58.1276382645234
45.50909090909091,84.86363636363636,59.007562546377045
45.50909090909091,85.87272727272726,59.88860317112983
45.50909090909091,86.88181818181818,60.770737004542795
45.50909090909091,87.89090909090908,61.6539416581358
45.50909090909091,88.89999999999999,62.53819545688353
45.50909090909091,89.90909090909089,63.42347740865673
45.50909090909091,90.91818181818181,64.30976717529633
45.50909090909091,91.92727272727272,65.19704504521728
45.50909090909091,92.93636363636362,66.08529190743974
45.50909090909091,93.94545454545454,66.97448922697369
45.50909090909091,94.95454545454544,67.8646190214533
45.50909090909091,95.96363636363635,68.75566383896007
45.50909090909091,96.97272727272727,69.64760673695636
45.50909090909091,97.98181818181817,70.54043126226428
45.50909090909091,98.99090909090908,71.434121432028
45.50909090909091,100.0,72.32866171560151
46.518181818181816,0.1,3.3392724818188657e-06
46.518181818181816,1.1090909090909091,0.004500893191844768
46.518181818181816,2.118181818181818,0.030391759420795913
46.518181818181816,3.1272727272727274,0.09327025375364649
46.518181818181816,4.136363636363636,0.20319907192705175
46.518181818181816,5.145454545454545,0.36487015012326673
46.518181818181816,6.154545454545454,0.5788768949394802
46.518181818181816,7.163636363636363,0.8432082614379526
46.518181818181816,8.172727272727272,1.1544710111079972
46.518181818181816,9.181818181818182,1.5087177824759435
46.518181818181816,10.19090909090909,1.9019402984672784
46.518181818181816,11.2,2.330330980089609
46.518181818181816,12.209090909090909,2.790401831830806
46.518181818181816,13.218181818181817,3.2790222206613544
46.518181818181816,14.227272727272727,3.7934139187190556
46.518181818181816,15.236363636363635,4.331125771101114
46.518181818181816,16.245454545454546,4.890000379496875
46.518181818181816,17.254545454545454,5.46813932637485
46.518181818181816,18.263636363636365,6.063870143133376
46.518181818181816,19.272727272727273,6.675716404936307
46.518181818181816,20.28181818181818,7.302371372164688
46.518181818181816,21.290909090909093,7.942675114979488
46.518181818181816,22.3,8.595594836186002
46.518181818181816,23.30909090909091,9.260208025854073
46.518181818181816,24.31818181818182,9.935688070828009
46.518181818181816,25.327272727272728,10.6212919660053
46.518181818181816,26.336363636363636,11.316349812025543
46.518181818181816,27.345454545454544,12.0202558253642
46.518181818181816,28.354545454545455,12.732460626637726
46.518181818181816,29.363636363636363,13.452464608931837
46.518181818181816,30.37272727272727,14.179812219411412
46.518181818181816,31.381818181818183,14.914087014368512
46.518181818181816,32.39090909090909,15.654907370579835
46.518181818181816,33.4,16.401922754877234
46.518181818181816,34.40909090909091,17.15481046970689
46.518181818181816,35.418181818181814,17.913272805658192
46.518181818181816,36.42727272727273,18.677034542917824
46.518181818181816,37.43636363636364,19.44584075272797
46.518181818181816,38.445454545454545,20.21945485751686
46.518181818181816,39.45454545454545,20.997656914693025
46.518181818181816,40.46363636363636,21.78024209437231
46.518181818181816,41.47272727272727,22.56701932572039
46.518181818181816,42.481818181818184,23.357810090293913
46.518181818181816,43.49090909090909,24.15244734387238
46.518181818181816,44.5,24.95077455089262
46.518181818181816,45.50909090909091,25.75264481780972
46.518181818181816,46.518181818181816,26.557920113581787
46.518181818181816,47.527272727272724,27.36647056706651
46.518181818181816,48.53636363636364,28.17817383247116
46.518181818181816,49.54545454545455,28.992914515153107
46.518181818181816,50.554545454545455,29.81058365105651
46.518181818181816,51.56363636363636,30.63107823391841
46.518181818181816,52.57272727272727,31.454300785106977
46.518181818181816,53.58181818181818,32.28015896158226
46.518181818181816,54.590909090909086,33.108565198013295
46.518181818181816,55.6,33.9394363795553
46.518181818181816,56.60909090909091,34.772693542198375
46.518181818181816,57.61818181818182,35.6082615979545
46.518181818181816,58.627272727272725,36.44606908245891
46.518181818181816,59.63636363636363,37.28604792283153
46.518181818181816,60.64545454545454,38.12813322388201
46.518181818181816,61.654545454545456,38.9722630709481
46.518181818181816,62.663636363636364,39.818378347840245
46.518181818181816,63.67272727272727,40.66642256852578
46.518181818181816,64.68181818181817,41.516341721327606
46.518181818181816,65.69090909090909,42.368084124537475
46.518181818181816,66.69999999999999,43.22160029245488
46.518181818181816,67.7090909090909,44.076842810961125
46.518181818181816,68.7181818181818,44.93376622182487
46.518181818181816,69.72727272727272,45.79232691501397
46.518181818181816,70.73636363636362,46.6524830283569
46.518181818181816,71.74545454545454,47.5141943539596
46.518181818181816,72.75454545454545,48.377422250838386
46.518181818181816,73.76363636363635,49.24212956327916
46.518181818181816,74.77272727272727,50.10828054447793
46.518181818181816,75.78181818181817,50.975840785056675
46.518181818181816,76.79090909090908,51.844777146085505
46.518181818181816,77.8,52.715057696273455
46.518181818181816,78.8090909090909,53.586651653019565
46.518181818181816,79.81818181818181,54.459529327042794
46.518181818181816,80.82727272727271,55.33366207033183
46.518181818181816,81.83636363636363,56.20902222717872
46.518181818181816,82.84545454545453,57.08558308807838
46.518181818181816,83.85454545454544,57.963318846295344
46.518181818181816,84.86363636363636,58.842204556912804
46.518181818181816,85.87272727272726,59.72221609819647
46.518181818181816,86.88181818181818,60.6033301351163
46.518181818181816,87.89090909090908,61.485524084883465
46.518181818181816,88.89999999999999,62.36877608436925
46.518181818181816,89.90909090909089,63.2530649592837
46.518181818181816,90.91818181818181,64.13837019500086
46.518181818181816,91.92727272727272,65.02467190892555
46.518181818181816,92.93636363636362,65.91195082430488
46.518181818181816,93.94545454545454,66.80018824539488
46.518181818181816,94.95454545454544,67.68936603389314
46.518181818181816,95.96363636363635,68.57946658657494
46.518181818181816,96.97272727272727,69.47047281404038
46.518181818181816,97.98181818181817,70.36236812052056
46.518181818181816,98.99090909090908,71.2551363846748
46.518181818181816,100.0,72.14876194132103
47.527272727272724,0.1,3.2683805733834646e-06
47.527272727272724,1.1090909090909091,0.004406460940990571
47.527272727272724,2.118181818181818,0.02977294493286637
47.527272727272724,3.1272727272727274,0.09145400127743934
47.527272727272724,4.136363636363636,0.19945351926653923
47.527272727272724,5.145454545454545,0.358543110748353
47.527272727272724,6.154545454545454,0.5694614542489764
47.527272727272724,7.163636363636363,0.8303519087113749
47.527272727272724,8.172727272727272,1.1379554338686855
47.527272727272724,9.181818181818182,1.4884294100671303
47.527272727272724,10.19090909090909,1.8778420336212291
47.527272727272724,11.2,2.3024389828033
47.527272727272724,12.209090909090909,2.7587678973452103
47.527272727272724,13.218181818181817,3.243720993847558
47.527272727272724,14.227272727272727,3.7545338755387028
47.527272727272724,15.236363636363635,4.288762980992954
47.527272727272724,16.245454545454546,4.844254260109997
47.527272727272724,17.254545454545454,5.419109800910047
47.527272727272724,18.263636363636365,6.011655774574921
47.527272727272724,19.272727272727273,6.620413205766842
47.527272727272724,20.28181818181818,7.244072078423641
47.527272727272724,21.290909090909093,7.881468777587345
47.527272727272724,22.3,8.531566627369996
47.527272727272724,23.30909090909091,9.193439189809444
47.527272727272724,24.31818181818182,9.866255969508382
47.527272727272724,25.327272727272728,10.549270186059594
47.527272727272724,26.336363636363636,11.241808309420579
47.527272727272724,27.345454545454544,11.943261091562512
47.527272727272724,28.354545454545455,12.653075865314499
47.527272727272724,29.363636363636363,13.370749915786888
47.527272727272724,30.37272727272727,14.095824760127869
47.527272727272724,31.381818181818183,14.827881197511855
47.527272727272724,32.39090909090909,15.566535013444701
47.527272727272724,33.4,16.31143324113057
47.527272727272724,34.40909090909091,17.062250898255783
47.527272727272724,35.418181818181814,17.818688130564823
47.527272727272724,36.42727272727273,18.58046770444851
47.527272727272724,37.43636363636364,19.347332799795083
47.527272727272724,38.445454545454545,20.11904506188041
47.527272727272724,39.45454545454545,20.89538287735107
47.527272727272724,40.46363636363636,21.67613984460081
47.527272727272724,41.47272727272727,22.461123413232954
47.527272727272724,42.481818181818184,23.250153670987324
47.527272727272724,43.49090909090909,24.04306225960988
47.527272727272724,44.5,24.83969140375685
47.527272727272724,45.50909090909091,25.639893039233993
47.527272727272724,46.518181818181816,26.443528028743177
47.527272727272724,47.527272727272724,27.250465454898478
47.527272727272724,48.53636363636364,28.06058198162818
47.527272727272724,49.54545454545455,28.873761276235022
47.527272727272724,50.554545454545455,29.689893485376885
47.527272727272724,51.56363636363636,30.50887475907896
47.527272727272724,52.57272727272727,31.330606817619234
47.527272727272724,53.58181818181818,32.15499655675858
47.527272727272724,54.590909090909086,32.98195568733108
47.527272727272724,55.6,33.8114004056819
47.527272727272724,56.60909090909091,34.643251091849024
47.527272727272724,57.61818181818182,35.477432032741454
47.527272727272724,58.627272727272725,36.313871167877195
47.527272727272724,59.63636363636363,37.15249985551508
47.527272727272724,60.64545454545454,37.99325265725303
47.527272727272724,61.654545454545456,38.83606713937274
47.527272727272724,62.663636363636364,39.68088368939478
47.527272727272724,63.67272727272727,40.527645346469
47.527272727272724,64.68181818181817,41.37629764436784
47.527272727272724,65.69090909090909,42.22678846597564
47.527272727272724,66.69999999999999,43.079067908278816
47.527272727272724,67.7090909090909,43.93308815696041
47.527272727272724,68.7181818181818,44.78880336979041
47.527272727272724,69.72727272727272,45.64616956808152
47.527272727272724,70.73636363636362,46.505144535549384
47.527272727272724,71.74545454545454,47.36568772397917
47.527272727272724,72.75454545454545,48.22776016515488
47.527272727272724,73.76363636363635,49.09132438855918
47.527272727272724,74.77272727272727,49.95634434439438
47.527272727272724,75.78181818181817,50.82278533151698
47.527272727272724,76.79090909090908,51.69061392991308
47.527272727272724,77.8,52.55979793737486
47.527272727272724,78.8090909090909,53.43030631006807
47.527272727272724,79.81818181818181,54.30210910670595
47.527272727272724,80.82727272727271,55.17517743606966
47.527272727272724,81.83636363636363,56.04948340763693
47.527272727272724,82.84545454545453,56.925000085099455
47.527272727272724,83.85454545454544,57.801701442568685
47.527272727272724,84.86363636363636,58.67956232328431
47.527272727272724,85.87272727272726,59.558558400655585
47.527272727272724,86.88181818181818,60.438666141478606
47.527272727272724,87.89090909090908,61.319862771184575
47.527272727272724,88.89999999999999,62.20212624098582
47.527272727272724,89.90909090909089,63.0854351967957
47.527272727272724,90.91818181818181,63.96976894980852
47.527272727272724,91.92727272727272,64.85510744863373
47.527272727272724,92.93636363636362,65.74143125288653
47.527272727272724,93.94545454545454,66.62872150814408
47.527272727272724,94.95454545454544,67.51695992218411
47.527272727272724,95.96363636363635,68.40612874242159
47.527272727272724,96.97272727272727,69.29621073448608
47.527272727272724,97.98181818181817,70.18718916185182
47.527272727272724,98.99090909090908,71.07904776647294
47.527272727272724,100.0,71.97177075035871
48.53636363636364,0.1,3.2004361253704752e-06
48.53636363636364,1.1090909090909091,0.004315909961933282
48.53636363636364,2.118181818181818,0.029178841140420905
48.53636363636364,3.1272727272727274,0.08970730014793026
48.53636363636364,4.136363636363636,0.19584442389943243
48.53636363636364,5.145454545454545,0.3524346221173324
48.53636363636364,6.154545454545454,0.5603543601083232
48.53636363636364,7.163636363636363,0.8178955592520415
48.53636363636364,8.172727272727272,1.121929624726422
48.53636363636364,9.181818181818182,1.4687166272141516
48.53636363636364,10.19090909090909,1.8544003292700293
48.53636363636364,11.2,2.2752794433587527
48.53636363636364,12.209090909090909,2.7279373922872665
48.53636363636364,13.218181818181817,3.209289568833815
48.53636363636364,14.227272727272727,3.716585802558502
48.53636363636364,15.236363636363635,4.247390530217221
48.53636363636364,16.245454545454546,4.799553434528277
48.53636363636364,17.254545454545454,5.371177460637718
48.53636363636364,18.263636363636365,5.960587734054202
48.53636363636364,19.272727272727273,6.56630300701849
48.53636363636364,20.28181818181818,7.187010231343358
48.53636363636364,21.290909090909093,7.821542321030805
48.53636363636364,22.3,8.468858909001893
48.53636363636364,23.30909090909091,9.12802979365798
48.53636363636364,24.31818181818182,9.798220741783311
48.53636363636364,25.327272727272728,10.47868132487329
48.53636363636364,26.336363636363636,11.168734494580793
48.53636363636364,27.345454545454544,11.867767637966896
48.53636363636364,28.354545454545455,12.575224888630391
48.53636363636364,29.363636363636363,13.290600502712625
48.53636363636364,30.37272727272727,14.013433138064944
48.53636363636364,31.381818181818183,14.743300900253594
48.53636363636364,32.39090909090909,15.479817040729595
48.53636363636364,33.4,16.22262621077515
48.53636363636364,34.40909090909091,16.9714011901824
48.53636363636364,35.418181818181814,17.725840022451955
48.53636363636364,36.42727272727273,18.48566349901017
48.53636363636364,37.43636363636364,19.25061294388068
48.53636363636364,38.445454545454545,20.020448257704206
48.53636363636364,39.45454545454545,20.794946186231932
48.53636363636364,40.46363636363636,21.573898783631265
48.53636363636364,41.47272727272727,22.357112045312714
48.53636363636364,42.481818181818184,23.144404688656813
48.53636363636364,43.49090909090909,23.935607063109764
48.53636363636364,44.5,24.73056017372318
48.53636363636364,45.50909090909091,25.529114804418143
48.53636363636364,46.518181818181816,26.331130729123487
48.53636363636364,47.527272727272724,27.136476000526727
48.53636363636364,48.53636363636364,27.945026307530785
48.53636363636364,49.54545454545455,28.75666439366556
48.53636363636364,50.554545454545455,29.57127952969461
48.53636363636364,51.56363636363636,30.388767034506962
48.53636363636364,52.57272727272727,31.20902783911588
48.53636363636364,53.58181818181818,32.03196808921779
48.53636363636364,54.590909090909086,32.85749878230956
48.53636363636364,55.6,33.68553543583564
48.53636363636364,56.60909090909091,34.515997783246746
48.53636363636364,57.61818181818182,35.3488094952093
48.53636363636364,58.627272727272725,36.18389792351628
48.53636363636364,59.63636363636363,37.02119386552257
48.53636363636364,60.64545454545454,37.8606313471666
48.53636363636364,61.654545454545456,38.70214742284904
48.53636363636364,62.663636363636364,39.54568199062353
48.53636363636364,63.67272727272727,40.39117762131656
48.53636363636364,64.68181818181817,41.238579400336675
48.53636363636364,65.69090909090909,42.087834781059435
48.53636363636364,66.69999999999999,42.93889344878672
48.53636363636364,67.7090909090909,43.79170719437857
48.53636363636364,68.7181818181818,44.64622979674352
48.53636363636364,69.72727272727272,45.502416913452514
48.53636363636364,70.73636363636362,46.36022597881112
48.53636363636364,71.74545454545454,47.21961610878777
48.53636363636364,72.75454545454545,48.080548012251256
48.53636363636364,73.76363636363635,48.94298390802107
48.53636363636364,74.77272727272727,49.80688744727919
48.53636363636364,75.78181818181817,50.67222364093192
48.53636363636364,76.79090909090908,51.53895879154721
48.53636363636364,77.8,52.407060429524925
48.53636363636364,78.8090909090909,53.27649725318769
48.53636363636364,79.81818181818181,54.14723907250605
48.53636363636364,80.82727272727271,55.01925675619592
48.53636363636364,81.83636363636363,55.89252218194814
48.53636363636364,82.84545454545453,56.767008189569594
48.53636363636364,83.85454545454544,57.64268853683334
48.53636363636364,84.86363636363636,58.51953785785132
48.53636363636364,85.87272727272726,59.39753162379815
48.53636363636364,86.88181818181818,60.27664610582814
48.53636363636364,87.89090909090908,61.15685834003919
48.53636363636364,88.89999999999999,62.03814609434961
48.53636363636364,89.90909090909089,62.92048783716302
48.53636363636364,90.91818181818181,63.80386270770664
48.53636363636364,91.92727272727272,64.6882504879359
48.53636363636364,92.93636363636362,65.5736315759075
48.53636363636364,93.94545454545454,66.45998696052898
48.53636363636364,94.95454545454544,67.34729819759997
48.53636363636364,95.96363636363635,68.23554738706736
48.53636363636364,96.97272727272727,69.124717151415
48.53636363636364,97.98181818181817,70.01479061513525
48.53636363636364,98.99090909090908,70.90575138519834
48.53636363636364,100.0,71.79758353247573
49.54545454545455,0.1,3.1352590622333985e-06
49.54545454545455,1.1090909090909091,0.004229005776000183
49.54545454545455,2.118181818181818,0.02860799610525939
49.54545454545455,3.1272727272727274,0.08802622137996217
49.54545454545455,4.136363636363636,0.19236441768393714
49.54545454545455,5.145454545454545,0.34653341518894354
49.54545454545455,6.154545454545454,0.5515403945773587
49.54545454545455,7.163636363636363,0.8058202402343293
49.54545454545455,8.172727272727272,1.1063711522099964
49.54545454545455,9.181818181818182,1.4495538592914874
49.54545454545455,10.19090909090909,1.8315867628568774
49.54545454545455,11.2,2.2488213519302667
49.54545454545455,12.209090909090909,2.697876943733955
49.54545454545455,13.218181818181817,3.175692400480303
49.54545454545455,14.227272727272727,3.679532144782831
49.54545454545455,15.236363636363635,4.206968992549343
49.54545454545455,16.245454545454546,4.755856724411616
49.54545454545455,17.254545454545454,5.324299478220207
49.54545454545455,18.263636363636365,5.91062163521369
49.54545454545455,19.272727272727273,6.513339942441358
49.54545454545455,20.28181818181818,7.131138554889633
49.54545454545455,21.290909090909093,7.762847122045459
49.54545454545455,22.3,8.407421766765248
49.54545454545455,23.30909090909091,9.063928682785999
49.54545454545455,24.31818181818182,9.731530038848867
49.54545454545455,25.327272727272728,10.40947188154725
49.54545454545455,26.336363636363636,11.097073753120343
49.54545454545455,27.345454545454544,11.79371977226385
49.54545454545455,28.354545454545455,12.498850959220386
49.54545454545455,29.363636363636363,13.211958617794833
49.54545454545455,30.37272727272727,13.932578615150573
49.54545454545455,31.381818181818183,14.660286424868614
49.54545454545455,32.39090909090909,15.394692819867814
49.54545454545455,33.4,16.135440119687757
49.54545454545455,34.40909090909091,16.882198911710887
49.54545454545455,35.418181818181814,17.634665178540573
49.54545454545455,36.42727272727273,18.392557774327134
49.54545454545455,37.43636363636364,19.155616201674
49.54545454545455,38.445454545454545,19.923598648146022
49.54545454545455,39.45454545454545,20.696280247584795
49.54545454545455,40.46363636363636,21.473451536615315
49.54545454545455,41.47272727272727,22.25491708107462
49.54545454545455,42.481818181818184,23.040494250746736
49.54545454545455,43.49090909090909,23.830012123867043
49.54545454545455,44.5,24.623310505458655
49.54545454545455,45.50909090909091,25.42023904576373
49.54545454545455,46.518181818181816,26.22065644689942
49.54545454545455,47.527272727272724,27.02442974745572
49.54545454545455,48.53636363636364,27.831433676106567
49.54545454545455,49.54545454545455,28.641550066461846
49.54545454545455,50.554545454545455,29.454667326379692
49.54545454545455,51.56363636363636,30.27067995580926
49.54545454545455,52.57272727272727,31.089488107967142
49.54545454545455,53.58181818181818,31.910997189282796
49.54545454545455,54.590909090909086,32.735117494095
49.54545454545455,55.6,33.5617638705554
49.54545454545455,56.60909090909091,34.390855414607
49.54545454545455,57.61818181818182,35.22231518926345
49.54545454545455,58.627272727272725,36.056069966728224
49.54545454545455,59.63636363636363,36.89204999116553
49.54545454545455,60.64545454545454,37.73018876017471
49.54545454545455,61.654545454545456,38.57042282322968
49.54545454545455,62.663636363636364,39.41269159552989
49.54545454545455,63.67272727272727,40.25693718587223
49.54545454545455,64.68181818181817,41.10310423729664
49.54545454545455,65.69090909090909,41.9511397793858
49.54545454545455,66.69999999999999,42.800993091211105
49.54545454545455,67.7090909090909,43.652615574017894
49.54545454545455,68.7181818181818,44.505960632830636
49.54545454545455,69.72727272727272,45.36098356623886
49.54545454545455,70.73636363636362,46.21764146369398
49.54545454545455,71.74545454545454,47.07589310971126
49.54545454545455,72.75454545454545,47.93569889442607
49.54545454545455,73.76363636363635,48.79702073000528
49.54545454545455,74.77272727272727,49.65982197245914
49.54545454545455,75.78181818181817,50.52406734843931
49.54545454545455,76.79090909090908,51.38972288664627
49.54545454545455,77.8,52.25675585350094
49.54545454545455,78.8090909090909,53.12513469276628
49.54545454545455,79.81818181818181,53.994828968830234
49.54545454545455,80.82727272727271,54.865809313386364
49.54545454545455,81.83636363636363,55.73804737527045
49.54545454545455,82.84545454545453,56.61151577323052
49.54545454545455,83.85454545454544,57.48618805142671
49.54545454545455,84.86363636363636,58.362038637472935
49.54545454545455,85.87272727272726,59.23904280284774
49.54545454545455,86.88181818181818,60.11717662551519
49.54545454545455,87.89090909090908,60.99641695460865
49.54545454545455,88.89999999999999,61.87674137704218
49.54545454545455,89.90909090909089,62.758128185923795
49.54545454545455,90.91818181818181,63.640556350655565
49.54545454545455,91.92727272727272,64.52400548861198
49.54545454545455,92.93636363636362,65.40845583829841
49.54545454545455,93.94545454545454,66.29388823389678
49.54545454545455,94.95454545454544,67.18028408111319
49.54545454545455,95.96363636363635,68.06762533424809
49.54545454545455,96.97272727272727,68.95589447441613
49.54545454545455,97.98181818181817,69.8450744888407
49.54545454545455,98.99090909090908,70.73514885117524
49.54545454545455,100.0,71.62610150277051
50.554545454545455,0.1,3.0726836846411916e-06
50.554545454545455,1.1090909090909091,0.0041455324198160755
50.554545454545455,2.118181818181818,0.028059069511048484
50.554545454545455,3.1272727272727274,0.08640712708284286
50.554545454545455,4.136363636363636,0.1890066565316319
50.554545454545455,5.145454545454545,0.3408289912264848
50.554545454545455,6.154545454545454,0.5430053435833117
50.554545454545455,7.163636363636363,0.7941081930677009
50.554545454545455,8.172727272727272,1.0912589850348975
50.554545454545455,9.181818181818182,1.4309170960743371
50.554545454545455,10.19090909090909,1.809374622333322
50.554545454545455,11.2,2.223035540579669
50.554545454545455,12.209090909090909,2.668555140080791
50.554545454545455,13.218181818181817,3.1428960146299
50.554545454545455,14.227272727272727,3.6433375197809403
50.554545454545455,15.236363636363635,4.167461209131341
50.554545454545455,16.245454545454546,4.71312530782155
50.554545454545455,17.254545454545454,5.278435466789205
50.554545454545455,18.263636363636365,5.861715611904438
50.554545454545455,19.272727272727273,6.461480741922735
50.554545454545455,20.28181818181818,7.076412441708788
50.554545454545455,21.290909090909093,7.705337295559241
50.554545454545455,22.3,8.347208091313929
50.554545454545455,23.30909090909091,9.001087571847329
50.554545454545455,24.31818181818182,9.666134443202163
50.554545454545455,25.327272727272728,10.341591346441268
50.554545454545455,26.336363636363636,11.026774519958447
50.554545454545455,27.345454545454544,11.721064907723424
50.554545454545455,28.354545454545455,12.423900499940968
50.554545454545455,29.363636363636363,13.134769722451482
50.554545454545455,30.37272727272727,13.8532057183292
50.554545454545455,31.381818181818183,14.578781388997136
50.554545454545455,32.39090909090909,15.311105082753057
50.554545454545455,33.4,16.049816836120943
50.554545454545455,34.40909090909091,16.794585088244133
50.554545454545455,35.418181818181814,17.545103800982346
50.554545454545455,36.42727272727273,18.30108992781133
50.554545454545455,37.43636363636364,19.062281183365354
50.554545454545455,38.445454545454545,19.828434072782045
50.554545454545455,39.45454545454545,20.59932214614209
50.554545454545455,40.46363636363636,21.37473444844055
50.554545454545455,41.47272727272727,22.154474139847572
50.554545454545455,42.481818181818184,22.938357264653366
50.554545454545455,43.49090909090909,23.72621165035885
50.554545454545455,44.5,24.51787592096513
50.554545454545455,45.50909090909091,25.313198610710355
50.554545454545455,46.518181818181816,26.1120373663658
50.554545454545455,47.527272727272724,26.91425822778961
50.554545454545455,48.53636363636364,27.71973497778908
50.554545454545455,49.54545454545455,28.528348553499658
50.554545454545455,50.554545454545455,29.339986512480287
50.554545454545455,51.56363636363636,30.154542547576565
50.554545454545455,52.57272727272727,30.971916045337192
50.554545454545455,53.58181818181818,31.79201168340207
50.554545454545455,54.590909090909086,32.61473906282863
50.554545454545455,55.6,33.44001237179778
50.554545454545455,56.60909090909091,34.26775007755346
50.554545454545455,57.61818181818182,35.097874643789794
50.554545454545455,58.627272727272725,35.9303122710127
50.554545454545455,59.63636363636363,36.76499265767765
50.554545454545455,60.64545454545454,37.60184878014531
50.554545454545455,61.654545454545456,38.44081668970784
50.554545454545455,62.663636363636364,39.28183532512385
50.554545454545455,63.67272727272727,40.12484633926419
50.554545454545455,64.68181818181817,40.96979393861413
50.554545454545455,65.69090909090909,41.816624734506206
50.554545454545455,66.69999999999999,42.665287605069814
50.554545454545455,67.7090909090909,43.51573356698552
50.554545454545455,68.7181818181818,44.36791565621959
50.554545454545455,69.72727272727272,45.22178881699531
50.554545454545455,70.73636363636362,46.07730979832685
50.554545454545455,71.74545454545454,46.93443705750628
50.554545454545455,72.75454545454545,47.7931306699894
50.554545454545455,73.76363636363635,48.653352245178105
50.554545454545455,74.77272727272727,49.51506484764127
50.554545454545455,75.78181818181817,50.378232923357864
50.554545454545455,76.79090909090908,51.24282223060226
50.554545454545455,77.8,52.10879977512476
50.554545454545455,78.8090909090909,52.97613374931075
50.554545454545455,79.81818181818181,53.84479347502799
50.554545454545455,80.82727272727271,54.71474934989665
50.554545454545455,81.83636363636363,55.5859727967384
50.554545454545455,82.84545454545453,56.458436215980875
50.554545454545455,83.85454545454544,57.33211294081221
50.554545454545455,84.86363636363636,58.20697719489635
50.554545454545455,85.87272727272726,59.0830040524754
50.554545454545455,86.88181818181818,59.960169400698554
50.554545454545455,87.89090909090908,60.83844990402962
50.554545454545455,88.89999999999999,61.71782297059662
50.554545454545455,89.90909090909089,62.598266720357266
50.554545454545455,90.91818181818181,63.47975995496347
50.554545454545455,91.92727272727272,64.36228212921708
50.554545454545455,92.93636363636362,65.2458133240165
50.554545454545455,93.94545454545454,66.13033422070119
50.554545454545455,94.95454545454544,67.01582607670834
50.554545454545455,95.96363636363635,67.90227070246151
50.554545454545455,96.97272727272727,68.78965043941663
50.554545454545455,97.98181818181817,69.6779481391976
50.554545454545455,98.99090909090908,70.56714714375066
50.554545454545455,100.0,71.45723126647319
51.56363636363636,0.1,3.012557262906629e-06
51.56363636363636,1.1090909090909091,0.004065290653065716
51.56363636363636,2.118181818181818,0.027530822133859743
51.56363636363636,3.1272727272727274,0.08484664393695544
51.56363636363636,4.136363636363636,0.18576477438770475
51.56363636363636,5.145454545454545,0.3353115564138723
51.56363636363636,6.154545454545454,0.5347359141252999
51.56363636363636,7.163636363636363,0.782742775512782
51.56363636363636,8.172727272727272,1.0765733812020433
51.56363636363636,9.181818181818182,1.4127837694822207
51.56363636363636,10.19090909090909,1.7877387738425325
51.56363636363636,11.2,2.1978945418886124
51.56363636363636,12.209090909090909,2.6399423814220917
51.56363636363636,13.218181818181817,3.1108688508818707
51.56363636363636,14.227272727272727,3.607968553386247
51.56363636363636,15.236363636363635,4.128832117543909
51.56363636363636,16.245454545454546,4.6713225420481
51.56363636363636,17.254545454545454,5.233547296858235
51.56363636363636,18.263636363636365,5.813830129474307
51.56363636363636,19.272727272727273,6.410684537407973
51.56363636363636,20.28181818181818,7.022789753910664
51.56363636363636,21.290909090909093,7.648969490544138
51.56363636363636,22.3,8.28817336937966
51.56363636363636,23.30909090909091,8.939460831297142
51.56363636363636,24.31818181818182,9.601987250757658
51.56363636363636,25.327272727272728,10.274991979016441
51.56363636363636,26.336363636363636,10.957788053020566
51.56363636363636,27.345454545454544,11.649753332882025
51.56363636363636,28.354545454545455,12.350322859649086
51.56363636363636,29.363636363636363,13.058982253414417
51.56363636363636,30.37272727272727,13.775261997846187
51.56363636363636,31.381818181818183,14.498732480325378
51.56363636363636,32.39090909090909,15.228999676904383
51.56363636363636,33.4,15.965701388435235
51.56363636363636,34.40909090909091,16.708503948741484
51.56363636363636,35.418181818181814,17.45709933795688
51.56363636363636,36.42727272727273,18.2112026444494
51.56363636363636,37.43636363636364,18.970549827389647
51.56363636363636,38.445454545454545,19.73489573927004
51.56363636363636,39.45454545454545,20.504012373762684
51.56363636363636,40.46363636363636,21.277687309411178
51.56363636363636,41.47272727272727,22.055722323947396
51.56363636363636,42.481818181818184,22.837932157642683
51.56363636363636,43.49090909090909,23.62414340715731
51.56363636363636,44.5,24.41419353393524
51.56363636363636,45.50909090909091,25.2079299733808
51.56363636363636,46.518181818181816,26.005209332914234
51.56363636363636,47.527272727272724,26.805896668586932
51.56363636363636,48.53636363636364,27.609864831289386
51.56363636363636,49.54545454545455,28.416993874741195
51.56363636363636,50.554545454545455,29.227170518444733
51.56363636363636,51.56363636363636,30.040287659636252
51.56363636363636,52.57272727272727,30.856243929003
51.56363636363636,53.58181818181818,31.674943285568656
51.56363636363636,54.590909090909086,32.4962946466989
51.56363636363636,55.6,33.32021154965416
51.56363636363636,56.60909090909091,34.14661184153095
51.56363636363636,57.61818181818182,34.97541739479324
51.56363636363636,58.627272727272725,35.80655384591007
51.56363636363636,59.63636363636363,36.63995035489038
51.56363636363636,60.64545454545454,37.47553938374773
51.56363636363636,61.654545454545456,38.31325649213866
51.56363636363636,62.663636363636364,39.15304014860501
51.56363636363636,63.67272727272727,39.99483155601465
51.56363636363636,64.68181818181817,40.838574489939916
51.56363636363636,65.69090909090909,41.68421514884139
51.56363636363636,66.69999999999999,42.53170201503783
51.56363636363636,67.7090909090909,43.380985725544605
51.56363636363636,68.7181818181818,44.232018951951865
51.56363636363636,69.72727272727272,45.084756288593994
51.56363636363636,70.73636363636362,45.939154148332726
51.56363636363636,71.74545454545454,46.795170665340294
51.56363636363636,72.75454545454545,47.652765604325296
51.56363636363636,73.76363636363635,48.5119002756954
51.56363636363636,74.77272727272727,49.37253745619649
51.56363636363636,75.78181818181817,50.23464131460896
51.56363636363636,76.79090909090908,51.0981773421187
51.56363636363636,77.8,51.96311228701386
51.56363636363636,78.8090909090909,52.829414093388216
51.56363636363636,79.81818181818181,53.69705184355925
51.56363636363636,80.82727272727271,54.56599570393325
51.56363636363636,81.83636363636363,55.43621687407271
51.56363636363636,82.84545454545453,56.30768753874023
51.56363636363636,83.85454545454544,57.18038082271263
51.56363636363636,84.86363636363636,58.05427074817443
51.56363636363636,85.87272727272726,58.929332194516114
51.56363636363636,86.88181818181818,59.80554086037496
51.56363636363636,87.89090909090908,60.682873227770244
51.56363636363636,88.89999999999999,61.561306528194585
51.56363636363636,89.90909090909089,62.44081871053476
51.56363636363636,90.91818181818181,63.32138841070448
51.56363636363636,91.92727272727272,64.20299492287968
51.56363636363636,92.93636363636362,65.08561817223645
51.56363636363636,93.94545454545454,65.96923868909732
51.56363636363636,94.95454545454544,66.85383758439923
51.56363636363636,95.96363636363635,67.73939652640296
51.56363636363636,96.97272727272727,68.62589771856885
51.56363636363636,97.98181818181817,69.51332387852916
51.56363636363636,98.99090909090908,70.40165821809329
51.56363636363636,100.0,71.290884424219
52.57272727272727,0.1,2.9547387923882134e-06
52.57272727272727,1.1090909090909091,0.0039880963704916495
52.57272727272727,2.118181818181818,0.0270221064831009
52.57272727272727,3.1272727272727274,0.08334163952479443
52.57272727272727,4.136363636363636,0.1826328419993944
52.57272727272727,5.145454545454545,0.3299719630844947
52.57272727272727,6.154545454545454,0.5267196596579136
52.57272727272727,7.163636363636363,0.7717083733021866
52.57272727272727,8.172727272727272,1.0622957877320627
52.57272727272727,9.181818181818182,1.3951326429421353
52.57272727272727,10.19090909090909,1.7666555418960175
52.57272727272727,11.2,2.173372460873808
52.57272727272727,12.209090909090909,2.6120107439372133
52.57272727272727,13.218181818181817,3.079581120040625
52.57272727272727,14.227272727272727,3.573393730695128
52.57272727272727,15.236363636363635,4.091048596764593
52.57272727272727,16.245454545454546,4.630413802876785
52.57272727272727,17.254545454545454,5.189598930201041
52.57272727272727,18.263636363636365,5.766927813522653
52.57272727272727,19.272727272727273,6.360912686766439
52.57272727272727,20.28181818181818,6.970230642255229
52.57272727272727,21.290909090909093,7.5937027047119745
52.57272727272727,22.3,8.230275494147756
52.57272727272727,23.30909090909091,8.879005293603194
52.57272727272727,24.31818181818182,9.53904427303631
52.57272727272727,25.327272727272728,10.209628606133242
52.57272727272727,26.336363636363636,10.890068227766289
52.57272727272727,27.345454545454544,11.579738002412379
52.57272727272727,28.354545454545455,12.27807010051835
52.57272727272727,29.363636363636363,12.984547406589162
52.57272727272727,30.37272727272727,13.698697807742057
52.57272727272727,31.381818181818183,14.420089233799624
52.57272727272727,32.39090909090909,15.148325339480346
52.57272727272727,33.4,15.883041735988893
52.57272727272727,34.40909090909091,16.623902693555504
52.57272727272727,35.418181818181814,17.370598248522988
52.57272727272727,36.42727272727273,18.122841658732288
52.57272727272727,37.43636363636364,18.880367159494984
52.57272727272727,38.445454545454545,19.64292797961486
52.57272727272727,39.45454545454545,20.41029458294906
52.57272727272727,40.46363636363636,21.18225310606928
52.57272727272727,41.47272727272727,21.958603966852163
52.57272727272727,42.481818181818184,22.739160622427466
52.57272727272727,43.49090909090909,23.523748457954156
52.57272727272727,44.5,24.312203790268242
52.57272727272727,45.50909090909091,25.104372972630213
52.57272727272727,46.518181818181816,25.900111588655754
52.57272727272727,47.527272727272724,26.699283725095597
52.57272727272727,48.53636363636364,27.501761314480706
52.57272727272727,49.54545454545455,28.3074235398052
52.57272727272727,50.554545454545455,29.11615629441164
52.57272727272727,51.56363636363636,29.92785169109574
52.57272727272727,52.57272727272727,30.742407615183144
52.57272727272727,53.58181818181818,31.559727316965525
52.57272727272727,54.590909090909086,32.37971903943313
52.57272727272727,55.6,33.202295677717984
52.57272727272727,56.60909090909091,34.02737446707615
52.57272727272727,57.61818181818182,34.85487669659913
52.57272727272727,58.627272727272725,35.68472744615973
52.57272727272727,59.63636363636363,36.516855344373774
52.57272727272727,60.64545454545454,37.35119234560068
52.57272727272727,61.654545454545456,38.18767352421859
52.57272727272727,62.663636363636364,39.02623688459658
52.57272727272727,63.67272727272727,39.866823185351066
52.57272727272727,64.68181818181817,40.70937577661946
52.57272727272727,65.69090909090909,41.55384044921232
52.57272727272727,66.69999999999999,42.40016529461968
52.57272727272727,67.7090909090909,43.248300574948566
52.57272727272727,68.7181818181818,44.09819860195819
52.57272727272727,69.72727272727272,44.94981362444054
52.57272727272727,70.73636363636362,45.803101723264206
52.57272727272727,71.74545454545454,46.658020713464666
52.57272727272727,72.75454545454545,47.51453005282008
52.57272727272727,73.76363636363635,48.37259075640383
52.57272727272727,74.77272727272727,49.232165316650615
52.57272727272727,75.78181818181817,50.09321762851385
52.57272727272727,76.79090909090908,50.95571291933014
52.57272727272727,77.8,51.81961768303905
52.57272727272727,78.8090909090909,52.68489961843743
52.57272727272727,79.81818181818181,53.55152757117427
52.57272727272727,80.82727272727271,54.41947147921684
52.57272727272727,81.83636363636363,55.28870232154146
52.57272727272727,82.84545454545453,56.15919206982213
52.57272727272727,83.85454545454544,57.03091364290883
52.57272727272727,84.86363636363636,57.90384086390369
52.57272727272727,85.87272727272726,58.77794841965914
52.57272727272727,86.88181818181818,59.65321182253491
52.57272727272727,87.89090909090908,60.52960737426415
52.57272727272727,88.89999999999999,61.40711213179041
52.57272727272727,89.90909090909089,62.285703874946876
52.57272727272727,90.91818181818181,63.165361075860346
52.57272727272727,91.92727272727272,64.04606286996942
52.57272727272727,92.93636363636362,64.92778902855612
52.57272727272727,93.94545454545454,65.81051993269655
52.57272727272727,94.95454545454544,66.69423654854282
52.57272727272727,95.96363636363635,67.57892040385565
52.57272727272727,96.97272727272727,68.46455356571177
52.57272727272727,97.98181818181817,69.3511186193163
52.57272727272727,98.99090909090908,70.23859864785447
52.57272727272727,100.0,71.12697721332309
53.58181818181818,0.1,2.8990978895147633e-06
53.58181818181818,1.1090909090909091,0.003913779191479831
53.58181818181818,2.118181818181818,0.0265318584637559
53.58181818181818,3.1272727272727274,0.08188920116283539
53.58181818181818,4.136363636363636,0.17960532990070105
53.58181818181818,5.145454545454545,0.3248016567853614
53.58181818181818,6.154545454545454,0.5189449127147906
53.58181818181818,7.163636363636363,0.7609903201938352
53.58181818181818,8.172727272727272,1.0484087498404053
53.58181818181818,9.181818181818182,1.3779437110740425
53.58181818181818,10.19090909090909,1.7461026006551255
53.58181818181818,11.2,2.1494448587135757
53.58181818181818,12.209090909090909,2.5847338567348093
53.58181818181818,13.218181818181817,3.0490046746208233
53.58181818181818,14.227272727272727,3.539583260680244
53.58181818181818,15.236363636363635,4.054079326264779
53.58181818181818,16.245454545454546,4.590366338489554
53.58181818181818,17.254545454545454,5.146556268833549
53.58181818181818,18.263636363636365,5.720973294206666
53.58181818181818,19.272727272727273,6.312128613635687
53.58181818181818,20.28181818181818,6.918697381726957
53.58181818181818,21.290909090909093,7.5394981159914
53.58181818181818,22.3,8.173474592792832
53.58181818181818,23.30909090909091,8.819680076982467
53.58181818181818,24.31818181818182,9.477263657233284
53.58181818181818,25.327272727272728,10.145458438569955
53.58181818181818,26.336363636363636,10.823571350269091
53.58181818181818,27.345454545454544,11.510974346866922
53.58181818181818,28.354545454545455,12.207096804541338
53.58181818181818,29.363636363636363,12.911418940404882
53.58181818181818,30.37272727272727,13.623466106133332
53.58181818181818,31.381818181818183,14.342803828915837
53.58181818181818,32.39090909090909,15.069033491650536
53.58181818181818,33.4,15.8017885606604
53.58181818181818,34.40909090909091,16.540731283170533
53.58181818181818,35.418181818181814,17.285549788634867
53.58181818181818,36.42727272727273,18.035955538007507
53.58181818181818,37.43636363636364,18.79168107348647
53.58181818181818,38.445454545454545,19.552478028356184
53.58181818181818,39.45454545454545,20.318115362529237
53.58181818181818,40.46363636363636,21.088377794418705
53.58181818181818,41.47272727272727,21.863064404013656
53.58181818181818,42.481818181818184,22.641987385609994
53.58181818181818,43.49090909090909,23.42497093167622
53.58181818181818,44.5,24.21185023189845
53.58181818181818,45.50909090909091,25.002470573625622
53.58181818181818,46.518181818181816,25.796686531788414
53.58181818181818,47.527272727272724,26.594361237943712
53.58181818181818,48.53636363636364,27.395365719446392
53.58181818181818,49.54545454545455,28.199578300904882
53.58181818181818,50.554545454545455,29.006884061069307
53.58181818181818,51.56363636363636,29.817174339153794
53.58181818181818,52.57272727272727,30.63034628533037
53.58181818181818,53.58181818181818,31.446302450767487
53.58181818181818,54.590909090909086,32.264950413136376
53.58181818181818,55.6,33.08620243398684
53.58181818181818,56.60909090909091,33.909975144808655
53.58181818181818,57.61818181818182,34.736189258957864
53.58181818181818,58.627272727272725,35.56476930694253
53.58181818181818,59.63636363636363,36.39564339283988
53.58181818181818,60.64545454545454,37.22874296985919
53.58181818181818,61.654545454545456,38.064002633277646
53.58181818181818,62.663636363636364,38.90135992916428
53.58181818181818,63.67272727272727,39.74075517747238
53.58181818181818,64.68181818181817,40.582131308226636
53.58181818181818,65.69090909090909,41.42543370966081
53.58181818181818,66.69999999999999,42.27061008727604
53.58181818181818,67.7090909090909,43.11761033289182
53.58181818181818,68.7181818181818,43.96638640285175
53.58181818181818,69.72727272727272,44.81689220462723
53.58181818181818,70.73636363636362,45.66908349113371
53.58181818181818,71.74545454545454,46.522917762138405
53.58181818181818,72.75454545454545,47.37835417219603
53.58181818181818,73.76363636363635,48.23535344460017
53.58181818181818,74.77272727272727,49.093877790884676
53.58181818181818,75.78181818181817,49.95389083545029
53.58181818181818,76.79090909090908,50.81535754492972
53.58181818181818,77.8,51.67824416193736
53.58181818181818,78.8090909090909,52.54251814288092
53.58181818181818,79.81818181818181,53.40814809953908
53.58181818181818,80.82727272727271,54.27510374413416
53.58181818181818,81.83636363636363,55.14335583765164
53.58181818181818,82.84545454545453,56.01287614117823
53.58181818181818,83.85454545454544,56.88363737004911
53.58181818181818,84.86363636363636,57.755613150611
53.58181818181818,85.87272727272726,58.62877797942433
53.58181818181818,86.88181818181818,59.50310718474014
53.58181818181818,87.89090909090908,60.378576890100845
53.58181818181818,88.89999999999999,61.25516397992595
53.58181818181818,89.90909090909089,62.13284606695323
53.58181818181818,90.91818181818181,63.01160146141668
53.58181818181818,91.92727272727272,63.891409141850424
53.58181818181818,92.93636363636362,64.77224872741702
53.58181818181818,93.94545454545454,65.65410045166455
53.58181818181818,94.95454545454544,66.53694513762517
53.58181818181818,95.96363636363635,67.42076417417314
53.58181818181818,96.97272727272727,68.30553949356603
53.58181818181818,97.98181818181817,69.19125355009906
53.58181818181818,98.99090909090908,70.0778892998065
53.58181818181818,100.0,70.96543018114862
54.590909090909086,0.1,2.845513810238691e-06
54.590909090909086,1.1090909090909091,0.0038421812044863606
54.590909090909086,2.118181818181818,0.02605908993217608
54.590909090909086,3.1272727272727274,0.08048661693091713
54.590909090909086,4.136363636363636,0.17667707511524985
54.590909090909086,5.145454545454545,0.31979262850705115
54.590909090909086,6.154545454545454,0.5114007239556464
54.590909090909086,7.163636363636363,0.7505748255032719
54.590909090909086,8.172727272727272,1.0348958285116883
54.590909090909086,9.181818181818182,1.3611981085672582
54.590909090909086,10.19090909090909,1.7260588751056076
54.590909090909086,11.2,2.126088647001159
54.590909090909086,12.209090909090909,2.558086789803667
54.590909090909086,13.218181818181817,3.019112890995278
54.590909090909086,14.227272727272727,3.5065089529467786
54.590909090909086,15.236363636363635,4.017894657719194
54.590909090909086,16.245454545454546,4.5511491364216
54.590909090909086,17.254545454545454,5.10438701747236
54.590909090909086,18.263636363636365,5.675933064423151
54.590909090909086,19.272727272727273,6.264297661525338
54.590909090909086,20.28181818181818,6.868154221735472
54.590909090909086,21.290909090909093,7.486318928983321
54.590909090909086,22.3,8.117732869332023
54.590909090909086,23.30909090909091,8.76144642478231
54.590909090909086,24.31818181818182,9.416605722246207
54.590909090909086,25.327272727272728,10.082440903807635
54.590909090909086,26.336363636363636,10.758255986859023
54.590909090909086,27.345454545454544,11.443420099272027
54.590909090909086,28.354545454545455,12.13735989716249
54.590909090909086,29.363636363636363,12.839552996567294
54.590909090909086,30.37272727272727,13.549522273161307
54.590909090909086,31.381818181818183,14.266830904935595
54.590909090909086,32.39090909090909,14.99107805114574
54.590909090909086,33.4,15.721895076795905
54.590909090909086,34.40909090909091,16.458942245606956
54.590909090909086,35.418181818181814,17.20190581605958
54.590909090909086,36.42727272727273,17.95049548496312
54.590909090909086,37.43636363636364,18.704442131327244
54.590909090909086,38.445454545454545,19.463495820334977
54.590909090909086,39.45454545454545,20.227424033134422
54.590909090909086,40.46363636363636,20.996010093157505
54.590909090909086,41.47272727272727,21.76905176388637
54.590909090909086,42.481818181818184,22.546359996547334
54.590909090909086,43.49090909090909,23.327757809225332
54.590909090909086,44.5,24.113079281446023
54.590909090909086,45.50909090909091,24.902168650442846
54.590909090909086,46.518181818181816,25.694879497173748
54.590909090909086,47.527272727272724,26.491074011728003
54.590909090909086,48.53636363636364,27.290622329111486
54.590909090909086,49.54545454545455,28.093401927552428
54.590909090909086,50.554545454545455,28.899297082461942
54.590909090909086,51.56363636363636,29.70819837003618
54.590909090909086,52.57272727272727,30.52000221522344
54.590909090909086,53.58181818181818,31.33461047941537
54.590909090909086,54.590909090909086,32.15193008377278
54.590909090909086,55.6,32.97187266457507
54.590909090909086,56.60909090909091,33.79435425739824
54.590909090909086,57.61818181818182,34.61929500728967
54.590909090909086,58.627272727272725,35.4466189024247
54.590909090909086,59.63636363636363,36.27625352900722
54.590909090909086,60.64545454545454,37.1081298454203
54.590909090909086,61.654545454545456,37.942181973846324
54.590909090909086,62.663636363636364,38.77834700776396
54.590909090909086,63.67272727272727,39.61656483389607
54.590909090909086,64.68181818181817,40.45677796732857
54.590909090909086,65.69090909090909,41.29893139865
54.590909090909086,66.69999999999999,42.1429724520771
54.590909090909086,67.7090909090909,42.98885065363331
54.590909090909086,68.7181818181818,43.83651760853792
54.590909090909086,69.72727272727272,44.68592688704512
54.590909090909086,70.73636363636362,45.537033918043385
54.590909090909086,71.74545454545454,46.38979588979134
54.590909090909086,72.75454545454545,47.24417165722253
54.590909090909086,73.76363636363635,48.10012165530479
54.590909090909086,74.77272727272727,48.95760781798509
54.590909090909086,75.78181818181817,49.81659350229295
54.590909090909086,76.79090909090908,50.67704341721338
54.590909090909086,77.8,51.538923556973145
54.590909090909086,78.8090909090909,52.40220113841593
54.590909090909086,79.81818181818181,53.26684454216863
54.590909090909086,80.82727272727271,54.132823257325875
54.590909090909086,81.83636363636363,55.000107829403575
54.590909090909086,82.84545454545453,55.86866981133107
54.590909090909086,83.85454545454544,56.738481717271696
54.590909090909086,84.86363636363636,57.609516979077256
54.590909090909086,85.87272727272726,58.481749905197844
54.590909090909086,86.88181818181818,59.35515564188239
54.590909090909086,87.89090909090908,60.229710136517774
54.590909090909086,88.89999999999999,61.10539010296643
54.590909090909086,89.90909090909089,61.982172988772476
54.590909090909086,90.91818181818181,62.86003694411661
54.590909090909086,91.92727272727272,63.73896079240876
54.590909090909086,92.93636363636362,64.6189240024151
54.590909090909086,93.94545454545454,65.49990666182471
54.590909090909086,94.95454545454544,66.38188945216659
54.590909090909086,95.96363636363635,67.2648536249954
54.590909090909086,96.97272727272727,68.14878097926868
54.590909090909086,97.98181818181817,69.03365383984516
54.590909090909086,98.99090909090908,69.91945503703752
54.590909090909086,100.0,70.80616788715781
55.6,0.1,2.7938745753655424e-06
55.6,1.1090909090909091,0.003773155846828789
55.6,2.118181818181818,0.025602882035614897
55.6,3.1272727272727274,0.07913135863706061
55.6,4.136363636363636,0.1738432511473793
55.6,5.145454545454545,0.31493737149601875
55.6,6.154545454545454,0.5040768069249169
55.6,7.163636363636363,0.740448908317746
55.6,8.172727272727272,1.021741525564483
55.6,9.181818181818182,1.3448780272584082
55.6,10.19090909090909,1.7065044510651786
55.6,11.2,2.103281991400631
55.6,12.209090909090909,2.5320459518870515
55.6,13.218181818181817,2.9898805619479405
55.6,14.227272727272727,3.4741441053428272
55.6,15.236363636363635,3.9824664979911177
55.6,16.245454545454546,4.512732802191909
55.6,17.254545454545454,5.0630605580443655
55.6,18.263636363636365,5.631775350402397
55.6,19.272727272727273,6.217386960674723
55.6,20.28181818181818,6.818567249398923
55.6,21.290909090909093,7.4341302348149485
55.6,22.3,8.063014461180886
55.6,23.30909090909091,8.704267558857683
55.6,24.31818181818182,9.357032808983014
55.6,25.327272727272728,10.02053749336895
55.6,26.336363636363636,10.694082808585405
55.6,27.345454545454544,11.377035136800366
55.6,28.354545454545455,12.068818486240012
55.6,29.363636363636363,12.76890793638451
55.6,30.37272727272727,13.476823944751665
55.6,31.381818181818183,14.192127392144682
55.6,32.39090909090909,14.91441526107685
55.6,33.4,15.643316857646273
55.6,34.40909090909091,16.378490500531022
55.6,35.418181818181814,17.11962061221115
55.6,36.42727272727273,17.866415157235053
55.6,37.43636363636364,18.618603380565478
55.6,38.445454545454545,19.375933805984072
55.6,39.45454545454545,20.13817246039521
55.6,40.46363636363636,20.905101294819854
55.6,41.47272727272727,21.676516777053184
55.6,42.481818181818184,22.452228634497406
55.6,43.49090909090909,23.23205872867953
55.6,44.5,24.015840045506987
55.6,45.50909090909091,24.803415787477203
55.6,46.518181818181816,25.59463855589907
55.6,47.527272727272724,26.389369612757257
55.6,48.53636363636364,27.187478213195615
55.6,49.54545454545455,27.98884100074876
55.6,50.554545454545455,28.7933414584427
55.6,51.56363636363636,29.60086940973755
55.6,52.57272727272727,30.411320564022297
55.6,53.58181818181818,31.224596102008
55.6,54.590909090909086,32.04060229691728
55.6,55.6,32.859250167847584
55.6,56.60909090909091,33.68045516210203
55.6,57.61818181818182,34.5041368636458
55.6,58.627272727272725,35.33021872516333
55.6,59.63636363636363,36.15862782146984
55.6,60.64545454545454,36.98929462227462
55.6,61.654545454545456,37.822152782508
55.6,62.663636363636364,38.65713894861241
55.6,63.67272727272727,39.494192579364935
55.6,64.68181818181817,40.33325577994511
55.6,65.69090909090909,41.17427314809289
55.6,66.69999999999999,42.017191631316074
55.6,67.7090909090909,42.86196039421013
55.6,68.7181818181818,43.70853069504338
55.6,69.72727272727272,44.55685577084301
55.6,70.73636363636362,45.40689073028854
55.6,71.74545454545454,46.25859245378557
55.6,72.75454545454545,47.11191950014926
55.6,73.76363636363635,47.96683201937999
55.6,74.77272727272727,48.82329167105981
55.6,75.78181818181817,49.68126154794017
55.6,76.79090909090908,50.54070610432947
55.6,77.8,51.4015910889226
55.6,78.8090909090909,52.263883481745566
55.6,79.81818181818181,53.12755143491603
55.6,80.82727272727271,53.99256421694518
55.6,81.83636363636363,54.85889216032993
55.6,82.84545454545453,55.72650661220409
55.6,83.85454545454544,56.595379887836565
55.6,84.86363636363636,57.46548522678103
55.6,85.87272727272726,58.336796751497666
55.6,86.88181818181818,59.209289428280734
55.6,87.89090909090908,60.082939030339375
55.6,88.89999999999999,60.95772210289043
55.6,89.90909090909089,61.83361593013246
55.6,90.91818181818181,62.71059850398062
55.6,91.92727272727272,63.588648494450254
55.6,92.93636363636362,64.46774522158577
55.6,93.94545454545454,65.34786862883887
55.6,94.95454545454544,66.2289992578064
55.6,95.96363636363635,67.1111182242458
55.6,96.97272727272727,67.99420719529074
55.6,97.98181818181817,68.87824836779491
55.6,98.99090909090908,69.76322444773815
55.6,100.0,70.64911863063209
56.60909090909091,0.1,2.7440761894249328e-06
56.60909090909091,1.1090909090909091,0.003706566903115875
56.60909090909091,2.118181818181818,0.025162379240861742
56.60909090909091,3.1272727272727274,0.07782106649082637
56.60909090909091,4.136363636363636,0.1710993408871026
56.60909090909091,5.145454545454545,0.31022884214055096
56.60909090909091,6.154545454545454,0.49696348789984557
56.60909090909091,7.163636363636363,0.7306003376539599
56.60909090909091,8.172727272727272,1.008931215407745
56.60909090909091,9.181818181818182,1.328966640543501
56.60909090909091,10.19090909090909,1.6874204930942622
56.60909090909091,11.2,2.0810042237190496
56.60909090909091,12.209090909090909,2.5065889972423223
56.60909090909091,13.218181818181817,2.961283798545639
56.60909090909091,14.227272727272727,3.442463401292534
56.60909090909091,15.236363636363635,3.947768202219601
56.60909090909091,16.245454545454546,4.475089448393716
56.60909090909091,17.254545454545454,5.022547834995722
56.60909090909091,18.263636363636365,5.588469993423733
56.60909090909091,19.272727272727273,6.171365306341683
56.60909090909091,20.28181818181818,6.769904264554177
56.60909090909091,21.290909090909093,7.3828988830046605
56.60909090909091,22.3,8.00928530799353
56.60909090909091,23.30909090909091,8.648108545496287
56.60909090909091,24.31818181818182,9.298509143472437
56.60909090909091,25.327272727272728,9.959711623206347
56.60909090909091,26.336363636363636,10.631014448967711
56.60909090909091,27.345454545454544,11.311781335963497
56.60909090909091,28.354545454545455,12.001433714753475
56.60909090909091,29.363636363636363,12.699444191058085
56.60909090909091,30.37272727272727,13.40533086055274
56.60909090909091,31.381818181818183,14.118652357498613
56.60909090909091,32.39090909090909,14.83900353334396
56.60909090909091,33.4,15.566011676592845
56.60909090909091,34.40909090909091,16.299333198347217
56.60909090909091,35.418181818181814,17.03865071915701
56.60909090909091,36.42727272727273,17.78367050237242
56.60909090909091,37.43636363636364,18.534120187301102
56.60909090909091,38.445454545454545,19.28974678233689
56.60909090909091,39.45454545454545,20.050314884030687
56.60909090909091,40.46363636363636,20.815605092982207
56.60909090909091,41.47272727272727,21.585412601583705
56.60909090909091,42.481818181818184,22.35954593216291
56.60909090909091,43.49090909090909,23.137825807054664
56.60909090909091,44.5,23.920084134663078
56.60909090909091,45.50909090909091,24.70616309773107
56.60909090909091,46.518181818181816,25.495914331870964
56.60909090909091,47.527272727272724,26.289198183978858
56.60909090909091,48.53636363636364,27.085883041498704
56.60909090909091,49.54545454545455,27.885844724653566
56.60909090909091,50.554545454545455,28.68896593475222
56.60909090909091,51.56363636363636,29.49513575253157
56.60909090909091,52.57272727272727,30.304249181232453
56.60909090909091,53.58181818181818,31.11620672974259
56.60909090909091,54.590909090909086,31.93091403169305
56.60909090909091,55.6,32.748281496874434
56.60909090909091,56.60909090909091,33.56822399175601
56.60909090909091,57.61818181818182,34.390660546255845
56.60909090909091,58.627272727272725,35.21551408422794
56.60909090909091,59.63636363636363,36.04271117541115
56.60909090909091,60.64545454545454,36.8721818068295
56.60909090909091,61.654545454545456,37.703859171848336
56.60909090909091,62.663636363636364,38.53767947527959
56.60909090909091,63.67272727272727,39.373581753097575
56.60909090909091,64.68181818181817,40.2115077054731
56.60909090909091,65.69090909090909,41.05140154196525
56.60909090909091,66.69999999999999,41.89320983782533
56.60909090909091,67.7090909090909,42.73688140047122
56.60909090909091,68.7181818181818,43.58236714528097
56.60909090909091,69.72727272727272,44.42961997993716
56.60909090909091,70.73636363636362,45.278594696624936
56.60909090909091,71.74545454545454,46.129247871453536
56.60909090909091,72.75454545454545,46.98153777052727
56.60909090909091,73.76363636363635,47.835424262146105
56.60909090909091,74.77272727272727,48.69086873466147
56.60909090909091,75.78181818181817,49.54783401955547
56.60909090909091,76.79090909090908,50.406284319350064
56.60909090909091,77.8,51.266185139985886
56.60909090909091,78.8090909090909,52.127503227342494
56.60909090909091,79.81818181818181,52.990206507598536
56.60909090909091,80.82727272727271,53.85426403115608
56.60909090909091,81.83636363636363,54.71964591987646
56.60909090909091,82.84545454545453,55.58632331739485
56.60909090909091,83.85454545454544,56.45426834230039
56.60909090909091,84.86363636363636,57.32345404398506
56.60909090909091,85.87272727272726,58.193854360980964
56.60909090909091,86.88181818181818,59.065444081618594
56.60909090909091,87.89090909090908,59.93819880685254
56.60909090909091,88.89999999999999,60.81209491511267
56.60909090909091,89.90909090909089,61.68710952904894
56.60909090909091,90.91818181818181,62.56322048404904
56.60909090909091,91.92727272727272,63.44040629841561
56.60909090909091,92.93636363636362,64.31864614509931
56.60909090909091,93.94545454545454,65.19791982489087
56.60909090909091,94.95454545454544,66.07820774098239
56.60909090909091,95.96363636363635,66.9594908748144
56.60909090909091,96.97272727272727,67.84175076313139
56.60909090909091,97.98181818181817,68.72496947617356
56.60909090909091,98.99090909090908,69.60912959693805
56.60909090909091,100.0,70.49421420144617
57.61818181818182,0.1,2.6960219416161864e-06
57.61818181818182,1.1090909090909091,0.0036422876079107375
57.61818181818182,2.118181818181818,0.024736783970174838
57.61818181818182,3.1272727272727274,0.07655353528826195
57.61818181818182,4.136363636363636,0.16844111210277027
57.61818181818182,5.145454545454545,0.30566042448664243
57.61818181818182,6.154545454545454,0.49005166028291797
57.61818181818182,7.163636363636363,0.7210175779515215
57.61818181818182,8.172727272727272,0.9964510827851052
57.61818181818182,9.181818181818182,1.3134480343618793
57.61818181818182,10.19090909090909,1.668789169492437
57.61818181818182,11.2,2.059235761527347
57.61818181818182,12.209090909090909,2.481694740372397
57.61818181818182,13.218181818181817,2.933299940372528
57.61818181818182,14.227272727272727,3.41144281585626
57.61818181818182,15.236363636363635,3.9137744759754987
57.61818181818182,16.245454545454546,4.43819259317641
57.61818181818182,17.254545454545454,4.982821250298117
57.61818181818182,18.263636363636365,5.54598834151967
57.61818181818182,19.272727272727273,6.126203047357861
57.61818181818182,20.28181818181818,6.7221346652998575
57.61818181818182,21.290909090909093,7.332593364115528
57.61818181818182,22.3,7.956513031537622
57.61818181818182,23.30909090909091,8.592936172615985
57.61818181818182,24.31818181818182,9.241000711476254
57.61818181818182,25.327272727272728,9.899928505814007
57.61818181818182,26.336363636363636,10.569015373685623
57.61818181818182,27.345454545454544,11.24762243995249
57.61818181818182,28.354545454545455,11.935168625862458
57.61818181818182,29.363636363636363,12.631124124522486
57.61818181818182,30.37272727272727,13.335004724614725
57.61818181818182,31.381818181818183,14.046366863196587
57.61818181818182,32.39090909090909,14.764803305156905
57.61818181818182,33.4,15.489939361663213
57.61818181818182,34.40909090909091,16.22142957275541
57.61818181818182,35.418181818181814,16.958954790259966
57.61818181818182,36.42727272727273,17.702219606605567
57.61818181818182,37.43636363636364,18.450950083119018
57.61818181818182,38.445454545454545,19.204891738162914
57.61818181818182,39.45454545454545,19.96380776122167
57.61818181818182,40.46363636363636,20.727477423907995
57.61818181818182,41.47272727272727,21.495694662982597
57.61818181818182,42.481818181818184,22.268266813974005
57.61818181818182,43.49090909090909,23.045013476950867
57.61818181818182,44.5,23.82576549852017
57.61818181818182,45.50909090909091,24.610364056271365
57.61818181818182,46.518181818181816,25.398659833717698
57.61818181818182,47.527272727272724,26.19051227535103
57.61818181818182,48.53636363636364,26.985788912767084
57.61818181818182,49.54545454545455,27.784364753968262
57.61818181818182,50.554545454545455,28.586121728940547
57.61818181818182,51.56363636363636,29.39094818545349
57.61818181818182,52.57272727272727,30.198738429768753
57.61818181818182,53.58181818181818,31.009392307579624
57.61818181818182,54.590909090909086,31.8228148210567
57.61818181818182,55.6,32.638915778355056
57.61818181818182,56.60909090909091,33.45760947235629
57.61818181818182,57.61818181818182,34.278814385783676
57.61818181818182,58.627272727272725,35.1024529201478
57.61818181818182,59.63636363636363,35.9284511462589
57.61818181818182,60.64545454545454,36.756738574287915
57.61818181818182,61.654545454545456,37.587247941573274
57.61818181818182,62.663636363636364,38.41991501656044
57.61818181818182,63.67272727272727,39.25467841742899
57.61818181818182,64.68181818181817,40.091479444109744
57.61818181818182,65.69090909090909,40.930261922525624
57.61818181818182,66.69999999999999,41.770972060006315
57.61818181818182,67.7090909090909,42.61355831093011
57.61818181818182,68.7181818181818,43.457971251738044
57.61818181818182,69.72727272727272,44.30416346454746
57.61818181818182,70.73636363636362,45.152089428665086
57.61818181818182,71.74545454545454,46.00170541936571
57.61818181818182,72.75454545454545,46.85296941335968
57.61818181818182,73.76363636363635,47.705841000426425
57.61818181818182,74.77272727272727,48.56028130073729
57.61818181818182,75.78181818181817,49.41625288743336
57.61818181818182,76.79090909090908,50.273719714062786
57.61818181818182,77.8,51.132647046515196
57.61818181818182,78.8090909090909,51.993001399123095
57.61818181818182,79.81818181818181,52.85475047462725
57.61818181818182,80.82727272727271,53.71786310772842
57.61818181818182,81.83636363636363,54.58230921197152
57.61818181818182,82.84545454545453,55.44805972972797
57.61818181818182,83.85454545454544,56.31508658506199
57.61818181818182,84.86363636363636,57.183362639282564
57.61818181818182,85.87272727272726,58.05286164899974
57.61818181818182,86.88181818181818,58.92355822651724
57.61818181818182,87.89090909090908,59.79542780240611
57.61818181818182,88.89999999999999,60.66844659011739
57.61818181818182,89.90909090909089,61.54259155250061
57.61818181818182,90.91818181818181,62.41784037010676
57.61818181818182,91.92727272727272,63.29417141116179
57.61818181818182,92.93636363636362,64.1715637031063
57.61818181818182,93.94545454545454,65.04999690560372
57.61818181818182,94.95454545454544,65.92945128492688
57.61818181818182,95.96363636363635,66.80990768963902
57.61818181818182,96.97272727272727,67.6913475274913
57.61818181818182,97.98181818181817,68.57375274346394
57.61818181818182,98.99090909090908,69.45710579888434
57.61818181818182,100.0,70.34138965155783
58.627272727272725,0.1,2.649621778940857e-06
58.627272727272725,1.1090909090909091,0.0035801998401854477
58.627272727272725,2.118181818181818,0.024325351773629947
58.627272727272725,3.1272727272727274,0.07532670193705328
58.627272727272725,4.136363636363636,0.16586459523649777
58.627272727272725,5.145454545454545,0.30122589798867494
58.627272727272725,6.154545454545454,0.4833327430599307
58.627272727272725,7.163636363636363,0.7116897393279096
58.627272727272725,8.172727272727272,0.9842880659044295
58.627272727272725,9.181818181818182,1.2983071440805294
58.627272727272725,10.19090909090909,1.6505935836600805
58.627272727272725,11.2,2.037958034565167
58.627272727272725,12.209090909090909,2.457343077923603
58.627272727272725,13.218181818181817,2.905907473284144
58.627272727272725,14.227272727272727,3.381059529639382
58.627272727272725,15.236363636363635,3.880461285574892
58.627272727272725,16.245454545454546,4.402017067176046
58.627272727272725,17.254545454545454,4.9438545671797804
58.627272727272725,18.263636363636365,5.504303150167618
58.627272727272725,19.272727272727273,6.081871983922365
58.627272727272725,20.28181818181818,6.675229343018353
58.627272727272725,21.290909090909093,7.283183702118648
58.627272727272725,22.3,7.904666825501378
58.627272727272725,23.30909090909091,8.53871883710859
58.627272727272725,24.31818181818182,9.184475143454977
58.627272727272725,25.327272727272728,9.841155032893614
58.627272727272725,26.336363636363636,10.508051761017018
58.627272727272725,27.345454545454544,11.184523936915003
58.627272727272725,28.354545454545455,11.869988039084797
58.627272727272725,29.363636363636363,12.563911907582487
58.627272727272725,30.37272727272727,13.265809077540197
58.627272727272725,31.381818181818183,13.975233836895972
58.627272727272725,32.39090909090909,14.6917769073613
58.627272727272725,33.4,15.415061662013816
58.627272727272725,34.40909090909091,16.144740805432317
58.627272727272725,35.418181818181814,16.880493453098556
58.627272727272725,36.42727272727273,17.622022556043245
58.627272727272725,37.43636363636364,18.36905262459917
58.627272727272725,38.445454545454545,19.12132771182487
58.627272727272725,39.45454545454545,19.878609622847474
58.627272727272725,40.46363636363636,20.640676321195023
58.627272727272725,41.47272727272727,21.407320507277195
58.627272727272725,42.481818181818184,22.178348347644523
58.627272727272725,43.49090909090909,22.953578336604412
58.627272727272725,44.5,23.732840274281756
58.627272727272725,45.50909090909091,24.515974347349413
58.627272727272725,46.518181818181816,25.302830300479403
58.627272727272725,47.527272727272724,26.093266688126267
58.627272727272725,48.53636363636364,26.887150197592113
58.627272727272725,49.54545454545455,27.684355035471047
58.627272727272725,50.554545454545455,28.484762370559263
58.627272727272725,51.56363636363636,29.28825982716881
58.627272727272725,52.57272727272727,30.094741023519585
58.627272727272725,53.58181818181818,30.904105150521058
58.627272727272725,54.590909090909086,31.716256586808253
58.627272727272725,55.6,32.531104546377165
58.627272727272725,56.60909090909091,33.34856275558341
58.627272727272725,57.61818181818182,34.16854915663307
58.627272727272725,58.627272727272725,34.99098563501468
58.627272727272725,59.63636363636363,35.81579776860021
58.627272727272725,60.64545454545454,36.642914596390035
58.627272727272725,61.654545454545456,37.472268405091555
58.627272727272725,62.663636363636364,38.3037945319123
58.627272727272725,63.67272727272727,39.13743118211604
58.627272727272725,64.68181818181817,39.9731192600391
58.627272727272725,65.69090909090909,40.81080221239546
58.627272727272725,66.69999999999999,41.650425882815696
58.627272727272725,67.7090909090909,42.49193837666921
58.627272727272725,68.7181818181818,43.335289935310335
58.627272727272725,69.72727272727272,44.180432818972236
58.627272727272725,70.73636363636362,45.027321197604884
58.627272727272725,71.74545454545454,45.87591104902021
58.627272727272725,72.75454545454545,46.72616006376465
58.627272727272725,73.76363636363635,47.578027556193724
58.627272727272725,74.77272727272727,48.43147438126921
58.627272727272725,75.78181818181817,49.28646285664262
58.627272727272725,76.79090909090908,50.14295668962699
58.627272727272725,77.8,51.00092090869295
58.627272727272725,78.8090909090909,51.86032179915694
58.627272727272725,79.81818181818181,52.7211268427569
58.627272727272725,80.82727272727271,53.58330466083644
58.627272727272725,81.83636363636363,54.446824960881834
58.627272727272725,82.84545454545453,55.31165848617657
58.627272727272725,83.85454545454544,56.177776968357584
58.627272727272725,84.86363636363636,57.0451530826743
58.627272727272725,85.87272727272726,57.913760405767604
58.627272727272725,86.88181818181818,58.783573375799755
58.627272727272725,87.89090909090908,59.654567254779515
58.627272727272725,88.89999999999999,60.526718092939035
58.627272727272725,89.90909090909089,61.400002695028924
58.627272727272725,90.91818181818181,62.27439858840912
58.627272727272725,91.92727272727272,63.14988399282126
58.627272727272725,92.93636363636362,64.02643779173707
58.627272727272725,93.94545454545454,64.90403950518524
58.627272727272725,94.95454545454544,65.7826692639651
58.627272727272725,95.96363636363635,66.6623077851637
58.627272727272725,96.97272727272727,67.54293634889704
58.627272727272725,97.98181818181817,68.42453677620266
58.627272727272725,98.99090909090908,69.30709140801575
58.627272727272725,100.0,70.19058308516574
59.63636363636363,0.1,2.604791742972574e-06
59.63636363636363,1.1090909090909091,0.003520193398806518
59.63636363636363,2.118181818181818,0.023927386976305556
59.63636363636363,3.1272727272727274,0.0741386341723822
59.63636363636363,4.136363636363636,0.16336606325284375
59.63636363636363,5.145454545454545,0.29691940816554535
59.63636363636363,6.154545454545454,0.476798642902329
59.63636363636363,7.163636363636363,0.7026065321223548
59.63636363636363,8.172727272727272,0.9724298043888749
59.63636363636363,9.181818181818182,1.2835296966858543
59.63636363636363,10.19090909090909,1.6328177111888418
59.63636363636363,11.2,2.0171534172538372
59.63636363636363,12.209090909090909,2.4335149170380244
59.63636363636363,13.218181818181817,2.8790859539356872
59.63636363636363,14.227272727272727,3.3512918497731286
59.63636363636363,15.236363636363635,3.8478057757438275
59.63636363636363,16.245454545454546,4.366538928060718
59.63636363636363,17.254545454545454,4.9056228217211295
59.63636363636363,18.263636363636365,5.463388491083905
59.63636363636363,19.272727272727273,6.038345273725605
59.63636363636363,20.28181818181818,6.629160585944496
59.63636363636363,21.290909090909093,7.234641355511916
59.63636363636363,22.3,7.853717354256901
59.63636363636363,23.30909090909091,8.485426441333676
59.63636363636363,24.31818181818182,9.128901608870713
59.63636363636363,25.327272727272728,9.783359667538443
59.63636363636363,26.336363636363636,10.448091391969863
59.63636363636363,27.345454545454544,11.122452948096619
59.63636363636363,28.354545454545455,11.805858436504689
59.63636363636363,29.363636363636363,12.49777340224134
59.63636363636363,30.37272727272727,13.197709178982409
59.63636363636363,31.381818181818183,13.905217952427412
59.63636363636363,32.39090909090909,14.619888443414427
59.63636363636363,33.4,15.34134212520798
59.63636363636363,34.40909090909091,16.069229901650747
59.63636363636363,35.418181818181814,16.803229183464484
59.63636363636363,36.42727272727273,17.543041309083197
59.63636363636363,37.43636363636364,18.28838926417337
59.63636363636363,38.445454545454545,19.039015660613366
59.63636363636363,39.45454545454545,19.79468094132842
59.63636363636363,40.46363636363636,20.55516178215446
59.63636363636363,41.47272727272727,21.3202496659603
59.63636363636363,42.481818181818184,22.089749607704572
59.63636363636363,43.49090909090909,22.863479012035086
59.63636363636363,44.5,23.641266647534955
59.63636363636363,45.50909090909091,24.422951723848566
59.63636363636363,46.518181818181816,25.208383059739212
59.63636363636363,47.527272727272724,25.99741833168717
59.63636363636363,48.53636363636364,26.789923393971065
59.63636363636363,49.54545454545455,27.585771662322433
59.63636363636363,50.554545454545455,28.38484355423027
59.63636363636363,51.56363636363636,29.18702597982359
59.63636363636363,52.57272727272727,29.992211877996336
59.63636363636363,53.58181818181818,30.800299793075716
59.63636363636363,54.590909090909086,31.611193487888745
59.63636363636363,55.6,32.42480158956234
59.63636363636363,56.60909090909091,33.24103726481132
59.63636363636363,57.61818181818182,34.059817921835055
59.63636363636363,58.627272727272725,34.88106493626261
59.63636363636363,59.63636363636363,35.70470339886758
59.63636363636363,60.64545454545454,36.5306618830192
59.63636363636363,61.654545454545456,37.35887223005363
59.63636363636363,62.663636363636364,38.18926935093934
59.63636363636363,63.67272727272727,39.0217910427797
59.63636363636363,64.68181818181817,39.85637781884431
59.63636363636363,65.69090909090909,40.69297275095287
59.63636363636363,66.69999999999999,41.53152132315201
59.63636363636363,67.7090909090909,42.37197129573013
59.63636363636363,68.7181818181818,43.21427257870693
59.63636363636363,69.72727272727272,44.05837711401835
59.63636363636363,70.73636363636362,44.904238765689094
59.63636363636363,71.74545454545454,45.751813217353316
59.63636363636363,72.75454545454545,46.601057876540715
59.63636363636363,73.76363636363635,47.451931785199825
59.63636363636363,74.77272727272727,48.30439553597695
59.63636363636363,75.78181818181817,49.15841119381187
59.63636363636363,76.79090909090908,50.013942222450545
59.63636363636363,77.8,50.87095341550856
59.63636363636363,78.8090909090909,51.729410831751686
59.63636363636363,79.81818181818181,52.58928173428705
59.63636363636363,80.82727272727271,53.4505345333844
59.63636363636363,81.83636363636363,54.313138732670545
59.63636363636363,82.84545454545453,55.17706487846012
59.63636363636363,83.85454545454544,56.04228451200594
59.63636363636363,84.86363636363636,56.90877012446858
59.63636363636363,85.87272727272726,57.77649511442149
59.63636363636363,86.88181818181818,58.6454337477217
59.63636363636363,87.89090909090908,59.51556111958928
59.63636363636363,88.89999999999999,60.38685311875135
59.63636363636363,89.90909090909089,61.25928639351649
59.63636363636363,90.91818181818181,62.13283831965612
59.63636363636363,91.92727272727272,63.00748696997803
59.63636363636363,92.93636363636362,63.883211085485975
59.63636363636363,93.94545454545454,64.759990048027
59.63636363636363,94.95454545454544,65.63780385433479
59.63636363636363,95.96363636363635,66.51663309138432
59.63636363636363,96.97272727272727,67.3964589129788
59.63636363636363,97.98181818181817,68.27726301749536
59.63636363636363,98.99090909090908,69.15902762672143
59.63636363636363,100.0,70.04173546571725
60.64545454545454,0.1,2.561453720528704e-06
60.64545454545454,1.1090909090909091,0.003462165349672959
60.64545454545454,2.118181818181818,0.02354223874667604
60.64545454545454,3.1272727272727274,0.07298752033278022
60.64545454545454,4.136363636363636,0.16094201332177177
60.64545454545454,5.145454545454545,0.29273543984333433
60.64545454545454,6.154545454545454,0.4704417195421217
60.64545454545454,7.163636363636363,0.6937582252918693
60.64545454545454,8.172727272727272,0.960864591583533
60.64545454545454,9.181818181818182,1.269102157758349
60.64545454545454,10.19090909090909,1.6154463421175638
60.64545454545454,11.2,1.9968051667191036
60.64545454545454,12.209090909090909,2.410192109529783
60.64545454545454,13.218181818181817,2.8528159404242097
60.64545454545454,14.227272727272727,3.3221191372792966
60.64545454545454,15.236363636363635,3.815786193920151
60.64545454545454,16.245454545454546,4.3317353819518285
60.64545454545454,17.254545454545454,4.868102241552602
60.64545454545454,18.263636363636365,5.423219668335366
60.64545454545454,19.272727272727273,5.995597345594582
60.64545454545454,20.28181818181818,6.58390199045435
60.64545454545454,21.290909090909093,7.186939126347929
60.64545454545454,22.3,7.803636659714592
60.64545454545454,23.30909090909091,8.433030297878963
60.64545454545454,24.31818181818182,9.074250718926123
60.64545454545454,25.327272727272728,9.726512345017598
60.64545454545454,26.336363636363636,10.389103549173239
60.64545454545454,27.345454545454544,11.061378124895606
60.64545454545454,28.354545454545455,11.742747858044071
60.64545454545454,29.363636363636363,12.432676055238156
60.64545454545454,30.37272727272727,13.130671899494684
60.64545454545454,31.381818181818183,13.836285519999484
60.64545454545454,32.39090909090909,14.549103677985796
60.64545454545454,33.4,15.268745984250536
60.64545454545454,34.40909090909091,15.994861575784341
60.64545454545454,35.418181818181814,16.727126189371546
60.64545454545454,36.42727272727273,17.465239578957593
60.64545454545454,37.43636363636364,18.208923231237915
60.64545454545454,38.445454545454545,18.957918340455773
60.64545454545454,39.45454545454545,19.711984008958616
60.64545454545454,40.46363636363636,20.470895644793956
60.64545454545454,41.47272727272727,21.23444353164878
60.64545454545454,42.481818181818184,22.002431549858745
60.64545454545454,43.49090909090909,22.77467603012699
60.64545454545454,44.5,23.55100472407603
60.64545454545454,45.50909090909091,24.33125587787547
60.64545454545454,46.518181818181816,25.115277397000717
60.64545454545454,47.527272727272724,25.902926091729473
60.64545454545454,48.53636363636364,26.69406699431446
60.64545454545454,49.54545454545455,27.48857273991486
60.64545454545454,50.554545454545455,28.286323004355218
60.64545454545454,51.56363636363636,29.08720399263046
60.64545454545454,52.57272727272727,29.89110797281195
60.64545454545454,53.58181818181818,30.697932850646087
60.64545454545454,54.590909090909086,31.50758178069048
60.64545454545454,55.6,32.31996281031423
60.64545454545454,56.60909090909091,33.134988553307636
60.64545454545454,57.61818181818182,33.95257589021351
60.64545454545454,58.627272727272725,34.77264569281243
60.64545454545454,59.63636363636363,35.59512257047515
60.64545454545454,60.64545454545454,36.41993463634227
60.64545454545454,61.654545454545456,37.24701329150809
60.64545454545454,62.663636363636364,38.07629302557686
60.64545454545454,63.67272727272727,38.90771123212869
60.64545454545454,64.68181818181817,39.74120803778142
60.64545454545454,65.69090909090909,40.57672614366756
60.64545454545454,66.69999999999999,41.414210678262016
60.64545454545454,67.7090909090909,42.253609060601676
60.64545454545454,68.7181818181818,43.094870873029805
60.64545454545454,69.72727272727272,43.93794774268185
60.64545454545454,70.73636363636362,44.78279323100246
60.64545454545454,71.74545454545454,45.629362730650364
60.64545454545454,72.75454545454545,46.477613369206246
60.64545454545454,73.76363636363635,47.32750391915247
60.64545454545454,74.77272727272727,48.17899471364067
60.64545454545454,75.78181818181817,49.03204756760642
60.64545454545454,76.79090909090908,49.8866257038289
60.64545454545454,77.8,50.742693683567495
60.64545454545454,78.8090909090909,51.60021734144008
60.64545454545454,79.81818181818181,52.4591637242345
60.64545454545454,80.82727272727271,53.319501033371786
60.64545454545454,81.83636363636363,54.18119857076228
60.64545454545454,82.84545454545453,55.04422668781676
60.64545454545454,83.85454545454544,55.90855673739473
60.64545454545454,84.86363636363636,56.77416102848815
60.64545454545454,85.87272727272726,57.641012783456155
60.64545454545454,86.88181818181818,58.509086097639496
60.64545454545454,87.89090909090908,59.37835590119759
60.64545454545454,88.89999999999999,60.248797923022366
60.64545454545454,89.90909090909089,61.12038865659461
60.64545454545454,90.91818181818181,61.9931053276585
60.64545454545454,91.92727272727272,62.8669258635984
60.64545454545454,92.93636363636362,63.741828864412106
60.64545454545454,93.94545454545454,64.61779357518087
60.64545454545454,94.95454545454544,65.49479985994392
60.64545454545454,95.96363636363635,66.37282817689307
60.64545454545454,96.97272727272727,67.2518595548069
60.64545454545454,97.98181818181817,68.13187557065129
60.64545454545454,98.99090909090908,69.0128583282774
60.64545454545454,100.0,69.89479043815255
61.654545454545456,0.1,2.5195337255214653e-06
61.654545454545456,1.1090909090909091,0.0034060194364053283
61.654545454545456,2.118181818181818,0.023169297539399804
61.654545454545456,3.1272727272727274,0.07187166008143395
61.654545454545456,4.136363636363636,0.15858915014330133
61.654545454545456,5.145454545454545,0.2886687927333951
61.654545454545456,6.154545454545454,0.46425475409080014
61.654545454545456,7.163636363636363,0.6851356082791876
61.654545454545456,8.172727272727272,0.9495813307854799
61.654545454545456,9.181818181818182,1.255011682765015
61.654545454545456,10.19090909090909,1.5984650278538866
61.654545454545456,11.2,1.976897365792541
61.654545454545456,12.209090909090909,2.387357391325545
61.654545454545456,13.218181818181817,2.827078928458449
61.654545454545456,14.227272727272727,3.293521740207844
61.654545454545456,15.236363636363635,3.7843818205581017
61.654545454545456,16.245454545454546,4.297584711064901
61.654545454545456,17.254545454545454,4.831270170977498
61.654545454545456,18.263636363636365,5.3837731410713525
61.654545454545456,19.272727272727273,5.953603819946927
61.654545454545456,20.28181818181818,6.53942837933972
61.654545454545456,21.290909090909093,7.140051076419218
61.654545454545456,22.3,7.754398075500022
61.654545454545456,23.30909090909091,8.381503041802317
61.654545454545456,24.31818181818182,9.020494436938757
61.654545454545456,25.327272727272728,9.670584381344435
61.654545454545456,26.336363636363636,10.33105892369675
61.654545454545456,27.345454545454544,11.001269553986015
61.654545454545456,28.354545454545455,11.68062580493836
61.654545454545456,29.363636363636363,12.368588799921895
61.654545454545456,30.37272727272727,13.064665620845295
61.654545454545456,31.381818181818183,13.768404384994422
61.654545454545456,32.39090909090909,14.479389934271166
61.654545454545456,33.4,15.197240053455541
61.654545454545456,34.40909090909091,15.921602145762337
61.654545454545456,35.418181818181814,16.652150304128966
61.654545454545456,36.42727272727273,17.388582725454725
61.654545454545456,37.43636363636364,18.130619422551963
61.654545454545456,38.445454545454545,18.878000195018195
61.654545454545456,39.45454545454545,19.630482825737186
61.654545454545456,40.46363636363636,20.38784147440245
61.654545454545456,41.47272727272727,21.149865243445277
61.654545454545456,42.481818181818184,21.916356895146944
61.654545454545456,43.49090909090909,22.687131701609854
61.654545454545456,44.5,23.462016411732428
61.654545454545456,45.50909090909091,24.24084832144254
61.654545454545456,46.518181818181816,25.02347443524942
61.654545454545456,47.527272727272724,25.809750708720617
61.654545454545456,48.53636363636364,26.599541362819078
61.654545454545456,49.54545454545455,27.392718262176867
61.654545454545456,50.554545454545455,28.189160350366777
61.654545454545456,51.56363636363636,28.988753136082398
61.654545454545456,52.57272727272727,29.79138822487237
61.654545454545456,53.58181818181818,30.596962891711723
61.654545454545456,54.590909090909086,31.405379690246154
61.654545454545456,55.6,32.216546095027056
61.654545454545456,56.60909090909091,33.030374173474385
61.654545454545456,57.61818181818182,33.846780284671205
61.654545454545456,58.627272727272725,34.66568480241488
61.654545454545456,59.63636363636363,35.48701186023084
61.654545454545456,60.64545454545454,36.31068911630217
61.654545454545456,61.654545454545456,37.13664753648589
61.654545454545456,62.663636363636364,37.96482119377797
61.654545454545456,63.67272727272727,38.79514708275907
61.654545454545456,64.68181818181817,39.62756494770221
61.654545454545456,65.69090909090909,40.462017123156585
61.654545454545456,66.69999999999999,41.29844838593912
61.654545454545456,67.7090909090909,42.1368058175706
61.654545454545456,68.7181818181818,42.977038676285716
61.654545454545456,69.72727272727272,43.81909827783004
61.654545454545456,70.73636363636362,44.66293788433059
61.654545454545456,71.74545454545454,45.50851260059385
61.654545454545456,72.75454545454545,46.35577927724321
61.654545454545456,73.76363636363635,47.20469642016255
61.654545454545456,74.77272727272727,48.055224105759606
61.654545454545456,75.78181818181817,48.90732390160587
61.654545454545456,76.79090909090908,49.76095879204924
61.654545454545456,77.8,50.61609310842941
61.654545454545456,78.8090909090909,51.47269246355899
61.654545454545456,79.81818181818181,52.33072369016034
61.654545454545456,80.82727272727271,53.190154782975156
61.654545454545456,81.83636363636363,54.050954844286515
61.654545454545456,82.84545454545453,54.91309403261454
61.654545454545456,83.85454545454544,55.776543514366125
61.654545454545456,84.86363636363636,56.64127541823663
61.654545454545456,85.87272727272726,57.507262792177116
61.654545454545456,86.88181818181818,58.374479562756115
61.654545454545456,87.89090909090908,59.24290049675669
61.654545454545456,88.89999999999999,60.112501164863204
61.654545454545456,89.90909090909089,60.983257907302125
61.654545454545456,90.91818181818181,61.8551478013119
61.654545454545456,91.92727272727272,62.72814863032585
61.654545454545456,92.93636363636362,63.602238854760834
61.654545454545456,93.94545454545454,64.47739758431183
61.654545454545456,94.95454545454544,65.35360455166027
61.654545454545456,95.96363636363635,66.23084008750975
61.654545454545456,96.97272727272727,67.1090850968696
61.654545454545456,97.98181818181817,67.98832103651179
61.654545454545456,98.99090909090908,68.86852989353203
61.654545454545456,100.0,69.7496941649505
62.663636363636364,0.1,2.4789639532448403e-06
62.663636363636364,1.1090909090909091,0.0033516655474610173
62.663636363636364,2.118181818181818,0.02280799187154312
62.663636363636364,3.1272727272727274,0.07078945597235056
62.663636363636364,4.136363636363636,0.1563043707441047
62.663636363636364,5.145454545454545,0.28471455910351023
62.663636363636364,6.154545454545454,0.45823092001121096
62.663636363636364,7.163636363636363,0.6767299560135104
62.663636363636364,8.172727272727272,0.9385694950198181
62.663636363636364,9.181818181818182,1.2412460722562122
62.663636363636364,10.19090909090909,1.5818600323173304
62.663636363636364,11.2,1.9574148705194676
62.663636363636364,12.209090909090909,2.3649943266714453
62.663636363636364,13.218181818181817,2.8018572925347884
62.663636363636364,14.227272727272727,3.2654809320036633
62.663636363636364,15.236363636363635,3.7535729048711777
62.663636363636364,16.245454545454546,4.264066206985818
62.663636363636364,17.254545454545454,4.795105001917017
62.663636363636364,18.263636363636365,5.34502645225569
62.663636363636364,19.272727272727273,5.912341435413641
62.663636363636364,20.28181818181818,6.495715726414635
62.663636363636364,21.290909090909093,7.0939524499313595
62.663636363636364,22.3,7.705976147768643
62.663636363636364,23.30909090909091,8.330818549656312
62.663636363636364,24.31818181818182,8.967605995637788
62.663636363636364,25.327272727272728,9.615548388902546
62.663636363636364,26.336363636363636,10.273929529058558
62.663636363636364,27.345454545454544,10.942098669756563
62.663636363636364,28.354545454545455,11.619463150651518
62.663636363636364,29.363636363636363,12.305481965684821
62.663636363636364,30.37272727272727,12.99966014400887
62.663636363636364,31.381818181818183,13.7015438345544
62.663636363636364,32.39090909090909,14.410715999208545
62.663636363636364,33.4,15.12679263232466
62.663636363636364,34.40909090909091,15.84941943564116
62.663636363636364,35.418181818181814,16.578268887635375
62.663636363636364,36.42727272727273,17.31303765496305
62.663636363636364,37.43636363636364,18.053444301057826
62.663636363636364,38.445454545454545,18.799227253326887
62.663636363636364,39.45454545454545,19.550142995814515
62.663636363636364,40.46363636363636,20.305964458843853
62.663636363636364,41.47272727272727,21.066479581100868
62.663636363636364,42.481818181818184,21.83149002299664
62.663636363636364,43.49090909090909,22.600810013020457
62.663636363636364,44.5,23.37426531125236
62.663636363636364,45.50909090909091,24.151692276303663
62.663636363636364,46.518181818181816,24.932937023752064
62.663636363636364,47.527272727272724,25.71785466567926
62.663636363636364,48.53636363636364,26.506308622243687
62.663636363636364,49.54545454545455,27.298169997360382
62.663636363636364,50.554545454545455,28.093317011542496
62.663636363636364,51.56363636363636,28.891634485807458
62.663636363636364,52.57272727272727,29.693013371285794
62.663636363636364,53.58181818181818,30.4973503198065
62.663636363636364,54.590909090909086,31.304547291287047
62.663636363636364,55.6,32.11451119423704
62.663636363636364,56.60909090909091,32.927153556104855
62.663636363636364,57.61818181818182,33.74239022056344
62.663636363636364,58.627272727272725,34.56014106915271
62.663636363636364,59.63636363636363,35.38032976497767
62.663636363636364,60.64545454545454,36.20288351640922
62.663636363636364,61.654545454545456,37.02773285895186
62.663636363636364,62.663636363636364,37.85481145363522
62.663636363636364,63.67272727272727,38.68405590045575
62.663636363636364,64.68181818181817,39.51540556554494
62.663636363636364,65.69090909090909,40.348802420873696
62.663636363636364,66.69999999999999,41.184190895420244
62.663636363636364,67.7090909090909,42.02151773683436
62.663636363636364,68.7181818181818,42.86073188272365
62.663636363636364,69.72727272727272,43.701784340771646
62.663636363636364,70.73636363636362,44.544628076971094
62.663636363636364,71.74545454545454,45.389217911323264
62.663636363636364,72.75454545454545,46.23551042041311
62.663636363636364,73.76363636363635,47.08346384632386
62.663636363636364,74.77272727272727,47.93303801140285
62.663636363636364,75.78181818181817,48.784194238433024
62.663636363636364,76.79090909090908,49.63689527580438
62.663636363636364,77.8,50.49110522731368
62.663636363636364,78.8090909090909,51.34678948625338
62.663636363636364,79.81818181818181,52.2039146734787
62.663636363636364,80.82727272727271,53.062448579167906
62.663636363636364,81.83636363636363,53.92236010801462
62.663636363636364,82.84545454545453,54.783619227611716
62.663636363636364,83.85454545454544,55.64619691980641
62.663636363636364,84.86363636363636,56.510065134822895
62.663636363636364,85.87272727272726,57.37519674796597
62.663636363636364,86.88181818181818,58.241565518732486
62.663636363636364,87.89090909090908,59.109146052171816
62.663636363636364,88.89999999999999,59.977913762347946
62.663636363636364,89.90909090909089,60.847844837767255
62.663636363636364,90.91818181818181,61.71891620864634
62.663636363636364,91.92727272727272,62.59110551590296
62.663636363636364,92.93636363636362,63.46439108176239
62.663636363636364,93.94545454545454,64.33875188187884
62.663636363636364,94.95454545454544,65.21416751887884
62.663636363636364,95.96363636363635,66.09061819724053
62.663636363636364,96.97272727272727,66.96808469942792
62.663636363636364,97.98181818181817,67.84654836320578
62.663636363636364,98.99090909090908,68.72599106006574
62.663636363636364,100.0,69.60639517469777
63.67272727272727,0.1,2.4396799934147267e-06
63.67272727272727,1.1090909090909091,0.0032990192334798898
63.67272727272727,2.118181818181818,0.02245778539632619
63.67272727272727,3.1272727272727274,0.06973940577285558
63.67272727272727,4.136363636363636,0.1540847505961405
63.67272727272727,5.145454545454545,0.28086810333615764
63.67272727272727,6.154545454545454,0.4523637564840726
63.67272727272727,7.163636363636363,0.6685329967466735
63.67272727272727,8.172727272727272,0.9278190900250418
63.67272727272727,9.181818181818182,1.227793730599044
63.67272727272727,10.19090909090909,1.565618286908132
63.67272727272727,11.2,1.9383432617526324
63.67272727272727,12.209090909090909,2.3430872566627845
63.67272727272727,13.218181818181817,2.7771342316544825
63.67272727272727,14.227272727272727,3.237978854617884
63.67272727272727,15.236363636363635,3.7233406055100304
63.67272727272727,16.245454545454546,4.231160109061646
63.67272727272727,17.254545454545454,4.759586110139988
63.67272727272727,18.263636363636365,5.306958162845075
63.67272727272727,19.272727272727273,5.8717879810629405
63.67272727272727,20.28181818181818,6.4527410868706445
63.67272727272727,21.290909090909093,7.048619602066859
63.67272727272727,22.3,7.658346562047947
63.67272727272727,23.30909090909091,8.28095186467187
63.67272727272727,24.31818181818182,8.915559820746907
63.67272727272727,25.327272727272728,9.561378198481096
63.67272727272727,26.336363636363636,10.217688621761997
63.67272727272727,27.345454545454544,10.88383817339382
63.67272727272727,28.354545454545455,11.559232058547867
63.67272727272727,29.363636363636363,12.2433271942622
63.67272727272727,30.37272727272727,12.935626604130405
63.67272727272727,31.381818181818183,13.635674511244307
63.67272727272727,32.39090909090909,14.34305203587184
63.67272727272727,33.4,15.057373416702045
63.67272727272727,34.40909090909091,15.778282685549232
63.67272727272727,35.418181818181814,16.50545073514051
63.67272727272727,36.42727272727273,17.238572728075397
63.67272727272727,37.43636363636364,17.97736580235201
63.67272727272727,38.445454545454545,18.721567035129215
63.67272727272727,39.45454545454545,19.470931631765055
63.67272727272727,40.46363636363636,20.225231311762663
63.67272727272727,41.47272727272727,20.98425286717342
63.67272727272727,42.481818181818184,21.74779687235299
63.67272727272727,43.49090909090909,22.515676526822908
63.67272727272727,44.5,23.287716615432608
63.67272727272727,45.50909090909091,24.063752572106292
63.67272727272727,46.518181818181816,24.843629635249062
63.67272727272727,47.527272727272724,25.627202084423494
63.67272727272727,48.53636363636364,26.414332549227925
63.67272727272727,49.54545454545455,27.204891382444682
63.67272727272727,50.554545454545455,27.99875609050734
63.67272727272727,51.56363636363636,28.79581081518332
63.67272727272727,52.57272727272727,29.595945861101995
63.67272727272727,53.58181818181818,30.39905726439502
63.67272727272727,54.590909090909086,31.205046398268504
63.67272727272727,55.6,32.01381961180847
63.67272727272727,56.60909090909091,32.82528789874145
63.67272727272727,57.61818181818182,33.63936659323854
63.67272727272727,58.627272727272725,34.455975090174
63.67272727272727,59.63636363636363,35.27503658753033
63.67272727272727,60.64545454545454,36.09647784889061
63.67272727272727,61.654545454545456,36.92022898417673
63.67272727272727,62.663636363636364,37.7462232469845
63.67272727272727,63.67272727272727,38.5743968470372
63.67272727272727,64.68181818181817,39.40468877642865
63.67272727272727,65.69090909090909,40.23704064846169
63.67272727272727,66.69999999999999,41.07139654800446
63.67272727272727,67.7090909090909,41.90770289239416
63.67272727272727,68.7181818181818,42.74590830201001
63.67272727272727,69.72727272727272,43.58596347972199
63.67272727272727,70.73636363636362,44.42782109849577
63.67272727272727,71.74545454545454,45.271435696501754
63.67272727272727,72.75454545454545,46.11676357913534
63.67272727272727,73.76363636363635,46.963762727409836
63.67272727272727,74.77272727272727,47.81239271223119
63.67272727272727,75.78181818181817,48.66261461410741
63.67272727272727,76.79090909090908,49.51439094788443
63.67272727272727,77.8,50.36768559213545
63.67272727272727,78.8090909090909,51.22246372286278
63.67272727272727,79.81818181818181,52.07869175119963
63.67272727272727,80.82727272727271,52.9363372648256
63.67272727272727,81.83636363636363,53.7953689728332
63.67272727272727,82.84545454545453,54.65575665380387
63.67272727272727,83.85454545454544,55.51747110687193
63.67272727272727,84.86363636363636,56.38048410557172
63.67272727272727,85.87272727272726,57.2447683542804
63.67272727272727,86.88181818181818,58.11029744708249
63.67272727272727,87.89090909090908,58.977045828896074
63.67272727272727,88.89999999999999,59.844988758713185
63.67272727272727,89.90909090909089,60.71410227481694
63.67272727272727,90.91818181818181,61.584363161849545
63.67272727272727,91.92727272727272,62.45574891961356
63.67272727272727,92.93636363636362,63.32823773349804
63.67272727272727,93.94545454545454,64.20180844642866
63.67272727272727,94.95454545454544,65.07644053224821
63.67272727272727,95.96363636363635,65.9521140704409
63.67272727272727,96.97272727272727,66.82880972211926
63.67272727272727,97.98181818181817,67.70650870719851
63.67272727272727,98.99090909090908,68.5851927826889
63.67272727272727,100.0,69.46484422203991
64.68181818181817,0.1,2.4016216710910352e-06
64.68181818181817,1.1090909090909091,0.0032480012694203254
64.68181818181817,2.118181818181818,0.02211817424283099
64.68181818181817,3.1272727272727274,0.0687200954643525
64.68181818181817,4.136363636363636,0.15192753092466346
64.68181818181817,5.145454545454545,0.2771250431889812
64.68181818181817,6.154545454545454,0.446647143939432
64.68181818181817,7.163636363636363,0.6605368824499207
64.68181818181817,8.172727272727272,0.917320620147654
64.68181818181817,9.181818181818182,1.2146436279190846
64.68181818181817,10.19090909090909,1.549727348948825
64.68181818181817,11.2,1.9196688004561433
64.68181818181817,12.209090909090909,2.321621251700367
64.68181818181817,13.218181818181817,2.7528937191669605
64.68181818181817,14.227272727272727,3.2109984659307793
64.68181818181817,15.236363636363635,3.6936669357257355
64.68181818181817,16.245454545454546,4.1988475474406854
64.68181818181817,17.254545454545454,4.724693796296975
64.68181818181817,18.263636363636365,5.269547790919471
64.68181818181817,19.272727272727273,5.831922233716902
64.68181818181817,20.28181818181818,6.410482532859575
64.68181818181817,21.290909090909093,7.0040299329060725
64.68181818181817,22.3,7.611486075561118
64.68181818181817,23.30909090909091,8.231879127543499
64.68181818181817,24.31818181818182,8.864331460284886
64.68181818181817,25.327272727272728,9.508048787139924
64.68181818181817,26.336363636363636,10.16231062777071
64.68181818181817,27.345454545454544,10.826461958009403
64.68181818181817,28.354545454545455,11.499905905710404
64.68181818181817,29.363636363636363,12.182097362278027
64.68181818181817,30.37272727272727,12.872537391832626
64.68181818181817,31.381818181818183,13.57076833315238
64.68181818181817,32.39090909090909,14.276369502394767
64.68181818181817,33.4,14.988953416549661
64.68181818181817,34.40909090909091,15.708162468340158
64.68181818181817,35.418181818181814,16.433665992801494
64.68181818181817,36.42727272727273,17.165157674072052
64.68181818181817,37.43636363636364,17.902353248117613
64.68181818181817,38.445454545454545,18.64498846329684
64.68181818181817,39.45454545454545,19.39281726598165
64.68181818181817,40.46363636363636,20.145610182988793
64.68181818181817,41.47272727272727,20.903152876461554
64.68181818181817,42.481818181818184,21.665244850159645
64.68181818181817,43.49090909090909,22.43169828895305
64.68181818181817,44.5,23.202337015742902
64.68181818181817,45.50909090909091,23.97699555211132
64.68181818181817,46.518181818181816,24.755518270784744
64.68181818181817,47.527272727272724,25.5377586295259
64.68181818181817,48.53636363636364,26.323578477385816
64.68181818181817,49.54545454545455,27.112847425381478
64.68181818181817,50.554545454545455,27.905442274643438
64.68181818181817,51.56363636363636,28.70124649592372
64.68181818181817,52.57272727272727,29.50014975508751
64.68181818181817,53.58181818181818,30.302047479847968
64.68181818181817,54.590909090909086,31.106840463556388
64.68181818181817,55.6,31.91443450234217
64.68181818181817,56.60909090909091,32.724740062316286
64.68181818181817,57.61818181818182,33.53767197392074
64.68181818181817,58.627272727272725,34.35314915082726
64.68181818181817,59.63636363636363,35.171094331071515
64.68181818181817,60.64545454545454,35.99143383835726
64.68181818181817,61.654545454545456,36.81409736168328
64.68181818181817,62.663636363636364,37.63901775163915
64.68181818181817,63.67272727272727,38.4661308318858
64.68181818181817,64.68181818181817,39.29537522448797
64.68181818181817,65.69090909090909,40.12669218789942
64.68181818181817,66.69999999999999,40.960025466519916
64.68181818181817,67.7090909090909,41.79532115084936
64.68181818181817,68.7181818181818,42.63252754735766
64.68181818181817,69.72727272727272,43.47159505727361
64.68181818181817,70.73636363636362,44.31247606357008
64.68181818181817,71.74545454545454,45.155124825490944
64.68181818181817,72.75454545454545,45.99949738002386
64.68181818181817,73.76363636363635,46.845551449778455
64.68181818181817,74.77272727272727,47.69324635677658
64.68181818181817,75.78181818181817,48.54254294170537
64.68181818181817,76.79090909090908,49.39340348822339
64.68181818181817,77.8,50.24579165194466
64.68181818181817,78.8090909090909,51.09967239375831
64.68181818181817,79.81818181818181,51.95501191716976
64.68181818181817,80.82727272727271,52.811777609375476
64.68181818181817,81.83636363636363,53.66993798580783
64.68181818181817,82.84545454545453,54.52946263790695
64.68181818181817,83.85454545454544,55.39032218389693
64.68181818181817,84.86363636363636,56.25248822236088
64.68181818181817,85.87272727272726,57.11593328842587
64.68181818181817,86.88181818181818,57.980630812383524
64.68181818181817,87.89090909090908,58.846555080584764
64.68181818181817,88.89999999999999,59.71368119846084
64.68181818181817,89.90909090909089,60.581985055532336
64.68181818181817,90.91818181818181,61.451443292279755
64.68181818181817,91.92727272727272,62.32203326875711
64.68181818181817,92.93636363636362,63.19373303483984
64.68181818181817,93.94545454545454,64.06652130200574
64.68181818181817,94.95454545454544,64.94037741655416
64.68181818181817,95.96363636363635,65.81528133417727
64.68181818181817,96.97272727272727,66.69121359580099
64.68181818181817,97.98181818181817,67.56815530462053
64.68181818181817,98.99090909090908,68.44608810426048
64.68181818181817,100.0,69.3249941579927
65.69090909090909,0.1,2.364732508507529e-06
65.69090909090909,1.1090909090909091,0.0031985372567101085
65.69090909090909,2.118181818181818,0.021788684593882352
65.69090909090909,3.1272727272727274,0.06773019285236309
65.69090909090909,4.136363636363636,0.1498301070880048
65.69090909090909,5.145454545454545,0.2734812325933111
65.69090909090909,6.154545454545454,0.4410752815484315
65.69090909090909,7.163636363636363,0.6527341615419251
65.69090909090909,8.172727272727272,0.9070650568782733
65.69090909090909,9.181818181818182,1.2017852649572143
65.69090909090909,10.19090909090909,1.5341753632828783
65.69090909090909,11.2,1.9013783863837774
65.69090909090909,12.209090909090909,2.300582067519152
65.69090909090909,13.218181818181817,2.729120456367818
65.69090909090909,14.227272727272727,3.184523491098893
65.69090909090909,15.236363636363635,3.6645347126161467
65.69090909090909,16.245454545454546,4.1671104903452045
65.69090909090909,17.254545454545454,4.690409231328853
65.69090909090909,18.263636363636365,5.232775755321705
65.69090909090909,19.272727272727273,5.792723899905985
65.69090909090909,20.28181818181818,6.368919093838176
65.69090909090909,21.290909090909093,6.960161826227371
65.69090909090909,22.3,7.565372454543669
65.69090909090909,23.30909090909091,8.1835775123171
65.69090909090909,24.31818181818182,8.813897519074501
65.69090909090909,25.327272727272728,9.455536211385501
65.69090909090909,26.336363636363636,10.107771074393883
65.69090909090909,27.345454545454544,10.769945039273614
65.69090909090909,28.354545454545455,11.44145921235912
65.69090909090909,29.363636363636363,12.121766509481889
65.69090909090909,30.37272727272727,12.810366080302813
65.69090909090909,31.381818181818183,13.506798419856773
65.69090909090909,32.39090909090909,14.210641076844885
65.69090909090909,33.4,14.921504879754952
65.69090909090909,34.40909090909091,15.639030612358802
65.69090909090909,35.418181818181814,16.362886079430535
65.69090909090909,36.42727272727273,17.092763511672203
65.69090909090909,37.43636363636364,17.82837726590048
65.69090909090909,38.445454545454545,18.5694617826464
65.69090909090909,39.45454545454545,19.315769768559747
65.69090909090909,40.46363636363636,20.067070575503408
65.69090909090909,41.47272727272727,20.823148752069148
65.69090909090909,42.481818181818184,21.583802746538428
65.69090909090909,43.49090909090909,22.348843743129247
65.69090909090909,44.5,23.118094615782617
65.69090909090909,45.50909090909091,23.891388985810202
65.69090909090909,46.518181818181816,24.668570371498785
65.69090909090909,47.527272727272724,25.449491419292446
65.69090909090909,48.53636363636364,26.23401320748507
65.69090909090909,49.54545454545455,27.022004614487024
65.69090909090909,50.554545454545455,27.813341744706598
65.69090909090909,51.56363636363636,28.60790740593107
65.69090909090909,52.57272727272727,29.405590632825184
65.69090909090909,53.58181818181818,30.20628625179917
65.69090909090909,54.590909090909086,31.009894483052214
65.69090909090909,55.6,31.816320576078265
65.69090909090909,56.60909090909091,32.62547447534159
65.69090909090909,57.61818181818182,33.43727051319729
65.69090909090909,58.627272727272725,34.25162712745412
65.69090909090909,59.63636363636363,35.06846660125931
65.69090909090909,60.64545454545454,35.88771482323417
65.69090909090909,61.654545454545456,36.709301066007995
65.69090909090909,62.663636363636364,37.53315778149069
65.69090909090909,63.67272727272727,38.35922041139562
65.69090909090909,64.68181818181817,39.187427211675214
65.69090909090909,65.69090909090909,40.01771908966578
65.69090909090909,66.69999999999999,40.850039452856755
65.69090909090909,67.7090909090909,41.68433406830613
65.69090909090909,68.7181818181818,42.52055093181718
65.69090909090909,69.72727272727272,43.358640146076716
65.69090909090909,70.73636363636362,44.19855380702902
65.69090909090909,71.74545454545454,45.04024589782852
65.69090909090909,72.75454545454545,45.88367218977255
65.69090909090909,73.76363636363635,46.72879014967151
65.69090909090909,74.77272727272727,47.5755588531609
65.69090909090909,75.78181818181817,48.423938903504045
65.69090909090909,76.79090909090908,49.27389235547385
65.69090909090909,77.8,50.125382643936724
65.69090909090909,78.8090909090909,50.97837451679482
65.69090909090909,79.81818181818181,51.83283397197087
65.69090909090909,80.82727272727271,52.68872819814663
65.69090909090909,81.83636363636363,53.54602551898979
65.69090909090909,82.84545454545453,54.404695340625295
65.69090909090909,83.85454545454544,55.2647081021274
65.69090909090909,84.86363636363636,56.12603522882561
65.69090909090909,85.87272727272726,56.98864908823508
65.69090909090909,86.88181818181818,57.85252294843569
65.69090909090909,87.89090909090908,58.71763093873836
65.69090909090909,88.89999999999999,59.58394801248904
65.69090909090909,89.90909090909089,60.45144991187203
65.69090909090909,90.91818181818181,61.320113134585284
65.69090909090909,91.92727272727272,62.189914902268484
65.69090909090909,92.93636363636362,63.06083313057481
65.69090909090909,93.94545454545454,63.93284640078424
65.69090909090909,94.95454545454544,64.8059339328637
65.69090909090909,95.96363636363635,65.68007555988645
65.69090909090909,96.97272727272727,66.55525170372898
65.69090909090909,97.98181818181817,67.43144335196918
65.69090909090909,98.99090909090908,68.30863203591532
65.69090909090909,100.0,69.18679980969955
66.69999999999999,0.1,2.3289594454223537e-06
66.69999999999999,1.1090909090909091,0.0031505572612097656
66.69999999999999,2.118181818181818,0.02146887047758313
66.69999999999999,3.1272727272727274,0.06676844172477939
66.69999999999999,4.136363636363636,0.14779001792465749
66.69999999999999,5.145454545454545,0.26993274584453125
66.69999999999999,6.154545454545454,0.4356426664927635
66.69999999999999,7.163636363636363,0.6451177537264758
66.69999999999999,8.172727272727272,0.897043809788514
66.69999999999999,9.181818181818182,1.1892086405790612
66.69999999999999,10.19090909090909,1.5189510267477304
66.69999999999999,11.2,1.8834595198307904
66.69999999999999,12.209090909090909,2.2799561044717014
66.69999999999999,13.218181818181817,2.705799829518552
66.69999999999999,14.227272727272727,3.158538377479111
66.69999999999999,15.236363636363635,3.635927510094518
66.69999999999999,16.245454545454546,4.135931695203463
66.69999999999999,17.254545454545454,4.656714405864252
66.69999999999999,18.263636363636365,5.196623323409307
66.69999999999999,19.272727272727273,5.754173562053407
66.69999999999999,20.28181818181818,6.328030701253502
66.69999999999999,21.290909090909093,6.916994592757845
66.69999999999999,22.3,7.5199844161145615
66.69999999999999,23.30909090909091,8.136025166932523
66.69999999999999,24.31818181818182,8.764235598003093
66.69999999999999,25.327272727272728,9.40381754519215
66.69999999999999,26.336363636363636,10.05404652710746
66.69999999999999,27.345454545454544,10.714263491073039
66.69999999999999,28.354545454545455,11.383867576378814
66.69999999999999,29.363636363636363,12.062309772178478
66.69999999999999,30.37272727272727,12.749087357653481
66.69999999999999,31.381818181818183,13.443739023744875
66.69999999999999,32.39090909090909,14.14584058752744
66.69999999999999,33.4,14.855001221443569
66.69999999999999,34.40909090909091,15.570860129785736
66.69999999999999,35.418181818181814,16.29308361389289
66.69999999999999,36.42727272727273,17.021362475505956
66.69999999999999,37.43636363636364,17.75540971467476
66.69999999999999,38.445454545454545,18.494958484617158
66.69999999999999,39.45454545454545,19.239760271104707
66.69999999999999,40.46363636363636,19.989583268392604
66.69999999999999,41.47272727272727,20.744210927521568
66.69999999999999,42.481818181818184,21.50344065608332
66.69999999999999,43.49090909090909,22.267082651338537
66.69999999999999,44.5,23.034958850973375
66.69999999999999,45.50909090909091,23.806901987837342
66.69999999999999,46.518181818181816,24.582754736771246
66.69999999999999,47.527272727272724,25.36236894315263
66.69999999999999,48.53636363636364,26.145604924094147
66.69999999999999,49.54545454545455,26.932330834357554
66.69999999999999,50.554545454545455,27.72242209002119
66.69999999999999,51.56363636363636,28.515760843781305
66.69999999999999,52.57272727272727,29.312235506499267
66.69999999999999,53.58181818181818,30.111740310241053
66.69999999999999,54.590909090909086,30.91417490860815
66.69999999999999,55.6,31.719444010640412
66.69999999999999,56.60909090909091,32.52745704499167
66.69999999999999,57.61818181818182,33.338127851447055
66.69999999999999,58.627272727272725,34.151374397172965
66.69999999999999,59.63636363636363,34.96711851537368
66.69999999999999,60.64545454545454,35.78528566427793
66.69999999999999,61.654545454545456,36.605804704597084
66.69999999999999,62.663636363636364,37.4286076937909
66.69999999999999,63.67272727272727,38.253629695647575
66.69999999999999,64.68181818181817,39.080808603835855
66.69999999999999,65.69090909090909,39.91008497822206
66.69999999999999,66.69999999999999,40.741401892863024
66.69999999999999,67.7090909090909,41.574704794693446
66.69999999999999,68.7181818181818,42.40994137201922
66.69999999999999,69.72727272727272,43.247061432013936
66.69999999999999,70.73636363636362,44.08601678649023
66.69999999999999,71.74545454545454,44.92676114528558
66.69999999999999,72.75454545454545,45.769250016662504
66.69999999999999,73.76363636363635,46.613440614177094
66.69999999999999,74.77272727272727,47.4592917695192
66.69999999999999,75.78181818181817,48.30676385087052
66.69999999999999,76.79090909090908,49.15581868636725
66.69999999999999,77.8,50.006419492289005
66.69999999999999,78.8090909090909,50.85853080562823
66.69999999999999,79.81818181818181,51.71211842072308
66.69999999999999,80.82727272727271,52.5671493296636
66.69999999999999,81.83636363636363,53.42359166620452
66.69999999999999,82.84545454545453,54.28141465293965
66.69999999999999,83.85454545454544,55.14058855151297
66.69999999999999,84.86363636363636,56.0010846156588
66.69999999999999,85.87272727272726,56.86287504688038
66.69999999999999,86.88181818181818,57.72593295259055
66.69999999999999,87.89090909090908,58.590232306551776
66.69999999999999,88.89999999999999,59.45574791146588
66.69999999999999,89.90909090909089,60.32245536357397
66.69999999999999,90.91818181818181,61.190331019138426
66.69999999999999,91.92727272727272,62.059351962687735
66.69999999999999,92.93636363636362,62.92949597691394
66.69999999999999,93.94545454545454,63.80074151412023
66.69999999999999,94.95454545454544,64.67306766912353
66.69999999999999,95.96363636363635,65.54645415352408
66.69999999999999,96.97272727272727,66.4208812712594
66.69999999999999,97.98181818181817,67.2963298953668
66.69999999999999,98.99090909090908,68.17278144588266
66.69999999999999,100.0,69.05021786881264
67.7090909090909,0.1,2.294252584473099e-06
67.7090909090909,1.1090909090909091,0.003103995483282905
67.7090909090909,2.118181818181818,0.021158311750828374
67.7090909090909,3.1272727272727274,0.0658336565041625
67.7090909090909,4.136363636363636,0.1458049359747142
67.7090909090909,5.145454545454545,0.26647586305385157
67.7090909090909,6.154545454545454,0.43034407484854753
67.7090909090909,7.163636363636363,0.6376809267530674
67.7090909090909,8.172727272727272,0.8872486996545383
67.7090909090909,9.181818181818182,1.1769042217016616
67.7090909090909,10.19090909090909,1.5040435552686042
67.7090909090909,11.2,1.8659002661892112
67.7090909090909,12.209090909090909,2.259730369781379
67.7090909090909,13.218181818181817,2.682917869989144
67.7090909090909,14.227272727272727,3.133028252817875
67.7090909090909,15.236363636363635,3.6078296152564615
67.7090909090909,16.245454545454546,4.105294663305481
67.7090909090909,17.254545454545454,4.623592083259652
67.7090909090909,18.263636363636365,5.161072562561862
67.7090909090909,19.272727272727273,5.71625262852286
67.7090909090909,20.28181818181818,6.2877981371965
67.7090909090909,21.290909090909093,6.874508417489464
67.7090909090909,22.3,7.4753015743080455
67.7090909090909,23.30909090909091,8.089201158018588
67.7090909090909,24.31818181818182,8.715324237624172
67.7090909090909,25.327272727272728,9.352870822450054
67.7090909090909,26.336363636363636,10.001114530885278
67.7090909090909,27.345454545454544,10.659394385758738
67.7090909090909,28.354545454545455,11.327107612515793
67.7090909090909,29.363636363636363,12.003703321402146
67.7090909090909,30.37272727272727,12.688676964102198
67.7090909090909,31.381818181818183,13.381565466224002
67.7090909090909,32.39090909090909,14.081942948251065
67.7090909090909,33.4,14.789416958322718
67.7090909090909,34.40909090909091,15.503625150079785
67.7090909090909,35.418181818181814,16.22423234766869
67.7090909090909,36.42727272727273,16.950927947814577
67.7090909090909,37.43636363636364,17.683423615699677
67.7090909090909,38.445454545454545,18.421451237301586
67.7090909090909,39.45454545454545,19.164761095952557
67.7090909090909,40.46363636363636,19.913120245274037
67.7090909090909,41.47272727272727,20.66631105441296
67.7090909090909,42.481818181818184,21.42412990474273
67.7090909090909,43.49090909090909,22.18638601996763
67.7090909090909,44.5,22.952900413951607
67.7090909090909,45.50909090909091,23.723504942636804
67.7090909090909,46.518181818181816,24.498041448175382
67.7090909090909,47.527272727272724,25.27636098490993
67.7090909090909,48.53636363636364,26.058323118141423
67.7090909090909,49.54545454545455,26.84379528774774
67.7090909090909,50.554545454545455,27.63265222968829
67.7090909090909,51.56363636363636,28.424775449271518
67.7090909090909,52.57272727272727,29.2200527407922
67.7090909090909,53.58181818181818,30.018377748779546
67.7090909090909,54.590909090909086,30.819649566649204
67.7090909090909,55.6,31.62377236903355
67.7090909090909,56.60909090909091,32.430655074484896
67.7090909090909,57.61818181818182,33.24021103561457
67.7090909090909,58.627272727272725,34.052357754052835
67.7090909090909,59.63636363636363,34.8670166178981
67.7090909090909,60.64545454545454,35.684112659573074
67.7090909090909,61.654545454545456,36.50357433222474
67.7090909090909,62.663636363636364,37.325333302998956
67.7090909090909,63.67272727272727,38.14932426169212
67.7090909090909,64.68181818181817,38.9754847434332
67.7090909090909,65.69090909090909,39.80375496418506
67.7090909090909,66.69999999999999,40.6340776679724
67.7090909090909,67.7090909090909,41.46639798485135
67.7090909090909,68.7181818181818,42.30066329872895
67.7090909090909,69.72727272727272,43.136823124226915
67.7090909090909,70.73636363636362,43.97482899185817
67.7090909090909,71.74545454545454,44.814634340853814
67.7090909090909,72.75454545454545,45.656194419037305
67.7090909090909,73.76363636363635,46.49946618919831
67.7090909090909,74.77272727272727,47.34440824146679
67.7090909090909,75.78181818181817,48.190980711232164
67.7090909090909,76.79090909090908,49.03914520219223
67.7090909090909,77.8,49.88886471415179
67.7090909090909,78.8090909090909,50.74010357522378
67.7090909090909,79.81818181818181,51.59282737811472
67.7090909090909,80.82727272727271,52.447002920202316
67.7090909090909,81.83636363636363,53.30259814713801
67.7090909090909,82.84545454545453,54.15958209972788
67.7090909090909,83.85454545454544,55.017924863866135
67.7090909090909,84.86363636363636,55.877597523312524
67.7090909090909,85.87272727272726,56.738572115121976
67.7090909090909,86.88181818181818,57.60082158754946
67.7090909090909,87.89090909090908,58.46431976026663
67.7090909090909,88.89999999999999,59.3290412867394
67.7090909090909,89.90909090909089,60.194961618626664
67.7090909090909,90.91818181818181,61.062056972071474
67.7090909090909,91.92727272727272,61.930304295764266
67.7090909090909,92.93636363636362,62.79968124066811
67.7090909090909,93.94545454545454,63.670166131302295
67.7090909090909,94.95454545454544,64.54173793848905
67.7090909090909,95.96363636363635,65.41437625347491
67.7090909090909,96.97272727272727,66.28806126334341
67.7090909090909,97.98181818181817,67.16277372764311
67.7090909090909,98.99090909090908,68.03849495615881
67.7090909090909,100.0,68.91520678775954
68.7181818181818,0.1,2.2605649589663097e-06
68.7181818181818,1.1090909090909091,0.0030587899566999776
68.7181818181818,2.118181818181818,0.020856612255601398
68.7181818181818,3.1272727272727274,0.06492471734596293
68.7181818181818,4.136363636363636,0.14387265849280917
68.7181818181818,5.145454545454545,0.2631070567449055
68.7181818181818,6.154545454545454,0.4251745439388239
68.7181818181818,7.163636363636363,0.6304172749276996
68.7181818181818,8.172727272727272,0.8776719335793467
68.7181818181818,9.181818181818182,1.164862915425797
68.7181818181818,10.19090909090909,1.4894426533452294
68.7181818181818,11.2,1.8486892230639078
68.7181818181818,12.209090909090909,2.239892442509039
68.7181818181818,13.218181818181817,2.660461217254693
68.7181818181818,14.227272727272727,3.1079788864250073
68.7181818181818,15.236363636363635,3.5802259878537877
68.7181818181818,16.245454545454546,4.0751835976808675
68.7181818181818,17.254545454545454,4.591025755970439
68.7181818181818,18.263636363636365,5.126106295122996
68.7181818181818,19.272727272727273,5.678943287199638
68.7181818181818,20.28181818181818,6.248202986682751
68.7181818181818,21.290909090909093,6.83268431071404
68.7181818181818,22.3,7.431304389911571
68.7181818181818,23.30909090909091,8.043085419578398
68.7181818181818,24.31818181818182,8.667142865730604
68.7181818181818,25.327272727272728,9.302674983463508
68.7181818181818,26.336363636363636,9.948953555656585
68.7181818181818,27.345454545454544,10.605315738594678
68.7181818181818,28.354545454545455,11.271156895846659
68.7181818181818,29.363636363636363,11.945924305433348
68.7181818181818,30.37272727272727,12.629111633561232
68.7181818181818,31.381818181818183,13.320254078408299
68.7181818181818,32.39090909090909,14.018924098134308
68.7181818181818,33.4,14.724727647628528
68.7181818181818,34.40909090909091,15.437300858085996
68.7181818181818,35.418181818181814,16.156307102140495
68.7181818181818,36.42727272727273,16.88143439493549
68.7181818181818,37.43636363636364,17.61239308821892
68.7181818181818,38.445454545454545,18.3489138203751
68.7181818181818,39.45454545454545,19.09074569034548
68.7181818181818,40.46363636363636,19.837654627732636
68.7181818181818,41.47272727272727,20.589421935116153
68.7181818181818,42.481818181818184,21.34584298181677
68.7181818181818,43.49090909090909,22.106726031100283
68.7181818181818,44.5,22.871891185178225
68.7181818181818,45.50909090909091,23.64116943439585
68.7181818181818,46.518181818181816,24.41440179874634
68.7181818181818,47.527272727272724,25.191438551356317
68.7181818181818,48.53636363636364,25.972138514885856
68.7181818181818,49.54545454545455,26.756368422907496
68.7181818181818,50.554545454545455,27.544002339298057
68.7181818181818,51.56363636363636,28.33492112951726
68.7181818181818,52.57272727272727,29.129011978375583
68.7181818181818,53.58181818181818,29.926167949527454
68.7181818181818,54.590909090909086,30.72628758247721
68.7181818181818,55.6,31.52927452336661
68.7181818181818,56.60909090909091,32.33503718623267
68.7181818181818,57.61818181818182,33.14348844179294
68.7181818181818,58.627272727272725,33.95454533113766
68.7181818181818,59.63636363636363,34.76812880199181
68.7181818181818,60.64545454545454,35.584163465459426
68.7181818181818,61.654545454545456,36.40257737138216
68.7181818181818,62.663636363636364,37.22330180063846
68.7181818181818,63.67272727272727,38.046271072880685
68.7181818181818,64.68181818181817,38.871422368360264
68.7181818181818,65.69090909090909,39.69869556262525
68.7181818181818,66.69999999999999,40.528033072994326
68.7181818181818,67.7090909090909,41.35937971581871
68.7181818181818,68.7181818181818,42.19268257363714
68.7181818181818,69.72727272727272,43.02789087141556
68.7181818181818,70.73636363636362,43.86495586113695
68.7181818181818,71.74545454545454,44.703830714076695
68.7181818181818,72.75454545454545,45.54447042015779
68.7181818181818,73.76363636363635,46.386831693836214
68.7181818181818,74.77272727272727,47.230872886015
68.7181818181818,75.78181818181817,48.07655390152994
68.7181818181818,76.79090909090908,48.92383612178981
68.7181818181818,77.8,49.77268233218959
68.7181818181818,78.8090909090909,50.623056653947884
68.7181818181818,79.81818181818181,51.47492448004879
68.7181818181818,80.82727272727271,52.32825241499517
68.7181818181818,81.83636363636363,53.183008218104355
68.7181818181818,82.84545454545453,54.03916075009913
68.7181818181818,83.85454545454544,54.89667992276678
68.7181818181818,84.86363636363636,55.75553665147668
68.7181818181818,85.87272727272726,56.615702810363885
68.7181818181818,86.88181818181818,57.47715119000094
68.7181818181818,87.89090909090908,58.339855457393334
68.7181818181818,88.89999999999999,59.203790118147516
68.7181818181818,89.90909090909089,60.06893048067065
68.7181818181818,90.91818181818181,60.935252622272806
68.7181818181818,91.92727272727272,61.802733357050876
68.7181818181818,92.93636363636362,62.67135020544311
68.7181818181818,93.94545454545454,63.54108136535082
68.7181818181818,94.95454545454544,64.4119056847307
68.7181818181818,95.96363636363635,65.2838026355695
68.7181818181818,96.97272727272727,66.15675228915705
68.7181818181818,97.98181818181817,67.03073529258114
68.7181818181818,98.99090909090908,67.905732846372
68.7181818181818,100.0,68.78172668322944
69.72727272727272,0.1,2.227852320828913e-06
69.72727272727272,1.1090909090909091,0.003014882273477704
69.72727272727272,2.118181818181818,0.020563398131017718
69.72727272727272,3.1272727272727274,0.06404056563982681
69.72727272727272,4.136363636363636,0.1419910991785893
69.72727272727272,5.145454545454545,0.259822979490817
69.72727272727272,6.154545454545454,0.42012935602081874
69.72727272727272,7.163636363636363,0.6233206992201284
69.72727272727272,8.172727272727272,0.8683060819252643
69.72727272727272,9.181818181818182,1.1530760431842437
69.72727272727272,10.19090909090909,1.4751384857263363
69.72727272727272,11.2,1.8318154897308523
69.72727272727272,12.209090909090909,2.2204304410023825
69.72727272727272,13.218181818181817,2.6384170845039567
69.72727272727272,14.227272727272727,3.0833766530794824
69.72727272727272,15.236363636363635,3.5531022226125955
69.72727272727272,16.245454545454546,4.045583363926654
69.72727272727272,17.254545454545454,4.558999604972119
69.72727272727272,18.263636363636365,5.091708056487645
69.72727272727272,19.272727272727273,5.642228462307883
69.72727272727272,20.28181818181818,6.209227593256395
69.72727272727272,21.290909090909093,6.791504062464535
69.72727272727272,22.3,7.387974123790257
69.72727272727272,23.30909090909091,7.9976587052384005
69.72727272727272,24.31818181818182,8.619671748566216
69.72727272727272,25.327272727272728,9.25320982515976
69.72727272727272,26.336363636363636,9.897542945544057
69.72727272727272,27.345454545454544,10.552006456054553
69.72727272727272,28.354545454545455,11.215993909161314
69.72727272727272,29.363636363636363,11.888950796293463
69.72727272727272,30.37272727272727,12.570369039268028
69.72727272727272,31.381818181818183,13.259782145907112
69.72727272727272,32.39090909090909,13.95676094557305
69.72727272727272,33.4,14.660909830292113
69.72727272727272,34.40909090909091,15.371863436419158
69.72727272727272,35.418181818181814,16.089283710211735
69.72727272727272,36.42727272727273,16.812857308172216
69.72727272727272,37.43636363636364,17.542293289597907
69.72727272727272,38.445454545454545,18.277321064515736
69.72727272727272,39.45454545454545,19.017688565148042
69.72727272727272,40.46363636363636,19.763160613347086
69.72727272727272,41.47272727272727,20.51351746013228
69.72727272727272,42.481818181818184,21.268553476642538
69.72727272727272,43.49090909090909,22.028075978549897
69.72727272727272,44.5,22.79190416833001
69.72727272727272,45.50909090909091,23.559868181806003
69.72727272727272,46.518181818181816,24.331808227122224
69.72727272727272,47.527272727272724,25.107573805803355
69.72727272727272,48.53636363636364,25.88702300684781
69.72727272727272,49.54545454545455,26.670021865921765
69.72727272727272,50.554545454545455,27.45644378268743
69.72727272727272,51.56363636363636,28.246168990136674
69.72727272727272,52.57272727272727,29.03908407052915
69.72727272727272,53.58181818181818,29.835081513166184
69.72727272727272,54.590909090909086,30.634059309783037
69.72727272727272,55.6,31.435920583822742
69.72727272727272,56.60909090909091,32.240573250275
69.72727272727272,57.61818181818182,33.047929703131636
69.72727272727272,58.627272727272725,33.85790652783286
69.72727272727272,59.63636363636363,34.67042423636204
69.72727272727272,60.64545454545454,35.48540702289618
69.72727272727272,61.654545454545456,36.302782538139915
69.72727272727272,62.663636363636364,37.12248168066394
69.72727272727272,63.67272727272727,37.94443840374199
69.72727272727272,64.68181818181817,38.76858953633167
69.72727272727272,65.69090909090909,39.59487461697983
69.72727272727272,66.69999999999999,40.423235739553576
69.72727272727272,67.7090909090909,41.253617409804406
69.72727272727272,68.7181818181818,42.08596641186787
69.72727272727272,69.72727272727272,42.9202316838876
69.72727272727272,70.73636363636362,43.75636420202628
69.72727272727272,71.74545454545454,44.59431687219678
69.72727272727272,72.75454545454545,45.43404442890497
69.72727272727272,73.76363636363635,46.27550334065297
69.72727272727272,74.77272727272727,47.11865172139896
69.72727272727272,75.78181818181817,47.963449247614804
69.72727272727272,76.79090909090908,48.809857080522704
69.72727272727272,77.8,49.65783779312762
69.72727272727272,78.8090909090909,50.50735530169538
69.72727272727272,79.81818181818181,51.35837480135507
69.72727272727272,80.82727272727271,52.21086270553167
69.72727272727272,81.83636363636363,53.06478658893875
69.72727272727272,82.84545454545453,53.92011513388268
69.72727272727272,83.85454545454544,54.77681807965034
69.72727272727272,84.86363636363636,55.63486617476996
69.72727272727272,85.87272727272726,56.49423113195145
69.72727272727272,86.88181818181818,57.35488558552753
69.72727272727272,87.89090909090908,58.21680305123075
69.72727272727272,88.89999999999999,59.07995788815399
69.72727272727272,89.90909090909089,59.944325262753516
69.72727272727272,90.91818181818181,60.80988111476425
69.72727272727272,91.92727272727272,61.6766021249062
69.72727272727272,92.93636363636362,62.54446568427036
69.72727272727272,93.94545454545454,63.41344986527982
69.72727272727272,94.95454545454544,64.2835333941297
69.72727272727272,95.96363636363635,65.15469562461647
69.72727272727272,96.97272727272727,66.02691651327282
69.72727272727272,97.98181818181817,66.90017659573073
69.72727272727272,98.99090909090908,67.77445696424058
69.72727272727272,100.0,68.6497392462786
70.73636363636362,0.1,2.1960729467083427e-06
70.73636363636362,1.1090909090909091,0.0029722173320846975
70.73636363636362,2.118181818181818,0.020278316265976752
70.73636363636362,3.1272727272727274,0.06318019987579547
70.73636363636362,4.136363636363636,0.14015828055855975
70.73636363636362,5.145454545454545,0.2566204524981711
70.73636363636362,6.154545454545454,0.4152040231980051
70.73636363636362,7.163636363636363,0.6163853888291032
70.73636363636362,8.172727272727272,0.8591440569210752
70.73636363636362,9.181818181818182,1.1415353167339994
70.73636363636362,10.19090909090909,1.4611216510870215
70.73636363636362,11.2,1.8152686387405417
70.73636363636362,12.209090909090909,2.201332992619799
70.73636363636362,13.218181818181817,2.6167732266413277
70.73636363636362,14.227272727272727,3.0592084994391087
70.73636363636362,15.236363636363635,3.5264445141586522
70.73636363636362,16.245454545454546,4.0164794537397395
70.73636363636362,17.254545454545454,4.5274984619782375
70.73636363636362,18.263636363636365,5.057862056073574
70.73636363636362,19.272727272727273,5.606091774195548
70.73636363636362,20.28181818181818,6.1708550176415935
70.73636363636362,21.290909090909093,6.750950200080407
70.73636363636362,22.3,7.345292793409252
70.73636363636362,23.30909090909091,7.952902543766484
70.73636363636362,24.31818181818182,8.572891945374971
70.73636363636362,25.327272727272728,9.204455954701722
70.73636363636362,26.336363636363636,9.846862871570059
70.73636363636362,27.345454545454544,10.499446287649162
70.73636363636362,28.354545454545455,11.161597993937168
70.73636363636362,29.363636363636363,11.832761739889653
70.73636363636362,30.37272727272727,12.512427743123089
70.73636363636362,31.381818181818183,13.200127857376852
70.73636363636362,32.39090909090909,13.895431316025734
70.73636363636362,33.4,14.597940977976831
70.73636363636362,34.40909090909091,15.307290011770268
70.73636363636362,35.418181818181814,16.023138961898965
70.73636363636362,36.42727272727273,16.74517314868805
70.73636363636362,37.43636363636364,17.473100359533525
70.73636363636362,38.445454545454545,18.20664879494399
70.73636363636362,39.45454545454545,18.94556523773051
70.73636363636362,40.46363636363636,19.68961341792925
70.73636363636362,41.47272727272727,20.4385725496985
70.73636363636362,42.481818181818184,21.192236019581532
70.73636363636362,43.49090909090909,21.950410208237958
70.73636363636362,44.5,22.712913430079443
70.73636363636362,45.50909090909091,23.479574977254458
70.73636363636362,46.518181818181816,24.250234256156872
70.73636363636362,47.527272727272724,25.024740006125786
70.73636363636362,48.53636363636364,25.802949591292247
70.73636363636362,49.54545454545455,26.584728357642064
70.73636363636362,50.554545454545455,27.36994904832835
70.73636363636362,51.56363636363636,28.158491271103475
70.73636363636362,52.57272727272727,28.95024101246615
70.73636363636362,53.58181818181818,29.745090193751107
70.73636363636362,54.590909090909086,30.542936264939147
70.73636363636362,55.6,31.343681832445952
70.73636363636362,56.60909090909091,32.147234317567914
70.73636363636362,57.61818181818182,32.953505642631335
70.73636363636362,58.627272727272725,33.76241194221412
70.73636363636362,59.63636363636363,34.57387329709269
70.73636363636362,60.64545454545454,35.387813488816604
70.73636363636362,61.654545454545456,36.20415977303392
70.73636363636362,62.663636363636364,37.02284266988409
70.73636363636362,63.67272727272727,37.84379576994814
70.73636363636362,64.68181818181817,38.666955554397624
70.73636363636362,65.69090909090909,39.4922612281197
70.73636363636362,66.69999999999999,40.319654564715314
70.73636363636362,67.7090909090909,41.1490797623754
70.73636363636362,68.7181818181818,41.98048330973436
70.73636363636362,69.72727272727272,42.813813860886576
70.73636363636362,70.73636363636362,43.64902211882632
70.73636363636362,71.74545454545454,44.4860607266416
70.73636363636362,72.75454545454545,45.3248841658514
70.73636363636362,73.76363636363635,46.16544866133274
70.73636363636362,74.77272727272727,47.00771209233203
70.73636363636362,75.78181818181817,47.851633909099846
70.73636363636362,76.79090909090908,48.69717505472897
70.73636363636362,77.8,49.544297891810615
70.73636363636362,78.8090909090909,50.39296613355736
70.73636363636362,79.81818181818181,51.24314477907035
70.73636363636362,80.82727272727271,52.09480005245487
70.73636363636362,81.83636363636363,52.94789934551346
70.73636363636362,82.84545454545453,53.80241116376672
70.73636363636362,83.85454545454544,54.658305075572834
70.73636363636362,84.86363636363636,55.51555166413442
70.73636363636362,85.87272727272726,56.3741224821983
70.73636363636362,86.88181818181818,57.233990009268666
70.73636363636362,87.89090909090908,58.09512761116781
70.73636363636362,88.89999999999999,58.95750950179155
70.73636363636362,89.90909090909089,59.82111070691766
70.73636363636362,90.91818181818181,60.685907029936175
70.73636363636362,91.92727272727272,61.55187501938032
70.73636363636362,92.93636363636362,62.41899193814535
70.73636363636362,93.94545454545454,63.287235734291
70.73636363636362,94.95454545454544,64.15658501333046
70.73636363636362,95.96363636363635,65.02701901191593
70.73636363636362,96.97272727272727,65.89851757283664
70.73636363636362,97.98181818181817,66.77106112125158
70.73636363636362,98.99090909090908,67.64463064208454
70.73636363636362,100.0,68.51920765851284
71.74545454545454,0.1,2.1651874604346692e-06
71.74545454545454,1.1090909090909091,0.0029307431067306143
71.74545454545454,2.118181818181818,0.020001032878939486
71.74545454545454,3.1272727272727274,0.06234267184129214
71.74545454545454,4.136363636363636,0.1383723269600519
71.74545454545454,5.145454545454545,0.25349645505386176
71.74545454545454,6.154545454545454,0.41039427343863927
71.74545454545454,7.163636363636363,0.6096058040808301
71.74545454545454,8.172727272727272,0.8501790927878234
71.74545454545454,9.181818181818182,1.1302328158387656
71.74545454545454,10.19090909090909,1.4473831575420413
71.74545454545454,11.2,1.7990386894885413
71.74545454545454,12.209090909090909,2.1825892055405993
71.74545454545454,13.218181818181817,2.5955179104848902
71.74545454545454,14.227272727272727,3.035461912748075
71.74545454545454,15.236363636363635,3.5002396243358502
71.74545454545454,16.245454545454546,3.9878579509320535
71.74545454545454,17.254545454545454,4.496507774225808
71.74545454545454,18.263636363636365,5.0245531409409825
71.74545454545454,19.272727272727273,5.5705175018443045
71.74545454545454,20.28181818181818,6.133068999192556
71.74545454545454,21.290909090909093,6.711005948642948
71.74545454545454,22.3,7.303243132293076
71.74545454545454,23.30909090909091,7.908799197592381
71.74545454545454,24.31818181818182,8.526785266015642
71.74545454545454,25.327272727272728,9.156394746227368
71.74545454545454,26.336363636363636,9.796894287548652
71.74545454545454,27.345454545454544,10.447615780996971
71.74545454545454,28.354545454545455,11.10794930461224
71.74545454545454,29.363636363636363,11.777336909512922
71.74545454545454,30.37272727272727,12.455267148433778
71.74545454545454,31.381818181818183,13.14127025653003
71.74545454545454,32.39090909090909,13.834913903306184
71.74545454545454,33.4,14.535799443671962
71.74545454545454,34.40909090909091,15.243558604817535
71.74545454545454,35.418181818181814,15.957850553575376
71.74545454545454,36.42727272727273,16.67835929609664
71.74545454545454,37.43636363636364,17.40479136800571
71.74545454545454,38.445454545454545,18.13687377874839
71.74545454545454,39.45454545454545,18.874352178680923
71.74545454545454,40.46363636363636,19.616989221634576
71.74545454545454,41.47272727272727,20.364563099308057
71.74545454545454,42.481818181818184,21.116866226960344
71.74545454545454,43.49090909090909,21.873704062565412
71.74545454545454,44.5,22.634894043906897
71.74545454545454,45.50909090909091,23.40026463008658
71.74545454545454,46.518181818181816,24.169654435641696
71.74545454545454,47.527272727272724,24.942911446951364
71.74545454545454,48.53636363636364,25.71989231189523
71.74545454545454,49.54545454545455,26.500461694837565
71.74545454545454,50.554545454545455,27.284491689971272
71.74545454545454,51.56363636363636,28.07186128689032
71.74545454545454,52.57272727272727,28.862455882983927
71.74545454545454,53.58181818181818,29.656166837876217
71.74545454545454,54.590909090909086,30.45289106568511
71.74545454545454,55.6,31.252530661354065
71.74545454545454,56.60909090909091,32.05499255773026
71.74545454545454,57.61818181818182,32.86018821043054
71.74545454545454,58.627272727272725,33.66803330785961
71.74545454545454,59.63636363636363,34.47844750402806
71.74545454545454,60.64545454545454,35.29135417206861
71.74545454545454,61.654545454545456,36.10668017656878
71.74545454545454,62.663636363636364,36.92435566303274
71.74545454545454,63.67272727272727,37.74431386295809
71.74545454545454,64.68181818181817,38.566490913165275
71.74545454545454,65.69090909090909,39.39082568815338
71.74545454545454,66.69999999999999,40.21725964437607
71.74545454545454,67.7090909090909,41.04573667543939
71.74545454545454,68.7181818181818,41.87620297731776
71.74545454545454,69.72727272727272,42.708606922771125
71.74545454545454,70.73636363636362,43.54289894422149
71.74545454545454,71.74545454545454,44.379031424416254
71.74545454545454,72.75454545454545,45.21695859426643
71.74545454545454,73.76363636363635,46.056636437303595
71.74545454545454,74.77272727272727,46.89802260024818
71.74545454545454,75.78181818181817,47.74107630922673
71.74545454545454,76.79090909090908,48.58575829121612
71.74545454545454,77.8,49.43203070032806
71.74545454545454,78.8090909090909,50.27985704858117
71.74545454545454,79.81818181818181,51.12920214083668
71.74545454545454,80.82727272727271,51.98003201360083
71.74545454545454,81.83636363636363,52.83231387742179
71.74545454545454,82.84545454545453,53.68601606263017
71.74545454545454,83.85454545454544,54.54110796819352
71.74545454545454,84.86363636363636,55.39756001347186
71.74545454545454,85.87272727272726,56.25534359267968
71.74545454545454,86.88181818181818,57.11443103187353
71.74545454545454,87.89090909090908,57.974795548298886
71.74545454545454,88.89999999999999,58.83641121194267
71.74545454545454,89.90909090909089,59.69925290914914
71.74545454545454,90.91818181818181,60.56329630816718
71.74545454545454,91.92727272727272,61.42851782650755
71.74545454545454,92.93636363636362,62.29489459999645
71.74545454545454,93.94545454545454,63.16240445342102
71.74545454545454,94.95454545454544,64.03102587266876
71.74545454545454,95.96363636363635,64.90073797827085
71.74545454545454,96.97272727272727,65.77152050026487
71.74545454545454,97.98181818181817,66.64335375429829
71.74545454545454,98.99090909090908,67.51621861890067
71.74545454545454,100.0,68.39009651385521
72.75454545454545,0.1,2.135158670256268e-06
72.75454545454545,1.1090909090909091,0.0028904104357074774
72.75454545454545,2.118181818181818,0.0197312322128092
72.75454545454545,3.1272727272727274,0.06152708311838832
72.75454545454545,4.136363636363636,0.13663145802415566
72.75454545454545,5.145454545454545,0.25044811475925977
72.75454545454545,6.154545454545454,0.4056960376165105
72.75454545454545,7.163636363636363,0.602976660548088
72.75454545454545,8.172727272727272,0.8414047272631533
72.75454545454545,9.181818181818182,1.119160967496563
72.75454545454545,10.19090909090909,1.4339143998440642
72.75454545454545,11.2,1.7831160835921993
72.75454545454545,12.209090909090909,2.1641886424915002
72.75454545454545,13.218181818181817,2.574639886981899
72.75454545454545,14.227272727272727,3.012124891655837
72.75454545454545,15.236363636363635,3.4744748517238424
72.75454545454545,16.245454545454546,3.9597054997275456
72.75454545454545,17.254545454545454,4.466013571620801
72.75454545454545,18.263636363636365,4.991766761846485
72.75454545454545,19.272727272727273,5.535490547884713
72.75454545454545,20.28181818181818,6.095853919916591
72.75454545454545,21.290909090909093,6.671655194046911
72.75454545454545,22.3,7.261808552185575
72.75454545454545,23.30909090909091,7.865331624088985
72.75454545454545,24.31818181818182,8.481334231395568
72.75454545454545,25.327272727272728,9.109008300464406
72.75454545454545,26.336363636363636,9.747618888907464
72.75454545454545,27.345454545454544,10.39649623987743
72.75454545454545,28.354545454545455,11.055028765892411
72.75454545454545,29.363636363636363,11.722656862420196
72.75454545454545,30.37272727272727,12.39886745579085
72.75454545454545,31.381818181818183,13.08318919732459
72.75454545454545,32.39090909090909,13.775188224102786
72.75454545454545,33.4,14.474464415557966
72.75454545454545,34.40909090909091,15.180648083452844
72.75454545454545,35.418181818181814,15.893397040573051
72.75454545454545,36.42727272727273,16.61239400045358
72.75454545454545,37.43636363636364,17.337344266671206
72.75454545454545,38.445454545454545,18.067973675693768
72.75454545454545,39.45454545454545,18.80402676203949
72.75454545454545,40.46363636363636,19.54526511863384
72.75454545454545,41.47272727272727,20.291465928829926
72.75454545454545,42.481818181818184,21.042420649648214
72.75454545454545,43.49090909090909,21.797933828458092
72.75454545454545,44.5,22.55782203762301
72.75454545454545,45.50909090909091,23.321912913614035
72.75454545454545,46.518181818181816,24.090044288808258
72.75454545454545,47.527272727272724,24.862063405666056
72.75454545454545,48.53636363636364,25.637826204259408
72.75454545454545,49.54545454545455,26.417196675228592
72.75454545454545,50.554545454545455,27.20004627120389
72.75454545454545,51.56363636363636,27.98625337055989
72.75454545454545,52.57272727272727,28.775702788094023
72.75454545454545,53.58181818181818,29.568285327849917
72.75454545454545,54.590909090909086,30.363897373855348
72.75454545454545,55.6,31.162440515024507
72.75454545454545,56.60909090909091,31.963821200893342
72.75454545454545,57.61818181818182,32.767950425224946
72.75454545454545,58.627272727272725,33.57474343484464
72.75454545454545,59.63636363636363,34.384119461348014
72.75454545454545,60.64545454545454,35.19600147357582
72.75454545454545,61.654545454545456,36.010315948969485
72.75454545454545,62.663636363636364,36.82699266211629
72.75454545454545,63.67272727272727,37.64596448896576
72.75454545454545,64.68181818181817,38.46716722535166
72.75454545454545,65.69090909090909,39.29053941858949
72.75454545454545,66.69999999999999,40.116022211040345
72.75454545454545,67.7090909090909,40.9435591946396
72.75454545454545,68.7181818181818,41.7730962754842
72.75454545454545,69.72727272727272,42.604581547658455
72.75454545454545,70.73636363636362,43.4379651755543
72.75454545454545,71.74545454545454,44.273199284011305
72.75454545454545,72.75454545454545,45.110237855662064
72.75454545454545,73.76363636363635,45.949036634924795
72.75454545454545,74.77272727272727,46.78955303813425
72.75454545454545,75.78181818181817,47.63174606934648
72.75454545454545,76.79090909090908,48.47557624139383
72.75454545454545,77.8,49.321005501802276
72.75454545454545,78.8090909090909,50.16799716321675
72.75454545454545,79.81818181818181,51.01651583800917
72.75454545454545,80.82727272727271,51.86652737677122
72.75454545454545,81.83636363636363,52.71799881041839
72.75454545454545,82.84545454545453,53.57089829565359
72.75454545454545,83.85454545454544,54.42519506355926
72.75454545454545,84.86363636363636,55.28085937110459
72.75454545454545,85.87272727272726,56.13786245537223
72.75454545454545,86.88181818181818,56.99617649032274
72.75454545454545,87.89090909090908,57.85577454592995
72.75454545454545,88.89999999999999,58.716630549532795
72.75454545454545,89.90909090909089,59.578719249260445
72.75454545454545,90.91818181818181,60.44201617939885
72.75454545454545,91.92727272727272,61.306497627575794
72.75454545454545,92.93636363636362,62.172140603651215
72.75454545454545,93.94545454545454,63.038922810207055
72.75454545454545,94.95454545454544,63.906822614538854
72.75454545454545,95.96363636363635,64.77581902205826
72.75454545454545,96.97272727272727,65.6458916510216
72.75454545454545,97.98181818181817,66.51702070850581
72.75454545454545,98.99090909090908,67.38918696755874
72.75454545454545,100.0,68.26237174545463
73.76363636363635,0.1,2.105951419434407e-06
73.76363636363635,1.1090909090909091,0.002851172826972549
73.76363636363635,2.118181818181818,0.019468615334173746
73.76363636363635,3.1272727272727274,0.0607325818540187
73.76363636363635,4.136363636363636,0.1349339827098577
73.76363636363635,5.145454545454545,0.24747269848363943
73.76363636363635,6.154545454545454,0.4011054374820545
73.76363636363635,7.163636363636363,0.596492914288279
73.76363636363635,8.172727272727272,0.8328147844021793
73.76363636363635,9.181818181818182,1.108312526600438
73.76363636363635,10.19090909090909,1.4207071381302265
73.76363636363635,11.2,1.767491661927666
73.76363636363635,12.209090909090909,2.1461212962351803
73.76363636363635,13.218181818181817,2.5541283652798445
73.76363636363635,14.227272727272727,2.989185918978349
73.76363636363635,15.236363636363635,3.449138003179139
73.76363636363635,16.245454545454546,3.9320092751589826
73.76363636363635,17.254545454545454,4.43600243605561
73.76363636363635,18.263636363636365,4.959488941537679
73.76363636363635,19.272727272727273,5.500996405917363
73.76363636363635,20.28181818181818,6.059194770865691
73.76363636363635,21.290909090909093,6.632882448502463
73.76363636363635,22.3,7.220973107696142
73.76363636363635,23.30909090909091,7.82248343939554
73.76363636363635,24.31818181818182,8.436522036500026
73.76363636363635,25.327272727272728,9.062279406992536
73.76363636363635,26.336363636363636,9.699019074207461
73.76363636363635,27.345454545454544,10.346069685030935
73.76363636363635,28.354545454545455,11.002818032852725
73.76363636363635,29.363636363636363,11.668702899256607
73.76363636363635,30.37272727272727,12.343209621830002
73.76363636363635,31.381818181818183,13.025865302081856
73.76363636363635,32.39090909090909,13.716234575469004
73.76363636363635,33.4,14.41391587388471
73.76363636363635,34.40909090909091,15.118538119062006
73.76363636363635,35.418181818181814,15.829757792878597
73.76363636363635,36.42727272727273,16.547256337380276
73.76363636363635,37.43636363636364,17.270737843427767
73.76363636363635,38.445454545454545,17.999926992237338
73.76363636363635,39.45454545454545,18.734567218777467
73.76363636363635,40.46363636363636,19.474419070065174
73.76363636363635,41.47272727272727,20.219258734943935
73.76363636363635,42.481818181818184,20.968876724984803
73.76363636363635,43.49090909090909,21.723076688796034
73.76363636363635,44.5,22.481674344308338
73.76363636363635,45.50909090909091,23.244496515573235
73.76363636363635,46.518181818181816,24.01138026231325
73.76363636363635,47.527272727272724,24.78217209193335
73.76363636363635,48.53636363636364,25.556727244975075
73.76363636363635,49.54545454545455,26.3349090460965
73.76363636363635,50.554545454545455,27.11658831361668
73.76363636363635,51.56363636363636,27.901642821492562
73.76363636363635,52.57272727272727,28.689956808318453
73.76363636363635,53.58181818181818,29.481420528565884
73.76363636363635,54.590909090909086,30.27592984183058
73.76363636363635,55.6,31.073385836332058
73.76363636363635,56.60909090909091,31.873694483330596
73.76363636363635,57.61818181818182,32.6767663194942
73.76363636363635,58.627272727272725,33.482516154570774
73.76363636363635,59.63636363636363,34.29086280200457
73.76363636363635,60.64545454545454,35.10172883038635
73.76363636363635,61.654545454545456,35.91504033384723
73.76363636363635,62.663636363636364,36.73072671970103
73.76363636363635,63.67272727272727,37.54872051181335
73.76363636363635,64.68181818181817,38.368957168327604
73.76363636363635,65.69090909090909,39.19137491251526
73.76363636363635,66.69999999999999,40.015914575637595
73.76363636363635,67.7090909090909,40.84251945081445
73.76363636363635,68.7181818181818,41.67113515699111
73.76363636363635,69.72727272727272,42.50170951218078
73.76363636363635,70.73636363636362,43.334192415235776
73.76363636363635,71.74545454545454,44.168535735470854
73.76363636363635,72.75454545454545,45.00469320952192
73.76363636363635,73.76363636363635,45.84262034488026
73.76363636363635,74.77272727272727,46.68227432959127
73.76363636363635,75.78181818181817,47.52361394765174
73.76363636363635,76.79090909090908,48.36659949968032
73.76363636363635,77.8,49.211192728472014
73.76363636363635,78.8090909090909,50.05735674908067
73.76363636363635,79.81818181818181,50.905055983103274
73.76363636363635,80.82727272727271,51.75425609686658
73.76363636363635,81.83636363636363,52.60492394324157
73.76363636363635,82.84545454545453,53.45702750683319
73.76363636363635,83.85454545454544,54.31053585231304
73.76363636363635,84.86363636363636,55.16541907568103
73.76363636363635,85.87272727272726,56.02164825825924
73.76363636363635,86.88181818181818,56.87919542323576
73.76363636363635,87.89090909090908,57.738033494590724
73.76363636363635,88.89999999999999,58.598136258249475
73.76363636363635,89.90909090909089,59.4594783253192
73.76363636363635,90.91818181818181,60.322035097276306
73.76363636363635,91.92727272727272,61.18578273298136
73.76363636363635,92.93636363636362,62.05069811740752
73.76363636363635,93.94545454545454,62.91675883197655
73.76363636363635,94.95454545454544,63.783943126404004
73.76363636363635,95.96363636363635,64.65222989196236
73.76363636363635,96.97272727272727,65.52159863607679
73.76363636363635,97.98181818181817,66.39202945817473
73.76363636363635,98.99090909090908,67.26350302671548
73.76363636363635,100.0,68.13600055733097
74.77272727272727,0.1,2.077532448934811e-06
74.77272727272727,1.1090909090909091,0.0028129862793560595
74.77272727272727,2.118181818181818,0.019212899027299606
74.77272727272727,3.1272727272727274,0.059958359778623745
74.77272727272727,4.136363636363636,0.1332782937464183
74.77272727272727,5.145454545454545,0.24456760397548552
74.77272727272727,6.154545454545454,0.39661877448713373
74.77272727272727,7.163636363636363,0.5901497481083781
74.77272727272727,8.172727272727272,0.8244033585657337
74.77272727272727,9.181818181818182,1.0976805578977358
74.77272727272727,10.19090909090909,1.4077534780930334
74.77272727272727,11.2,1.7521566431949638
74.77272727272727,12.209090909090909,2.1283775666810314
74.77272727272727,13.218181818181817,2.5339729885062128
74.77272727272727,14.227272727272727,2.9666339362481993
74.77272727272727,15.236363636363635,3.4242173672400917
74.77272727272727,16.245454545454546,3.9047569553991854
74.77272727272727,17.254545454545454,4.40646147272771
74.77272727272727,18.263636363636365,4.92770624511227
74.77272727272727,19.272727272727273,5.467021129959038
74.77272727272727,20.28181818181818,6.023077120710969
74.77272727272727,21.290909090909093,6.594672818274571
74.77272727272727,22.3,7.180721463237555
74.77272727272727,23.30909090909091,7.780238884583857
74.77272727272727,24.31818181818182,8.392332515814157
74.77272727272727,25.327272727272728,9.016191508946223
74.77272727272727,26.336363636363636,9.651077909149643
74.77272727272727,27.345454545454544,10.296318817490867
74.77272727272727,28.354545454545455,10.951299453614508
74.77272727272727,29.363636363636363,11.61545702609613
74.77272727272727,30.37272727272727,12.288275320653275
74.77272727272727,31.381818181818183,12.969279922304773
74.77272727272727,32.39090909090909,13.658033995053522
74.77272727272727,33.4,14.354134550627748
74.77272727272727,34.40909090909091,15.057209145620561
74.77272727272727,35.418181818181814,15.766912953681185
74.77272727272727,36.42727272727273,16.48292616607614
74.77272727272727,37.43636363636364,17.204951679901914
74.77272727272727,38.445454545454545,17.93271303850269
74.77272727272727,39.45454545454545,18.665952593267715
74.77272727272727,40.46363636363636,19.40442986001093
74.77272727272727,41.47272727272727,20.14792004663327
74.77272727272727,42.481818181818184,20.896212731797245
74.77272727272727,43.49090909090909,21.649110676963605
74.77272727272727,44.5,22.406428756404697
74.77272727272727,45.50909090909091,23.167992991765548
74.77272727272727,46.518181818181816,23.933639679435316
74.77272727272727,47.527272727272724,24.703214600454675
74.77272727272727,48.53636363636364,25.476572303951187
74.77272727272727,49.54545454545455,26.25357545619184
74.77272727272727,50.554545454545455,27.03409424829464
74.77272727272727,51.56363636363636,27.818005856468027
74.77272727272727,52.57272727272727,28.60519394936698
74.77272727272727,53.58181818181818,29.395548237781913
74.77272727272727,54.590909090909086,30.1889640624237
74.77272727272727,55.6,30.985342016047113
74.77272727272727,56.60909090909091,31.784587596573335
74.77272727272727,57.61818181818182,32.5866108882403
74.77272727272727,58.627272727272725,33.39132626813172
74.77272727272727,59.63636363636363,34.198652135719854
74.77272727272727,60.64545454545454,35.00851066330756
74.77272727272727,61.654545454545456,35.82082756547533
74.77272727272727,62.663636363636364,36.63553188583471
74.77272727272727,63.67272727272727,37.45255579956242
74.77272727272727,64.68181818181817,38.2718344303423
74.77272727272727,65.69090909090909,39.09330568047874
74.77272727272727,66.69999999999999,39.916910073066084
74.77272727272727,67.7090909090909,40.742590605206516
74.77272727272727,68.7181818181818,41.57029261136495
74.77272727272727,69.72727272727272,42.39996363603561
74.77272727272727,70.73636363636362,43.23155331497154
74.77272727272727,71.74545454545454,44.06501326429761
74.77272727272727,72.75454545454545,44.90029697688886
74.77272727272727,73.76363636363635,45.7373597254518
74.77272727272727,74.77272727272727,46.576158471796404
74.77272727272727,75.78181818181817,47.41665178183061
74.77272727272727,76.79090909090908,48.25879974585104
74.77272727272727,77.8,49.10256390373871
74.77272727272727,78.8090909090909,49.947907174702834
74.77272727272727,79.81818181818181,50.79479379124484
74.77272727272727,80.82727272727271,51.64318923704247
74.77272727272727,81.83636363636363,52.493060188477926
74.77272727272727,82.84545454545453,53.34437445955664
74.77272727272727,83.85454545454544,54.19710094998344
74.77272727272727,84.86363636363636,55.05120959618134
74.77272727272727,85.87272727272726,55.90667132505499
74.77272727272727,86.88181818181818,56.7634580103163
74.77272727272727,87.89090909090908,57.62154243120329
74.77272727272727,88.89999999999999,58.48089823343678
74.77272727272727,89.90909090909089,59.34149989227034
74.77272727272727,90.91818181818181,60.20332267750056
74.77272727272727,91.92727272727272,61.066342620313286
74.77272727272727,92.93636363636362,61.93053648185216
74.77272727272727,93.94545454545454,62.79588172340216
74.77272727272727,94.95454545454544,63.662356478089855
74.77272727272727,95.96363636363635,64.52993952400851
74.77272727272727,96.97272727272727,65.39861025868248
74.77272727272727,97.98181818181817,66.2683486747916
74.77272727272727,98.99090909090908,67.13913533708124
74.77272727272727,100.0,68.01095136038957
75.78181818181817,0.1,2.0498702710887588e-06
75.78181818181817,1.1090909090909091,0.00277580911794816
75.78181818181817,2.118181818181818,0.01896381477426567
75.78181818181817,3.1272727272727274,0.05920364945118681
75.78181818181817,4.136363636363636,0.13166286249527148
75.78181818181817,5.145454545454545,0.24173035207624208
75.78181818181817,6.154545454545454,0.3922325193931526
75.78181818181817,7.163636363636363,0.5839425587733792
75.78181818181817,8.172727272727272,0.8161647994815304
75.78181818181817,9.181818181818182,1.0872584191588763
75.78181818181817,10.19090909090909,1.395045852463088
75.78181818181817,11.2,1.7371026038909851
75.78181818181817,12.209090909090909,2.1109482394910417
75.78181818181817,13.218181818181817,2.5141638111234483
75.78181818181817,14.227272727272727,2.9444583199142413
75.78181818181817,15.236363636363635,3.3997016892508123
75.78181818181817,16.245454545454546,3.8779366958764716
75.78181818181817,17.254545454545454,4.3773782833042585
75.78181818181817,18.263636363636365,4.896405752281783
75.78181818181817,19.272727272727273,5.433551305849374
75.78181818181817,20.28181818181818,5.98748708633106
75.78181818181817,21.290909090909093,6.557011973487798
75.78181818181817,22.3,7.141038862078401
75.78181818181817,23.30909090909091,7.7385827939865655
75.78181818181817,24.31818181818182,8.348750110952869
75.78181818181817,25.327272727272728,8.970728669969857
75.78181818181817,26.336363636363636,9.603779092877136
75.78181818181817,27.345454545454544,10.247226984252649
75.78181818181817,28.354545454545455,10.900456034400007
75.78181818181817,29.363636363636363,11.562901918899122
75.78181818181817,30.37272727272727,12.23404690770557
75.78181818181817,31.381818181818183,12.913415101988585
75.78181818181817,32.39090909090909,13.600568223859305
75.78181818181817,33.4,14.295101891709065
75.78181818181817,34.40909090909091,14.996642321388775
75.78181818181817,35.418181818181814,15.704843400553672
75.78181818181817,36.42727272727273,16.419384089997124
75.78181818181817,37.43636363636364,17.139966111635495
75.78181818181817,38.445454545454545,17.86631188798455
75.78181818181817,39.45454545454545,18.598162702517214
75.78181818181817,40.46363636363636,19.335277054267173
75.78181818181817,41.47272727272727,20.077429183499728
75.78181818181817,42.481818181818184,20.824407748269394
75.78181818181817,43.49090909090909,21.576014634280792
75.78181818181817,44.5,22.332063882716117
75.78181818181817,45.50909090909091,23.09238072263534
75.78181818181817,46.518181818181816,23.856800696237006
75.78181818181817,47.527272727272724,24.625168866722216
75.78181818181817,48.53636363636364,25.39733909976539
75.78181818181817,49.54545454545455,26.173173410687923
75.78181818181817,50.554545454545455,26.952541370380413
75.78181818181817,51.56363636363636,27.735319563843603
75.78181818181817,52.57272727272727,28.52139109593641
75.78181818181817,53.58181818181818,29.31064513954541
75.78181818181817,54.590909090909086,30.102976521936725
75.78181818181817,55.6,30.898285345529118
75.78181818181817,56.60909090909091,31.696476639745647
75.78181818181817,57.61818181818182,32.4974600409686
75.78181818181817,58.627272727272725,33.30114949794488
75.78181818181817,59.63636363636363,34.1074630002728
75.78181818181817,60.64545454545454,34.916322327852036
75.78181818181817,61.654545454545456,35.727652819398706
75.78181818181817,62.663636363636364,36.54138315832329
75.78181818181817,63.67272727272727,37.357445174442255
75.78181818181817,64.68181818181817,38.1757736601471
75.78181818181817,65.69090909090909,38.99630619979152
75.78181818181817,66.69999999999999,39.818983011178034
75.78181818181817,67.7090909090909,40.64374679813387
75.78181818181817,68.7181818181818,41.470542613261905
75.78181818181817,69.72727272727272,42.29931773003915
75.78181818181817,70.73636363636362,43.13002152351117
75.78181818181817,71.74545454545454,43.962605358901634
75.78181818181817,72.75454545454545,44.79702248751592
75.78181818181817,73.76363636363635,45.63322794937531
75.78181818181817,74.77272727272727,46.47117848206721
75.78181818181817,75.78181818181817,47.31083243534185
75.78181818181817,76.79090909090908,48.15214969102762
75.78181818181817,77.8,48.9950915878721
75.78181818181817,78.8090909090909,49.83962085095118
75.78181818181817,79.81818181818181,50.685701525316446
75.78181818181817,80.82727272727271,51.53329891358009
75.78181818181817,81.83636363636363,52.38237951715979
75.78181818181817,82.84545454545453,53.23291098092974
75.78181818181817,83.85454545454544,54.08486204104298
75.78181818181817,84.86363636363636,54.9382024757097
75.78181818181817,85.87272727272726,55.79290305873316
75.78181818181817,86.88181818181818,56.64893551561907
75.78181818181817,87.89090909090908,57.50627248208954
75.78181818181817,88.89999999999999,58.364887464845324
75.78181818181817,89.90909090909089,59.22475480443111
75.78181818181817,90.91818181818181,60.085849640070165
75.78181818181817,91.92727272727272,60.9481478763441
75.78181818181817,92.93636363636362,61.811626151602624
75.78181818181817,93.94545454545454,62.67626180799636
75.78181818181817,94.95454545454544,63.542032863033626
75.78181818181817,95.96363636363635,64.40891798256887
75.78181818181817,96.97272727272727,65.2768964551369
75.78181818181817,97.98181818181817,66.14594816755331
75.78181818181817,98.99090909090908,67.01605358170636
75.78181818181817,100.0,67.88719371247132
76.79090909090908,0.1,2.0229350532146912e-06
76.79090909090908,1.1090909090909091,0.0027396018423702225
76.79090909090908,2.118181818181818,0.018721107813508456
76.79090909090908,3.1272727272727274,0.05846772171083989
76.79090909090908,4.136363636363636,0.1300862341865142
76.79090909090908,5.145454545454545,0.23895857948636828
76.79090909090908,6.154545454545454,0.3879433025985886
76.79090909090908,7.163636363636363,0.5778669450825827
76.79090909090908,8.172727272727272,0.8080936983074543
76.79090909090908,9.181818181818182,1.077039745455083
76.79090909090908,10.19090909090909,1.3825770037013305
76.79090909090908,11.2,1.72232145958111
76.79090909090908,12.209090909090909,2.0938244660651995
76.79090909090908,13.218181818181817,2.4946912777377213
76.79090909090908,14.227272727272727,2.922648859063835
76.79090909090908,15.236363636363635,3.3755801480719887
76.79090909090908,16.245454545454546,3.8515371050375258
76.79090909090908,17.254545454545454,4.348740940791309
76.79090909090908,18.263636363636365,4.865575031394241
76.79090909090908,19.272727272727273,5.400574024468229
76.79090909090908,20.28181818181818,5.952411305260762
76.79090909090908,21.290909090909093,6.519886119838854
76.79090909090908,22.3,7.101911097348876
76.79090909090908,23.30909090909091,7.697500565522794
76.79090909090908,24.31818181818182,8.305759840330612
76.79090909090908,25.327272727272728,8.92587554325373
76.79090909090908,26.336363636363636,9.557106926397875
76.79090909090908,27.345454545454544,10.198778146101981
76.79090909090908,28.354545454545455,10.850271406783692
76.79090909090908,29.363636363636363,11.511020890202914
76.79090909090908,30.37272727272727,12.180507385919793
76.79090909090908,31.381818181818183,12.858253543234694
76.79090909090908,32.39090909090909,13.543819671339477
76.79090909090908,33.4,14.236800021587541
76.79090909090908,34.40909090909091,14.936819493008533
76.79090909090908,35.418181818181814,15.643530709067113
76.79090909090908,36.42727272727273,16.356611419998327
76.79090909090908,37.43636363636364,17.075762190766437
76.79090909090908,38.445454545454545,17.80070433977721
76.79090909090908,39.45454545454545,18.531178097952214
76.79090909090908,40.46363636363636,19.266940961694168
76.79090909090908,41.47272727272727,20.007766216687642
76.79090909090908,42.481818181818184,20.753441612447165
76.79090909090908,43.49090909090909,21.503768170097448
76.79090909090908,44.5,22.25855910809911
76.79090909090908,45.50909090909091,23.017638872563133
76.79090909090908,46.518181818181816,23.78084226046753
76.79090909090908,47.527272727272724,24.548013625537482
76.79090909090908,48.53636363636364,25.319006157804576
76.79090909090908,49.54545454545455,26.093681228949198
76.79090909090908,50.554545454545455,26.871907796476087
76.79090909090908,51.56363636363636,27.653561860595037
76.79090909090908,52.57272727272727,28.438525968395435
76.79090909090908,53.58181818181818,29.226688760527477
76.79090909090908,54.590909090909086,30.01794455614899
76.79090909090908,55.6,30.812192972373616
76.79090909090908,56.60909090909091,31.609338574874734
76.79090909090908,57.61818181818182,32.409290556665894
76.79090909090908,58.627272727272725,33.211962442401614
76.79090909090908,59.63636363636363,34.01727181582558
76.79090909090908,60.64545454545454,34.825140068244295
76.79090909090908,61.654545454545456,35.63549216612474
76.79090909090908,62.663636363636364,36.448256436109986
76.79090909090908,63.67272727272727,37.263364365920424
76.79090909090908,64.68181818181817,38.08075041976115
76.79090909090908,65.69090909090909,38.90035186699307
76.79090909090908,66.69999999999999,39.72210862294608
76.79090909090908,67.7090909090909,40.54596310086173
76.79090909090908,68.7181818181818,41.371860074048286
76.79090909090908,69.72727272727272,42.19974654741826
76.79090909090908,70.73636363636362,43.02957163765498
76.79090909090908,71.74545454545454,43.861286461324575
76.79090909090908,72.75454545454545,44.69484403031109
76.79090909090908,73.76363636363635,45.53019915400884
76.79090909090908,74.77272727272727,46.36730834775592
76.79090909090908,75.78181818181817,47.20612974703799
76.79090909090908,76.79090909090908,48.04662302703227
76.79090909090908,77.8,48.88874932709843
76.79090909090908,78.8090909090909,49.73247117985645
76.79090909090908,79.81818181818181,50.57775244452116
76.79090909090908,80.82727272727271,51.42455824419117
76.79090909090908,81.83636363636363,52.27285490681378
76.79090909090908,82.84545454545453,53.12260990957089
76.79090909090908,83.85454545454544,53.97379182645045
76.79090909090908,84.86363636363636,54.826370278786996
76.79090909090908,85.87272727272726,55.68031588857194
76.79090909090908,86.88181818181818,56.535600234349396
76.79090909090908,87.89090909090908,57.3921958095273
76.79090909090908,88.89999999999999,58.250075982947095
76.79090909090908,89.90909090909089,59.10921496156622
76.79090909090908,90.91818181818181,59.96958775511913
76.79090909090908,91.92727272727272,60.831170142631926
76.79090909090908,92.93636363636362,61.693938640675164
76.79090909090908,93.94545454545454,62.557870473247505
76.79090909090908,94.95454545454544,63.42294354319012
76.79090909090908,95.96363636363635,64.28913640504003
76.79090909090908,96.97272727272727,65.15642823923537
76.79090909090908,97.98181818181817,66.02479882759297
76.79090909090908,98.99090909090908,66.89422852998341
76.79090909090908,100.0,67.76469826213331
77.8,0.1,1.996698510296066e-06
77.8,1.1090909090909091,0.002704326986769136
77.8,2.118181818181818,0.018484536269832545
77.8,3.1272727272727274,0.057749883317174074
77.8,4.136363636363636,0.12854702349843147
77.8,5.145454545454545,0.2362500320381359
77.8,6.154545454545454,0.3837479051280204
77.8,7.163636363636363,0.5719186967449897
77.8,8.172727272727272,0.800184874612979
77.8,9.181818181818182,1.0670184344600229
77.8,10.19090909090909,1.37033996780767
77.8,11.2,1.7078054473699955
77.8,12.209090909090909,2.0769977448011216
77.8,13.218181818181817,2.4755462032507993
77.8,14.227272727272727,2.901195734552079
77.8,15.236363636363635,3.351842334258388
77.8,16.245454545454546,3.825547221633024
77.8,17.254545454545454,4.32053796597882
77.8,18.263636363636365,4.8352021150829545
77.8,19.272727272727273,5.368076856627216
77.8,20.28181818181818,5.917836909859723
77.8,21.290909090909093,6.483281972073193
77.8,22.3,7.063324484852753
77.8,23.30909090909091,7.656978132870987
77.8,24.31818181818182,8.263347270717603
77.8,25.327272727272728,8.881617342494685
77.8,26.336363636363636,9.511046282968794
77.8,27.345454545454544,10.150956847440328
77.8,28.354545454545455,10.800729796975487
77.8,29.363636363636363,11.459797857878149
77.8,30.37272727272727,12.127640373960533
77.8,31.381818181818183,12.803778573995057
77.8,32.39090909090909,13.487771382655003
77.8,33.4,14.17921171004169
77.8,34.40909090909091,14.877723161822303
77.8,35.418181818181814,15.582957118656307
77.8,36.42727272727273,16.294590139756217
77.8,37.43636363636364,17.01232165101702
77.8,38.445454545454545,17.73587188313773
77.8,39.45454545454545,18.46498002956499
77.8,40.46363636363636,19.199402597954663
77.8,41.47272727272727,19.938911932221533
77.8,42.481818181818184,20.683294885182892
77.8,43.49090909090909,21.432351624351302
77.8,44.5,22.18589455564124
77.8,45.50909090909091,22.94374735167114
77.8,46.518181818181816,23.705744073001426
77.8,47.527272727272724,24.471728372089085
77.8,48.53636363636364,25.241552770987497
77.8,49.54545454545455,26.015078004904243
77.8,50.554545454545455,26.79217242467182
77.8,51.56363636363636,27.572711452005812
77.8,52.57272727272727,28.35657708213969
77.8,53.58181818181818,29.143657429048414
77.8,54.590909090909086,29.93384630901765
77.8,55.6,30.727042858792213
77.8,56.60909090909091,31.523151184954713
77.8,57.61818181818182,32.32208004155219
77.8,58.627272727272725,33.12374253331093
77.8,59.63636363636363,33.92805584206318
77.8,60.64545454545454,34.734940974260056
77.8,61.654545454545456,35.54432252766586
77.8,62.663636363636364,36.35612847552455
77.8,63.67272727272727,37.170289966662416
77.8,64.68181818181817,37.9867411401448
77.8,65.69090909090909,38.80541895324103
77.8,66.69999999999999,39.626263021573656
77.8,67.7090909090909,40.449215470436215
77.8,68.7181818181818,41.274220796360304
77.8,69.72727272727272,42.101225738099586
77.8,70.73636363636362,42.93017915627495
77.8,71.74545454545454,43.76103192099551
77.8,72.75454545454545,44.593736806830634
77.8,73.76363636363635,45.428248394566076
77.8,74.77272727272727,46.264522979225625
77.8,75.78181818181817,47.10251848388657
77.8,76.79090909090908,47.94219437885688
77.8,77.8,48.78351160581966
77.8,78.8090909090909,49.626432506583726
77.8,79.81818181818181,50.47092075610872
77.8,80.82727272727271,51.31694129950124
77.8,81.83636363636363,52.16446029270305
77.8,82.84545454545453,53.01344504661455
77.8,83.85454545454544,53.86386397441812
77.8,84.86363636363636,54.71568654188325
77.8,85.87272727272726,55.56888322045386
77.8,86.88181818181818,56.42342544293257
77.8,87.89090909090908,57.27928556159106
77.8,88.89999999999999,58.13643680854926
77.8,89.90909090909089,58.99485325827687
77.8,90.91818181818181,59.8545097920825
77.8,91.92727272727272,60.71538206446475
77.8,92.93636363636362,61.57744647120979
77.8,93.94545454545454,62.440680119126924
77.8,94.95454545454544,63.305060797322504
77.8,95.96363636363635,64.17056694991915
77.8,96.97272727272727,65.03717765013346
77.8,97.98181818181817,65.90487257563176
77.8,98.99090909090908,66.77363198508944
77.8,100.0,67.64343669588257
78.8090909090909,0.1,1.971133805903817e-06
78.8090909090909,1.1090909090909091,0.002669948990491241
78.8090909090909,2.118181818181818,0.018253870349635496
78.8090909090909,3.1272727272727274,0.057049474763136376
78.8090909090909,4.136363636363636,0.1270439104505035
78.8090909090909,5.145454545454545,0.23360255843492297
78.8090909090909,6.154545454545454,0.37964325023004025
78.8090909090909,7.163636363636363,0.566093783991281
78.8090909090909,8.172727272727272,0.7924333642086929
78.8090909090909,9.181818181818182,1.0571886326969515
78.8090909090909,10.19090909090909,1.3583280591611084
78.8090909090909,11.2,1.6935471094807872
78.8090909090909,12.209090909090909,2.0604599035318722
78.8090909090909,13.218181818181817,2.4567197542541415
78.8090909090909,14.227272727272727,2.88008949943258
78.8090909090909,15.236363636363635,3.32847822959326
78.8090909090909,16.245454545454546,3.7999564934122456
78.8090909090909,17.254545454545454,4.29275830534389
78.8090909090909,18.263636363636365,4.805275477420292
78.8090909090909,19.272727272727273,5.336047829510731
78.8090909090909,20.28181818181818,5.883751503073244
78.8090909090909,21.290909090909093,6.447186729094595
78.8090909090909,22.3,7.025265837552597
78.8090909090909,23.30909090909091,7.6170019393517485
78.8090909090909,24.31818181818182,8.22149849054268
78.8090909090909,25.327272727272728,8.837939814638554
78.8090909090909,26.336363636363636,9.465582580296012
78.8090909090909,27.345454545454544,10.103748187959608
78.8090909090909,28.354545454545455,10.751815996985421
78.8090909090909,29.363636363636363,11.409217315797788
78.8090909090909,30.37272727272727,12.075430076410912
78.8090909090909,31.381818181818183,12.74997411778947
78.8090909090909,32.39090909090909,13.432407007934222
78.8090909090909,33.4,14.122320340982585
78.8090909090909,34.40909090909091,14.819336452249738
78.8090909090909,35.418181818181814,15.523105500570223
78.8090909090909,36.42727272727273,16.23330287330208
78.8090909090909,37.43636363636364,16.949626874819227
78.8090909090909,38.445454545454545,17.671796664211673
78.8090909090909,39.45454545454545,18.399550412247777
78.8090909090909,40.46363636363636,19.13264365146385
78.8090909090909,41.47272727272727,19.870847796579238
78.8090909090909,42.481818181818184,20.613948815338595
78.8090909090909,43.49090909090909,21.361746032408085
78.8090909090909,44.5,22.114051051144294
78.8090909090909,45.50909090909091,22.870686779955665
78.8090909090909,46.518181818181816,23.631486551626047
78.8090909090909,47.527272727272724,24.39629332540091
78.8090909090909,48.53636363636364,25.164958962878973
78.8090909090909,49.54545454545455,25.937343569831153
78.8090909090909,50.554545454545455,26.71331489700752
78.8090909090909,51.56363636363636,27.492747793809897
78.8090909090909,52.57272727272727,28.27552370942017
78.8090909090909,53.58181818181818,29.06153023659623
78.8090909090909,54.590909090909086,29.85066069389073
78.8090909090909,55.6,30.64281374252426
78.8090909090909,56.60909090909091,31.43789303456097
78.8090909090909,57.61818181818182,32.23580688940163
78.8090909090909,58.627272727272725,33.0364679959308
78.8090909090909,59.63636363636363,33.83979313793878
78.8090909090909,60.64545454545454,34.6457029406891
78.8090909090909,61.654545454545456,35.45412163672346
78.8090909090909,62.663636363636364,36.2649768491917
78.8090909090909,63.67272727272727,37.07819939116779
78.8090909090909,64.68181818181817,37.89372307956649
78.8090909090909,65.69090909090909,38.7114845624121
78.8090909090909,66.69999999999999,39.53142315833275
78.8090909090909,67.7090909090909,40.35348070726172
78.8090909090909,68.7181818181818,41.17760143142418
78.8090909090909,69.72727272727272,42.00373180577481
78.8090909090909,70.73636363636362,42.831820437128265
78.8090909090909,71.74545454545454,43.66181795129503
78.8090909090909,72.75454545454545,44.4936768875964
78.8090909090909,73.76363636363635,45.3273516001893
78.8090909090909,74.77272727272727,46.16279816568126
78.8090909090909,75.78181818181817,46.99997429656185
78.8090909090909,76.79090909090908,47.83883926001736
78.8090909090909,77.8,48.67935380173288
78.8090909090909,78.8090909090909,49.521480074319136
78.8090909090909,79.81818181818181,50.365181570031595
78.8090909090909,80.82727272727271,51.21042305747719
78.8090909090909,81.83636363636363,52.05717052202856
78.8090909090909,82.84545454545453,52.90539110968813
78.8090909090909,83.85454545454544,53.75505307416582
78.8090909090909,84.86363636363636,54.60612572695141
78.8090909090909,85.87272727272726,55.45857939018104
78.8090909090909,86.88181818181818,56.31238535211216
78.8090909090909,87.89090909090908,57.16751582503526
78.8090909090909,88.89999999999999,58.02394390546437
78.8090909090909,89.90909090909089,58.88164353645952
78.8090909090909,90.91818181818181,59.74058947194558
78.8090909090909,91.92727272727272,60.600757242901686
78.8090909090909,92.93636363636362,61.46212312530471
78.8090909090909,93.94545454545454,62.3246641097186
78.8090909090909,94.95454545454544,63.188357872428824
78.8090909090909,95.96363636363635,64.05318274802889
78.8090909090909,96.97272727272727,64.91911770337164
78.8090909090909,97.98181818181817,65.78614231280471
78.8090909090909,98.99090909090908,66.65423673461456
78.8090909090909,100.0,67.52338168860898
79.81818181818181,0.1,1.946215460633809e-06
79.81818181818181,1.1090909090909091,0.002636434078497469
79.81818181818181,2.118181818181818,0.018028891595712474
79.81818181818181,3.1272727272727274,0.05636586824594995
79.81818181818181,4.136363636363636,0.12557563659003942
79.81818181818181,5.145454545454545,0.23101410441745626
79.81818181818181,6.154545454545454,0.3756263955362035
79.81818181818181,7.163636363636363,0.5603883478654516
79.81818181818181,8.172727272727272,0.7848344077592161
79.81818181818181,9.181818181818182,1.0475447226598988
79.81818181818181,10.19090909090909,1.3465348563139012
79.81818181818181,11.2,1.6795392778599325
79.81818181818181,12.209090909090909,2.0442030830543043
79.81818181818181,13.218181818181817,2.438203431573028
79.81818181818181,14.227272727272727,2.859321060593371
79.81818181818181,15.236363636363635,3.305478187879409
79.81818181818181,16.245454545454546,3.774754757122772
79.81818181818181,17.254545454545454,4.265391310304781
79.81818181818181,18.263636363636365,4.775784012465673
79.81818181818181,19.272727272727273,5.3044754045525995
79.81818181818181,20.28181818181818,5.850143135668247
79.81818181818181,21.290909090909093,6.411588050587809
79.81818181818181,22.3,6.987722441602582
79.81818181818181,23.30909090909091,7.5775589133954435
79.81818181818181,24.31818181818182,8.18020008481472
79.81818181818181,25.327272727272728,8.794829214274015
79.81818181818181,26.336363636363636,9.420701754418197
79.81818181818181,27.345454545454544,10.057137796030764
79.81818181818181,28.354545454545455,10.703515337532094
79.81818181818181,29.363636363636363,11.359264306279048
79.81818181818181,30.37272727272727,12.023861255760664
79.81818181818181,31.381818181818183,12.69682466525166
79.81818181818181,32.39090909090909,13.37771077338802
79.81818181818181,33.4,14.066109883148552
79.81818181818181,34.40909090909091,14.761643082071995
79.81818181818181,35.418181818181814,15.463959327754981
79.81818181818181,36.42727272727273,16.172732854512535
79.81818181818181,37.43636363636364,16.88766086242118
79.81818181818181,38.445454545454545,17.608461454763372
79.81818181818181,39.45454545454545,18.334871794154495
79.81818181818181,40.46363636363636,19.066646451389566
79.81818181818181,41.47272727272727,19.803555924337637
79.81818181818181,42.481818181818184,20.545385307083542
79.81818181818181,43.49090909090909,21.291933092017292
79.81818181818181,44.5,22.0430100897443
79.81818181818181,45.50909090909091,22.798438453577006
79.81818181818181,46.518181818181816,23.558050797006814
79.81818181818181,47.527272727272724,24.321689393978073
79.81818181818181,48.53636363636364,25.08920545302162
79.81818181818181,49.54545454545455,25.86045845737989
79.81818181818181,50.554545454545455,26.635315564190456
79.81818181818181,51.56363636363636,27.413651056609204
79.81818181818181,52.57272727272727,28.1953458434649
79.81818181818181,53.58181818181818,28.98028700165682
79.81818181818181,54.590909090909086,29.76836735704976
79.81818181818181,55.6,30.559485100095912
79.81818181818181,56.60909090909091,31.35354343282946
79.81818181818181,57.61818181818182,32.150450244245704
79.81818181818181,58.627272727272725,32.95011781139883
79.81818181818181,59.63636363636363,33.752462523835376
79.81818181818181,60.64545454545454,34.55740462923133
79.81818181818181,61.654545454545456,35.36486799832145
79.81818181818181,62.663636363636364,36.17477990740532
79.81818181818181,63.67272727272727,36.98707083688802
79.81818181818181,64.68181818181817,37.80167428446734
79.81818181818181,65.69090909090909,38.61852659171615
79.81818181818181,66.69999999999999,39.4375667829305
79.81818181818181,67.7090909090909,40.25873641522276
79.81818181818181,68.7181818181818,41.081979438935754
79.81818181818181,69.72727272727272,41.90724206754083
79.81818181818181,70.73636363636362,42.73447265626015
79.81818181818181,71.74545454545454,43.56362158872358
79.81818181818181,72.75454545454545,44.394641171031914
79.81818181818181,73.76363636363635,45.227485532655734
79.81818181818181,74.77272727272727,46.06211053364841
79.81818181818181,75.78181818181817,46.89847367769802
79.81818181818181,76.79090909090908,47.7365340305838
79.81818181818181,77.8,48.57625214363942
79.81818181818181,78.8090909090909,49.41758998185994
79.81818181818181,79.81818181818181,50.26051085631827
79.81818181818181,80.82727272727271,51.10497936058548
79.81818181818181,81.83636363636363,51.95096131087418
79.81818181818181,82.84545454545453,52.79842368964591
79.81818181818181,83.85454545454544,53.647334592445866
79.81818181818181,84.86363636363636,54.49766317774469
79.81818181818181,85.87272727272726,55.349379619586756
79.81818181818181,86.88181818181818,56.20245506285775
79.81818181818181,87.89090909090908,57.05686158099978
79.81818181818181,88.89999999999999,57.91257213601521
79.81818181818181,89.90909090909089,58.769560540611664
79.81818181818181,90.91818181818181,59.6278014223524
79.81818181818181,91.92727272727272,60.487270189685496
79.81818181818181,92.93636363636362,61.34794299973497
79.81818181818181,93.94545454545454,62.209796727744994
79.81818181818181,94.95454545454544,63.07280893807644
79.81818181818181,95.96363636363635,63.93695785666192
79.81818181818181,96.97272727272727,64.80222234483178
79.81818181818181,97.98181818181817,65.66858187443029
79.81818181818181,98.99090909090908,66.53601650414585
79.81818181818181,100.0,67.4045068569849
80.82727272727271,0.1,1.9219192674025904e-06
80.82727272727271,1.1090909090909091,0.0026037501506742076
80.82727272727271,2.118181818181818,0.01780939219655687
80.82727272727271,3.1272727272727274,0.05569846578288454
80.82727272727271,4.136363636363636,0.12414100143398443
80.82727272727271,5.145454545454545,0.22848270732579193
80.82727272727271,6.154545454545454,0.3716945257374435
80.82727272727271,7.163636363636363,0.5547986911441994
80.82727272727271,8.172727272727272,0.7773834401207129
80.82727272727271,9.181818181818182,1.038081310743574
80.82727272727271,10.19090909090909,1.3349541886689729
80.82727272727271,11.2,1.6657750597319352
80.82727272727271,12.209090909090909,2.0282197216677273
80.82727272727271,13.218181818181817,2.4199890538764417
80.82727272727271,14.227272727272727,2.8388816615099257
80.82727272727271,15.236363636363635,3.282832916895251
80.82727272727271,16.245454545454546,3.7499322197201543
80.82727272727271,17.254545454545454,4.238426717727501
80.82727272727271,18.263636363636365,4.74671701410649
80.82727272727271,19.272727272727273,5.273348456644115
80.82727272727271,20.28181818181818,5.8170002848374285
80.82727272727271,21.290909090909093,6.376474035044699
80.82727272727271,22.3,6.950682033820585
80.82727272727271,23.30909090909091,7.538636445479722
80.82727272727271,24.31818181818182,8.139439111545594
80.82727272727271,25.327272727272728,8.752272279558452
80.82727272727271,26.336363636363636,9.376390235151423
80.82727272727271,27.345454545454544,10.011111803682537
80.82727272727271,28.354545454545455,10.655813662569082
80.82727272727271,29.363636363636363,11.309924394170304
80.82727272727271,30.37272727272727,11.972919206065452
80.82727272727271,31.381818181818183,12.64431524737219
80.82727272727271,32.39090909090909,13.323667454146914
80.82727272727271,33.4,14.010564862546286
80.82727272727271,34.40909090909091,14.70462733448597
80.82727272727271,35.418181818181814,15.405502646530183
80.82727272727271,36.42727272727273,16.112863898416286
80.82727272727271,37.43636363636364,16.82640720283212
80.82727272727271,38.445454545454545,17.54584962276656
80.82727272727271,39.45454545454545,18.270927326944207
80.82727272727271,40.46363636363636,19.001393937555395
80.82727272727271,41.47272727272727,19.7370190477416
80.82727272727271,42.481818181818184,20.477586889135583
80.82727272727271,43.49090909090909,21.222895132231525
80.82727272727271,44.5,21.97275380451451
80.82727272727271,45.50909090909091,22.726984313151565
80.82727272727271,46.518181818181816,23.485418560673672
80.82727272727271,47.527272727272724,24.24789814349256
80.82727272727271,48.53636363636364,25.01427362432552
80.82727272727271,49.54545454545455,25.78440387067068
80.82727272727271,50.554545454545455,26.558155452406744
80.82727272727271,51.56363636363636,27.335402092402422
80.82727272727271,52.57272727272727,28.116024164729183
80.82727272727271,53.58181818181818,28.899908235689576
80.82727272727271,54.590909090909086,29.686946643414593
80.82727272727271,55.6,30.47703711225799
80.82727272727271,56.60909090909091,31.270082398631093
80.82727272727271,57.61818181818182,32.06598996528772
80.82727272727271,58.627272727272725,32.86467168139013
80.82727272727271,59.63636363636363,33.66604354597018
80.82727272727271,60.64545454545454,34.47002543265084
80.82727272727271,61.654545454545456,35.27654085371325
80.82727272727271,62.663636363636364,36.08551674179123
80.82727272727271,63.67272727272727,36.896883247648006
80.82727272727271,64.68181818181817,37.71057355264423
80.82727272727271,65.69090909090909,38.52652369464353
80.82727272727271,66.69999999999999,39.344672406223225
80.82727272727271,67.7090909090909,40.16496096416747
80.82727272727271,68.7181818181818,40.987333049315914
80.82727272727271,69.72727272727272,41.81173461592948
80.82727272727271,70.73636363636362,42.63811376981065
80.82727272727271,71.74545454545454,43.466420654487266
80.82727272727271,72.75454545454545,44.296607344829546
80.82727272727271,73.76363636363635,45.12862774752811
80.82727272727271,74.77272727272727,45.96243750790956
80.82727272727271,75.78181818181817,46.79799392261349
80.82727272727271,76.79090909090908,47.635255857694446
80.82727272727271,77.8,48.47418367175064
80.82727272727271,78.8090909090909,49.31473914371419
80.82727272727271,79.81818181818181,50.15688540496845
80.82727272727271,80.82727272727271,51.000586875485034
80.82727272727271,81.83636363636363,51.84580920369903
80.82727272727271,82.84545454545453,52.69251920986271
80.82727272727271,83.85454545454544,53.5406848326394
80.82727272727271,84.86363636363636,54.39027507871761
80.82727272727271,85.87272727272726,55.241259975242855
80.82727272727271,86.88181818181818,56.09361052488026
80.82727272727271,87.89090909090908,56.947298663334934
80.82727272727271,88.89999999999999,57.802297219170924
80.82727272727271,89.90909090909089,58.65857987578071
80.82727272727271,90.91818181818181,59.51612113536864
80.82727272727271,91.92727272727272,60.37489628482137
80.82727272727271,92.93636363636362,61.23488136334814
80.82727272727271,93.94545454545454,62.096053131781375
80.82727272727271,94.95454545454544,62.958389043436526
80.82727272727271,95.96363636363635,63.82186721643683
80.82727272727271,96.97272727272727,64.68646640741535
80.82727272727271,97.98181818181817,65.55216598651276
80.82727272727271,98.99090909090908,66.418945913595
80.82727272727271,100.0,67.28678671561946
81.83636363636363,0.1,1.8982222130095237e-06
81.83636363636363,1.1090909090909091,0.0025718666792773214
81.83636363636363,2.118181818181818,0.017595174345545823
81.83636363636363,3.1272727272727274,0.05504669745994409
81.83636363636363,4.136363636363636,0.12273885916460547
81.83636363636363,5.145454545454545,0.22600649102415246
81.83636363636363,6.154545454545454,0.3678449457392413
81.83636363636363,7.163636363636363,0.549321269836674
81.83636363636363,8.172727272727272,0.7700760803466775
81.83636363636363,9.181818181818182,1.0287932159223199
81.83636363636363,10.19090909090909,1.323580123975872
81.83636363636363,11.2,1.6522478240347707
81.83636363636363,12.209090909090909,2.0125025406495696
81.83636363636363,13.218181818181817,2.402068742275547
81.83636363636363,14.227272727272727,2.818762866034554
81.83636363636363,15.236363636363635,3.260533461431859
81.83636363636363,16.245454545454546,3.725479440700519
81.83636363636363,17.254545454545454,4.211854631594887
81.83636363636363,18.263636363636365,4.718064157099115
81.83636363636363,19.272727272727273,5.242656254578004
81.83636363636363,20.28181818181818,5.784311834073573
81.83636363636363,21.290909090909093,6.341833199093354
81.83636363636363,22.3,6.914132780493852
81.83636363636363,23.30909090909091,7.500222366432053
81.83636363636363,24.31818181818182,8.099203079567344
81.83636363636363,25.327272727272728,8.710256209566396
81.83636363636363,26.336363636363636,9.332634922984075
81.83636363636363,27.345454545454544,9.965656823056852
81.83636363636363,28.354545454545455,10.608697305313862
81.83636363636363,29.363636363636363,11.261183642465584
81.83636363636363,30.37272727272727,11.922589728158295
81.83636363636363,31.381818181818183,12.592431410317365
81.83636363636363,32.39090909090909,13.270262348697266
81.83636363636363,33.4,13.9556703365137
81.83636363636363,34.40909090909091,14.64827403180271
81.83636363636363,35.418181818181814,15.347720049931022
81.83636363636363,36.42727272727273,16.053680374187742
81.83636363636363,37.43636363636364,16.765850046475006
81.83636363636363,38.445454545454545,17.48394510472308
81.83636363636363,39.45454545454545,18.207700737772516
81.83636363636363,40.46363636363636,18.936869632111133
81.83636363636363,41.47272727272727,19.671220488059788
81.83636363636363,42.481818181818184,20.410536685807806
81.83636363636363,43.49090909090909,21.154615084149754
81.83636363636363,44.5,21.903264936910606
81.83636363636363,45.50909090909091,22.656306913904025
81.83636363636363,46.518181818181816,23.413572214885065
81.83636363636363,47.527272727272724,24.17490176636385
81.83636363636363,48.53636363636364,24.940145492369904
81.83636363636363,49.54545454545455,25.709161651320997
81.83636363636363,50.554545454545455,26.48181623207795
81.83636363636363,51.56363636363636,27.257982403075175
81.83636363636363,52.57272727272727,28.037540009123273
81.83636363636363,53.58181818181818,28.820375111096315
81.83636363636363,54.590909090909086,29.606379564257292
81.83636363636363,55.6,30.395450631448046
81.83636363636363,56.60909090909091,31.187490627785515
81.83636363636363,57.61818181818182,31.982406593871488
81.83636363636363,58.627272727272725,32.7801099948441
81.83636363636363,59.63636363636363,33.580516442882754
81.83636363636363,60.64545454545454,34.38354544102825
81.83636363636363,61.654545454545456,35.18912014640113
81.83636363636363,62.663636363636364,35.99716715109646
81.83636363636363,63.67272727272727,36.80761627920791
81.83636363636363,64.68181818181817,37.62040039858675
81.83636363636363,65.69090909090909,38.43545524607985
81.83636363636363,66.69999999999999,39.25271926511173
81.83636363636363,67.7090909090909,40.0721334545855
81.83636363636363,68.7181818181818,40.893641228173664
81.83636363636363,69.72727272727272,41.71718828315804
81.83636363636363,70.73636363636362,42.54272247805452
81.83636363636363,71.74545454545454,43.37019371832951
81.83636363636363,72.75454545454545,44.19955384957618
81.83636363636363,73.76363636363635,45.03075655757643
81.83636363636363,74.77272727272727,45.86375727472403
81.83636363636363,75.78181818181817,46.69851309233061
81.83636363636363,76.79090909090908,47.53498267837757
81.83636363636363,77.8,48.3731262003136
81.83636363636363,78.8090909090909,49.21290525253204
81.83636363636363,79.81818181818181,50.05428278819201
81.83636363636363,80.82727272727271,50.89722305507536
81.83636363636363,81.83636363636363,51.74169153519661
81.83636363636363,82.84545454545453,52.58765488790544
81.83636363636363,83.85454545454544,53.43508089624252
81.83636363636363,84.86363636363636,54.28393841632797
81.83636363636363,85.87272727272726,55.13419732957919
81.83636363636363,86.88181818181818,55.985828497570424
81.83636363636363,87.89090909090908,56.83880371936035
81.83636363636363,88.89999999999999,57.69309569112806
81.83636363636363,89.90909090909089,58.548677967968594
81.83636363636363,90.91818181818181,59.4055249277112
81.83636363636363,91.92727272727272,60.26361173663261
81.83636363636363,92.93636363636362,61.12291431694776
81.83636363636363,93.94545454545454,61.983409315968295
81.83636363636363,94.95454545454544,62.84507407682673
81.83636363636363,95.96363636363635,63.70788661067246
81.83636363636363,96.97272727272727,64.57182557025077
81.83636363636363,97.98181818181817,65.43687022478353
81.83636363636363,98.99090909090908,66.30300043607507
81.83636363636363,100.0,67.1701966357719
82.84545454545453,0.1,1.8751024054310097e-06
82.84545454545453,1.1090909090909091,0.002540754613820555
82.84545454545453,2.118181818181818,0.017386049645885315
82.84545454545453,3.1272727272727274,0.054410019802651144
82.84545454545453,4.136363636363636,0.12136811554469429
82.84545454545453,5.145454545454545,0.22358366116121556
82.84545454545453,6.154545454545454,0.36407507425341745
82.84545454545453,7.163636363636363,0.5439526852213054
82.84545454545453,8.172727272727272,0.7629081223201009
82.84545454545453,9.181818181818182,1.0196754591236745
82.84545454545453,10.19090909090909,1.3124069565859593
82.84545454545453,11.2,1.6389511886725352
82.84545454545453,12.209090909090909,1.997044530600795
82.84545454545453,13.218181818181817,2.384434905840085
82.84545454545453,14.227272727272727,2.7989565431482597
82.84545454545453,15.236363636363635,3.238571187334075
82.84545454545453,16.245454545454546,3.7013873154762926
82.84545454545453,17.254545454545454,4.185665505755727
82.84545454545453,18.263636363636365,4.689815479224969
82.84545454545453,19.272727272727273,5.212388442640781
82.84545454545453,20.28181818181818,5.752067054224162
82.84545454545453,21.290909090909093,6.30765445803802
82.84545454545453,22.3,6.878063257425105
82.84545454545453,23.30909090909091,7.462304927000712
82.84545454545453,24.31818181818182,8.05947992764524
82.84545454545453,25.327272727272728,8.668768642960208
82.84545454545453,26.336363636363636,9.28942316731956
82.84545454545453,27.345454545454544,9.920759924236851
82.84545454545453,28.354545454545455,10.562153065673403
82.84545454545453,29.363636363636363,11.213028589339215
82.84545454545453,30.37272727272727,11.872859106303872
82.84545454545453,31.381818181818183,12.541159191713202
82.84545454545453,32.39090909090909,13.217481254804262
82.84545454545453,33.4,13.901411869290715
82.84545454545453,34.40909090909091,14.59256851067418
82.84545454545453,35.418181818181814,15.29059665259899
82.84545454545453,36.42727272727273,15.995167179709025
82.84545454545453,37.43636363636364,16.705974079426852
82.84545454545453,38.445454545454545,17.42273237958813
82.84545454545453,39.45454545454545,18.14517630290812
82.84545454545453,40.46363636363636,18.87305761284668
82.84545454545453,41.47272727272727,19.60614412860156
82.84545454545453,42.481818181818184,20.344218389734035
82.84545454545453,43.49090909090909,21.087076453356612
82.84545454545453,44.5,21.834526808928732
82.84545454545453,45.50909090909091,22.586389397549
82.84545454545453,46.518181818181816,23.34249472423789
82.84545454545453,47.527272727272724,24.102683053101444
82.84545454545453,48.53636363636364,24.866803676482597
82.84545454545453,49.54545454545455,25.63471425026606
82.84545454545453,50.554545454545455,26.40628018842641
82.84545454545453,51.56363636363636,27.18137411071415
82.84545454545453,52.57272727272727,27.959875338078888
82.84545454545453,53.58181818181818,28.741669431043704
82.84545454545453,54.590909090909086,29.526647766783753
82.84545454545453,55.6,30.314707151134744
82.84545454545453,56.60909090909091,31.10574946217134
82.84545454545453,57.61818181818182,31.899681322360443
82.84545454545453,58.627272727272725,32.69641379661554
82.84545454545453,59.63636363636363,33.49586211386076
82.84545454545453,60.64545454545454,34.297945409964136
82.84545454545453,61.654545454545456,35.10258649011991
82.84545454545453,62.663636363636364,35.9097116089559
82.84545454545453,63.67272727272727,36.71925026681542
82.84545454545453,64.68181818181817,37.53113502081753
82.84545454545453,65.69090909090909,38.3453013094367
82.84545454545453,66.69999999999999,39.161687289464595
82.84545454545453,67.7090909090909,39.980233684326556
82.84545454545453,68.7181818181818,40.80088364282187
82.84545454545453,69.72727272727272,41.62358260744446
82.84545454545453,70.73636363636362,42.44827819151824
82.84545454545453,71.74545454545454,43.27492006445187
82.84545454545453,72.75454545454545,44.103459844479595
82.84545454545453,73.76363636363635,44.933850998312046
82.84545454545453,74.77272727272727,45.76604874717139
82.84545454545453,75.78181818181817,46.60000997873068
82.84545454545453,76.79090909090908,47.435693164519584
82.84545454545453,77.8,48.27305828239437
82.84545454545453,78.8090909090909,49.11206674370582
82.84545454545453,79.81818181818181,49.9526813248274
82.84545454545453,80.82727272727271,50.794866102735156
82.84545454545453,81.83636363636363,51.63858639435503
82.84545454545453,82.84545454545453,52.48380869941686
82.84545454545453,83.85454545454544,53.33050064657471
82.84545454545453,84.86363636363636,54.178630942571765
82.84545454545453,85.87272727272726,55.02816932424649
82.84545454545453,86.88181818181818,55.879086513191034
82.84545454545453,87.89090909090908,56.7313541728881
82.84545454545453,88.89999999999999,57.58494486816567
82.84545454545453,89.90909090909089,58.4398320268203
82.84545454545453,90.91818181818181,59.295989903271746
82.84545454545453,91.92727272727272,60.15339354412056
82.84545454545453,92.93636363636362,61.012018755490836
82.84545454545453,93.94545454545454,61.871842072047656
82.84545454545453,94.95454545454544,62.732840727587266
82.84545454545453,95.96363636363635,63.59499262710508
82.84545454545453,96.97272727272727,64.45827632025315
82.84545454545453,97.98181818181817,65.32267097610455
82.84545454545453,98.99090909090908,66.18815635914872
82.84545454545453,100.0,67.05471280644547
83.85454545454544,0.1,1.8525390063639905e-06
83.85454545454544,1.1090909090909091,0.0025103862927854164
83.85454545454544,2.118181818181818,0.017181838557642482
83.85454545454544,3.1272727272727274,0.053787914259102294
83.85454545454544,4.136363636363636,0.12002772504056312
83.85454545454544,5.145454545454545,0.22121250074004725
83.85454545454544,6.154545454545454,0.36038243780849893
83.85454545454544,7.163636363636363,0.5386896763800911
83.85454545454544,8.172727272727272,0.7558755259540015
83.85454545454544,9.181818181818182,1.0107232532454655
83.85454545454544,10.19090909090909,1.3014291964125084
83.85454545454544,11.2,1.6258790085271442
83.85454545454544,12.209090909090909,1.9818389385994029
83.85454545454544,13.218181818181817,2.367080227967776
83.85454545454544,14.227272727272727,2.779454852607218
83.85454545454544,15.236363636363635,3.216937766475011
83.85454545454544,16.245454545454546,3.677647059721743
83.85454545454544,17.254545454545454,4.159850127678122
83.85454545454544,18.263636363636365,4.661961364483498
83.85454545454544,19.272727272727273,5.182535023273144
83.85454545454544,20.28181818181818,5.7202555856437325
83.85454545454544,21.290909090909093,6.273927107525386
83.85454545454544,22.3,6.842462431132311
83.85454545454544,23.30909090909091,7.424872778605851
83.85454545454544,24.31818181818182,8.0202580047963
83.85454545454544,25.327272727272728,8.62779763789089
83.85454545454544,26.336363636363636,9.246742745972972
83.85454545454544,27.345454545454544,9.876408614351929
83.85454545454544,28.354545454545455,10.516168188969262
83.85454545454544,29.363636363636363,11.165446226501741
83.85454545454544,30.37272727272727,11.823714086195327
83.85454545454544,31.381818181818183,12.490485098292535
83.85454545454544,32.39090909090909,13.165310446818221
83.85454545454544,33.4,13.847775508993054
83.85454545454544,34.40909090909091,14.537496598742415
83.85454545454544,35.418181818181814,15.234118067113695
83.85454545454544,36.42727272727273,15.937309717591498
83.85454545454544,37.43636363636364,16.646764499136527
83.85454545454544,38.445454545454545,17.362196444190662
83.85454545454544,39.45454545454545,18.083338822861776
83.85454545454544,40.46363636363636,18.809942488035283
83.85454545454544,41.47272727272727,19.541774389279915
83.85454545454544,42.481818181818184,20.27861623615663
83.85454545454544,43.49090909090909,21.020263293940005
83.85454545454544,44.5,21.766523296857745
83.85454545454544,45.50909090909091,22.517215465782353
83.85454545454544,46.518181818181816,23.2721696189022
83.85454545454544,47.527272727272724,24.031225365287266
83.85454545454544,48.53636363636364,24.794231372474044
83.85454545454544,49.54545454545455,25.561044700248374
83.85454545454544,50.554545454545455,26.331530193724156
83.85454545454544,51.56363636363636,27.10555992961875
83.85454545454544,52.57272727272727,27.88301271032714
83.85454545454544,53.58181818181818,28.663773601010792
83.85454545454544,54.590909090909086,29.447733505454174
83.85454545454544,55.6,30.234788776914286
83.85454545454544,56.60909090909091,31.024840860601476
83.85454545454544,57.61818181818182,31.817795964794936
83.85454545454544,58.627272727272725,32.613564757916514
83.85454545454544,59.63636363636363,33.41206208916942
83.85454545454544,60.64545454545454,34.21320673059844
83.85454545454544,61.654545454545456,35.016921138649224
83.85454545454544,62.663636363636364,35.82313123349963
83.85454545454544,63.67272727272727,36.631766194610535
83.85454545454544,64.68181818181817,37.44275827109704
83.85454545454544,65.69090909090909,38.256042605658756
83.85454545454544,66.69999999999999,39.07155707092979
83.85454545454544,67.7090909090909,39.88924211721854
83.85454545454544,68.7181818181818,40.70904063070421
83.85454545454544,69.72727272727272,41.53089780124508
83.85454545454544,70.73636363636362,42.35476099903036
83.85454545454544,71.74545454545454,43.180579659379
83.85454545454544,72.75454545454545,44.008305175050126
83.85454545454544,73.76363636363635,44.83789079548767
83.85454545454544,74.77272727272727,45.669291532471874
83.85454545454544,75.78181818181817,46.502464071696366
83.85454545454544,76.79090909090908,47.337366689831235
83.85454545454544,77.8,48.17395917666947
83.85454545454544,78.8090909090909,49.01220276198857
83.85454545454544,79.81818181818181,49.85206004678898
83.85454545454544,80.82727272727271,50.69349493859975
83.85454545454544,81.83636363636363,51.536472590566284
83.85454545454544,82.84545454545453,52.380959344058155
83.85454545454544,83.85454545454544,53.22692267455625
83.85454545454544,84.86363636363636,54.07433114059675
83.85454545454544,85.87272727272726,54.923154335567375
83.85454545454544,86.88181818181818,55.77336284216686
83.85454545454544,87.89090909090908,56.624928189352914
83.85454545454544,88.89999999999999,57.477822811617294
83.85454545454544,89.90909090909089,58.33202001043881
83.85454545454544,90.91818181818181,59.187493917775654
83.85454545454544,91.92727272727272,60.0442194614689
83.85454545454544,92.93636363636362,60.90217233243861
83.85454545454544,93.94545454545454,61.76132895356164
83.85454545454544,94.95454545454544,62.62166645012889
83.85454545454544,95.96363636363635,63.483162621786725
83.85454545454544,96.97272727272727,64.34579591587372
83.85454545454544,97.98181818181817,65.20954540207012
83.85454545454544,98.99090909090908,66.07439074828334
83.85454545454544,100.0,66.94031219769738
84.86363636363636,0.1,1.830512168581854e-06
84.86363636363636,1.1090909090909091,0.002480735361588454
84.86363636363636,2.118181818181818,0.016982369883087132
84.86363636363636,3.1272727272727274,0.05317988578636427
84.86363636363636,4.136363636363636,0.11871668813638604
84.86363636363636,5.145454545454545,0.2188913659742311
84.86363636363636,6.154545454545454,0.35676466512666033
84.86363636363636,7.163636363636363,0.5335291131940761
84.86363636363636,8.172727272727272,0.7489744089318794
84.86363636363636,9.181818181818182,1.0019319937713944
84.86363636363636,10.19090909090909,1.290641558545806
84.86363636363636,11.2,1.61302536417569
84.86363636363636,12.209090909090909,1.9668792561054318
84.86363636363636,13.218181818181817,2.3499976535472036
84.86363636363636,14.227272727272727,2.7602502314215402
84.86363636363636,15.236363636363635,3.195625162599082
84.86363636363636,16.245454545454546,3.654250194621101
84.86363636363636,17.254545454545454,4.134399603137528
84.86363636363636,18.263636363636365,4.634492527250302
84.86363636363636,19.272727272727273,5.15308634072455
84.86363636363636,20.28181818181818,5.688867421368184
84.86363636363636,21.290909090909093,6.240640806259296
84.86363636363636,22.3,6.807319641122491
84.86363636363636,23.30909090909091,7.387914955189044
84.86363636363636,24.31818181818182,7.98152605173028
84.86363636363636,25.327272727272728,8.587331653044263
84.86363636363636,26.336363636363636,9.20458184583537
84.86363636363636,27.345454545454544,9.83259081787198
84.86363636363636,28.354545454545455,10.470730345872772
84.86363636363636,29.363636363636363,11.118423978786275
84.86363636363636,30.37272727272727,11.775141854201378
84.86363636363636,31.381818181818183,12.440396084811761
84.86363636363636,32.39090909090909,13.113736654269278
84.86363636363636,33.4,13.794747765892746
84.86363636363636,34.40909090909091,14.483044592613274
84.86363636363636,35.418181818181814,15.178270381666819
84.86363636363636,36.42727272727273,15.880093872556543
84.86363636363636,37.43636363636364,16.588206991518668
84.86363636363636,38.445454545454545,17.302322790046382
84.86363636363636,39.45454545454545,18.022173598924024
84.86363636363636,40.46363636363636,18.747509372701288
84.86363636363636,41.47272727272727,19.478096202614424
84.86363636363636,42.481818181818184,20.21371497866959
84.86363636363636,43.49090909090909,20.95416018397899
84.86363636363636,44.5,21.699238806516277
84.86363636363636,45.50909090909091,22.448769355271875
84.86363636363636,46.518181818181816,23.20258096936961
84.86363636363636,47.527272727272724,23.96051261008563
84.86363636363636,48.53636363636364,24.722412326912785
84.86363636363636,49.54545454545455,25.488136589862254
84.86363636363636,50.554545454545455,26.25754968110993
84.86363636363636,51.56363636363636,27.03052313989417
84.86363636363636,52.57272727272727,27.806935255270904
84.86363636363636,53.58181818181818,28.586670601943787
84.86363636363636,54.590909090909086,29.369619614923245
84.86363636363636,55.6,30.155678199238903
84.86363636363636,56.60909090909091,30.944747371342967
84.86363636363636,57.61818181818182,31.736732929206003
84.86363636363636,58.627272727272725,32.53154514842689
84.86363636363636,59.63636363636363,33.32909850196117
84.86363636363636,60.64545454545454,34.129311401322035
84.86363636363636,61.654545454545456,34.932105957329036
84.86363636363636,62.663636363636364,35.73740775867506
84.86363636363636,63.67272727272727,36.545145666756625
84.86363636363636,64.68181818181817,37.35525162536552
84.86363636363636,65.69090909090909,38.16766048397882
84.86363636363636,66.69999999999999,38.98230983350516
84.86363636363636,67.7090909090909,39.79913985345535
84.86363636363636,68.7181818181818,40.61809316960228
84.86363636363636,69.72727272727272,41.43911472128299
84.86363636363636,70.73636363636362,42.26215163757315
84.86363636363636,71.74545454545454,43.0871531216353
84.86363636363636,72.75454545454545,43.914070342604084
84.86363636363636,73.76363636363635,44.74285633442939
84.86363636363636,74.77272727272727,45.57346590114871
84.86363636363636,75.78181818181817,46.405855528105825
84.86363636363636,76.79090909090908,47.23998329867532
84.86363636363636,77.8,48.075808816088795
84.86363636363636,78.8090909090909,48.91329312999357
84.86363636363636,79.81818181818181,49.752398667404584
84.86363636363636,80.82727272727271,50.593089167738576
84.86363636363636,81.83636363636363,51.435329621644904
84.86363636363636,82.84545454545453,52.27908621336987
84.86363636363636,83.85454545454544,53.12432626641308
84.86363636363636,84.86363636363636,53.97101819225252
84.86363636363636,85.87272727272726,54.8191314419332
84.86363636363636,86.88181818181818,55.66863646032951
84.86363636363636,87.89090909090908,56.51950464290613
84.86363636363636,88.89999999999999,57.371708294815335
84.86363636363636,89.90909090909089,58.225220592181145
84.86363636363636,90.91818181818181,59.080015545430996
84.86363636363636,91.92727272727272,59.936067964546666
84.86363636363636,92.93636363636362,60.793353426114905
84.86363636363636,93.94545454545454,61.65184824206709
84.86363636363636,94.95454545454544,62.51152943000473
84.86363636363636,95.96363636363635,63.37237468501534
84.86363636363636,96.97272727272727,64.2343623528897
84.86363636363636,97.98181818181817,65.09747140465736
84.86363636363636,98.99090909090908,65.96168141236326
84.86363636363636,100.0,66.8269725260136
85.87272727272726,0.1,1.8090029777068516e-06
85.87272727272726,1.1090909090909091,0.002451776696294615
85.87272727272726,2.118181818181818,0.01678748028769874
85.87272727272726,3.1272727272727274,0.05258546153208281
85.87272727272726,4.136363636363636,0.11743404882400318
85.87272727272726,5.145454545454545,0.2166186824087606
85.87272727272726,6.154545454545454,0.35321948185848834
85.87272727272726,7.163636363636363,0.528467989766775
85.87272727272726,8.172727272727272,0.7422010389422246
85.87272727272726,9.181818181818182,0.9932972499474778
85.87272727272726,10.19090909090909,1.2800389534775287
85.87272727272726,11.2,1.600384551264373
85.87272727272726,12.209090909090909,1.952159207565371
85.87272727272726,13.218181818181817,2.3331803768593704
85.87272727272726,14.227272727272727,2.7413353811090446
85.87272727272726,15.236363636363635,3.1746256179738888
85.87272727272726,16.245454545454546,3.631188532957294
85.87272727272726,17.254545454545454,4.109305341775454
85.87272727272726,18.263636363636365,4.607399997334369
85.87272727272726,19.272727272727273,5.124033065634023
85.87272727272726,20.28181818181818,5.657892891241217
85.87272727272726,21.290909090909093,6.207785559692512
85.87272727272726,22.3,6.772624583166442
85.87272727272726,23.30909090909091,7.351420856087678
85.87272727272726,24.31818181818182,7.943273183336623
85.87272727272726,25.327272727272728,8.54735952975464
85.87272727272726,26.336363636363636,9.162929044626269
85.87272727272726,27.345454545454544,9.789294858009988
85.87272727272726,28.354545454545455,10.425827613468119
85.87272727272726,29.363636363636363,11.071949684881757
85.87272727272726,30.37272727272727,11.727130017778745
85.87272727272726,31.381818181818183,12.390879534150907
85.87272727272726,32.39090909090909,13.062747041663032
85.87272727272726,33.4,13.742315591916745
85.87272727272726,34.40909090909091,14.429199237065028
85.87272727272726,35.418181818181814,15.123040138987355
85.87272727272726,36.42727272727273,15.823505990083646
85.87272727272726,37.43636363636364,16.530287709330526
85.87272727272726,38.445454545454545,17.243097381468928
85.87272727272726,39.45454545454545,17.96166641101606
85.87272727272726,40.46363636363636,18.685743866215937
85.87272727272726,41.47272727272727,19.415094991076735
85.87272727272726,42.481818181818184,20.14949986631831
85.87272727272726,43.49090909090909,20.888752202402276
85.87272727272726,44.5,21.63265824987431
85.87272727272726,45.50909090909091,22.38103581404588
85.87272727272726,46.518181818181816,23.133713362612777
85.87272727272726,47.527272727272724,23.890529216177484
85.87272727272726,48.53636363636364,24.65133081283785
85.87272727272726,49.54545454545455,25.415974039047992
85.87272727272726,50.554545454545455,26.18432261986846
85.87272727272726,51.56363636363636,26.95624756251892
85.87272727272726,52.57272727272727,27.731626647843594
85.87272727272726,53.58181818181818,28.510343964909236
85.87272727272726,54.590909090909086,29.292289484490542
85.87272727272726,55.6,30.07735866766731
85.87272727272726,56.60909090909091,30.86545210616999
85.87272727272726,57.61818181818182,31.656475191473675
85.87272727272726,58.627272727272725,32.45033780996042
85.87272727272726,59.63636363636363,33.246954061752085
85.87272727272726,60.64545454545454,34.046242001065586
85.87272727272726,61.654545454545456,34.84812339616349
85.87272727272726,62.663636363636364,35.652523507167984
85.87272727272726,63.67272727272727,36.45937088018074
85.87272727272726,64.68181818181817,37.26859715630485
85.87272727272726,65.69090909090909,38.0801368943032
85.87272727272726,66.69999999999999,38.893927405749054
85.87272727272726,67.7090909090909,39.70990860163498
85.87272727272726,68.7181818181818,40.52802284950292
85.87272727272726,69.72727272727272,41.34821484024648
85.87272727272726,70.73636363636362,42.17043146381382
85.87272727272726,71.74545454545454,42.994621693110766
85.87272727272726,72.75454545454545,43.82073647546591
85.87272727272726,73.76363636363635,44.64872863107684
85.87272727272726,74.77272727272727,45.4785527579077
85.87272727272726,75.78181818181817,46.31016514255356
85.87272727272726,76.79090909090908,47.14352367663015
85.87272727272726,77.8,47.978587778283234
85.87272727272726,78.8090909090909,48.81531831844778
85.87272727272726,79.81818181818181,49.65367755151618
85.87272727272726,80.82727272727271,50.49362905010402
85.87272727272726,81.83636363636363,51.335137643626545
85.87272727272726,82.84545454545453,52.178169360421975
85.87272727272726,83.85454545454544,53.02269137317933
85.87272727272726,84.86363636363636,53.86867194744693
85.87272727272726,85.87272727272726,54.71608039301539
85.87272727272726,86.88181818181818,55.564887017984894
85.87272727272726,87.89090909090908,56.41506308534073
85.87272727272726,88.89999999999999,57.26658077187471
85.87272727272726,89.90909090909089,58.11941312930179
85.87272727272726,90.91818181818181,58.97353404743293
85.87272727272726,91.92727272727272,59.82891821927463
85.87272727272726,92.93636363636362,60.68554110793558
85.87272727272726,93.94545454545454,61.54337891522934
85.87272727272726,94.95454545454544,62.40240855186925
85.87272727272726,95.96363636363635,63.26260760916013
85.87272727272726,96.97272727272727,64.1239543320969
85.87272727272726,97.98181818181817,64.98642759378711
85.87272727272726,98.99090909090908,65.85000687111997
85.87272727272726,100.0,66.71467222160915
86.88181818181818,0.1,1.7879933980400363e-06
86.88181818181818,1.1090909090909091,0.0024234863326124665
86.88181818181818,2.118181818181818,0.016597013853758707
86.88181818181818,3.1272727272727274,0.05200418960389958
86.88181818181818,4.136363636363636,0.11617889225606282
86.88181818181818,5.145454545454545,0.21439294128607903
86.88181818181818,6.154545454545454,0.34974470564011295
86.88181818181818,7.163636363636363,0.5235034182450142
86.88181818181818,8.172727272727272,0.7355518263747818
86.88181818181818,9.181818181818182,0.9848147564658194
86.88181818181818,10.19090909090909,1.2696164778925032
86.88181818181818,11.2,1.587951070493866
86.88181818181818,12.209090909090909,1.9376727396681466
86.88181818181818,13.218181818181817,2.3166218301675405
86.88181818181818,14.227272727272727,2.7227032556712487
86.88181818181818,15.236363636363635,3.153931640796008
86.88181818181818,16.245454545454546,3.608454165984319
86.88181818181818,17.254545454545454,4.084559043469852
86.88181818181818,18.263636363636365,4.580675105873688
86.88181818181818,19.272727272727273,5.095366180474661
86.88181818181818,20.28181818181818,5.627322646928705
86.88181818181818,21.290909090909093,6.1753517046296045
86.88181818181818,22.3,6.738367293506843
86.88181818181818,23.30909090909091,7.3153802298622566
86.88181818181818,24.31818181818182,7.90548887214712
86.88181818181818,25.327272727272728,8.507870475114116
86.88181818181818,26.336363636363636,9.121773293661194
86.88181818181818,27.345454545454544,9.746509439158464
86.88181818181818,28.354545454545455,10.381448457367528
86.88181818181818,29.363636363636363,11.02601157913607
86.88181818181818,30.37272727272727,11.679666586971726
86.88181818181818,31.381818181818183,12.341923238517662
86.88181818181818,32.39090909090909,13.012329189396505
86.88181818181818,33.4,13.690466361281933
86.88181818181818,34.40909090909091,14.375947705408956
86.88181818181818,35.418181818181814,15.068414316434076
86.88181818181818,36.42727272727273,15.767532856240674
86.88181818181818,37.43636363636364,16.472993251745645
86.88181818181818,38.445454545454545,17.184506634892383
86.88181818181818,39.45454545454545,17.90180349676612
86.88181818181818,40.46363636363636,18.62463203113224
86.88181818181818,41.47272727272727,19.35275664568871
86.88181818181818,42.481818181818184,20.085956621965302
86.88181818181818,43.49090909090909,20.824024907125818
86.88181818181818,44.5,21.56676702296649
86.88181818181818,45.50909090909091,22.31400007918614
86.88181818181818,46.518181818181816,23.06555187956175
86.88181818181818,47.527272727272724,23.82126011102354
86.88181818181818,48.53636363636364,24.580971606812263
86.88181818181818,49.54545454545455,25.344541675938874
86.88181818181818,50.554545454545455,26.11183349207412
86.88181818181818,51.56363636363636,26.882717535788178
86.88181818181818,52.57272727272727,27.65707108475526
86.88181818181818,53.58181818181818,28.434777747145464
86.88181818181818,54.590909090909086,29.215727033960164
86.88181818181818,55.6,29.99981396653516
86.88181818181818,56.60909090909091,30.786938715847803
86.88181818181818,57.61818181818182,31.577006270626764
86.88181818181818,58.627272727272725,32.36992613158273
86.88181818181818,59.63636363636363,33.16561202936028
86.88181818181818,60.64545454545454,33.96398166406086
86.88181818181818,61.654545454545456,34.7649564644073
86.88181818181818,62.663636363636364,35.568461364815825
86.88181818181818,63.67272727272727,36.37442459881594
86.88181818181818,64.68181818181817,37.182777507411934
86.88181818181818,65.69090909090909,37.99345436111811
86.88181818181818,66.69999999999999,38.806392194521756
86.88181818181818,67.7090909090909,39.62153065233759
86.88181818181818,68.7181818181818,40.438811846014836
86.88181818181818,69.72727272727272,41.25818022004591
86.88181818181818,70.73636363636362,42.079582427203384
86.88181818181818,71.74545454545454,42.90296721200349
86.88181818181818,72.75454545454545,43.72828530175583
86.88181818181818,73.76363636363635,44.55548930461749
86.88181818181818,74.77272727272727,45.38453361411985
86.88181818181818,75.78181818181817,46.21537431968281
86.88181818181818,76.79090909090908,47.047969122673216
86.88181818181818,77.8,47.88227725760101
86.88181818181818,78.8090909090909,48.718259418081956
86.88181818181818,79.81818181818181,49.555877687225305
86.88181818181818,80.82727272727271,50.39509547213381
86.88181818181818,81.83636363636363,51.23587744222851
86.88181818181818,82.84545454545453,52.078189471133435
86.88181818181818,83.85454545454544,52.921998581877396
86.88181818181818,84.86363636363636,53.76727289518778
86.88181818181818,85.87272727272726,54.61398158067013
86.88181818181818,86.88181818181818,55.46209481068208
86.88181818181818,87.89090909090908,56.31158371672542
86.88181818181818,88.89999999999999,57.16242034819316
86.88181818181818,89.90909090909089,58.01457763332046
86.88181818181818,90.91818181818181,58.868029342199925
86.88181818181818,91.92727272727272,59.72275005173116
86.88181818181818,92.93636363636362,60.578715112385005
86.88181818181818,93.94545454545454,61.435900616670125
86.88181818181818,94.95454545454544,62.29428336919891
86.88181818181818,95.96363636363635,63.15384085825574
86.88181818181818,96.97272727272727,64.0145512287783
86.88181818181818,97.98181818181817,64.876393256668
86.88181818181818,98.99090909090908,65.73934632435237
86.88181818181818,100.0,66.60339039752581
87.89090909090908,0.1,1.767466222122612e-06
87.89090909090908,1.1090909090909091,0.0023958413997495574
87.89090909090908,2.118181818181818,0.016410821664018176
87.89090909090908,3.1272727272727274,0.05143563791992444
87.89090909090908,4.136363636363636,0.11495034254966346
87.89090909090908,5.145454545454545,0.2122126961393103
87.89090909090908,6.154545454545454,0.34633824145236414
87.89090909090908,7.163636363636363,0.5186326230091769
87.89090909090908,8.172727272727272,0.7290233174460871
87.89090909090908,9.181818181818182,0.9764804056403806
87.89090909090908,10.19090909090909,1.2593694059891154
87.89090909090908,11.2,1.5757196181745408
87.89090909090908,12.209090909090909,1.9234140112085396
87.89090909090908,13.218181818181817,2.300315672948932
87.89090909090908,14.227272727272727,2.70434705024304
87.89090909090908,15.236363636363635,3.1335359933000775
87.89090909090908,16.245454545454546,3.586039451030752
87.89090909090908,17.254545454545454,4.060152685462918
87.89090909090908,18.263636363636365,4.554309472013102
87.89090909090908,19.272727272727273,5.067076965804133
87.89090909090908,20.28181818181818,5.597147647761722
87.89090909090908,21.290909090909093,6.143329894680185
87.89090909090908,22.3,6.704538133937624
87.89090909090908,23.30909090909091,7.279783159017029
87.89090909090908,24.31818181818182,7.868162932709242
87.89090909090908,25.327272727272728,8.468854046011346
87.89090909090908,26.336363636363636,9.081103901566841
87.89090909090908,27.345454545454544,9.704223630291061
87.89090909090908,28.354545454545455,10.33758171480874
87.89090909090908,29.363636363636363,10.980598274358046
87.89090909090908,30.37272727272727,11.632739956926835
87.89090909090908,31.381818181818183,12.2935153816822
87.89090909090908,32.39090909090909,12.962471075720282
87.89090909090908,33.4,13.639187852191169
87.89090909090908,34.40909090909091,14.323277580925724
87.89090909090908,35.418181818181814,15.014380307178044
87.89090909090908,36.42727272727273,15.712161678618202
87.89090909090908,37.43636363636364,16.416310645045346
87.89090909090908,38.445454545454545,17.126537399324814
87.89090909090908,39.45454545454545,17.84257153172989
87.89090909090908,40.46363636363636,18.564160373177057
87.89090909090908,41.47272727272727,19.29106750579029
87.89090909090908,42.481818181818184,20.023071421838164
87.89090909090908,43.49090909090909,20.759964314384654
87.89090909090908,44.5,21.50155098501181
87.89090909090908,45.50909090909091,22.247647855739068
87.89090909090908,46.518181818181816,22.99808207380998
87.89090909090908,47.527272727272724,23.752690699368625
87.89090909090908,48.53636363636364,24.511319967228825
87.89090909090908,49.54545454545455,25.273824614971563
87.89090909090908,50.554545454545455,26.040067270508914
87.89090909090908,51.56363636363636,26.809917893042226
87.89090909090908,52.57272727272727,27.583253262034166
87.89090909090908,53.58181818181818,28.359956509420144
87.89090909090908,54.590909090909086,29.139916690816754
87.89090909090908,55.6,29.923028391952
87.89090909090908,56.60909090909091,30.70919136695299
87.89090909090908,57.61818181818182,31.498310205488764
87.89090909090908,58.627272727272725,32.290294026085164
87.89090909090908,59.63636363636363,33.085056193210065
87.89090909090908,60.64545454545454,33.88251405597712
87.89090909090908,61.654545454545456,34.682588706536215
87.89090909090908,62.663636363636364,35.4852047564146
87.89090909090908,63.67272727272727,36.29029012924664
87.89090909090908,64.68181818181817,37.09777586848413
87.89090909090908,65.69090909090909,37.907595958817055
87.89090909090908,66.69999999999999,38.71968716015653
87.89090909090908,67.7090909090909,39.533988853142134
87.89090909090908,68.7181818181818,40.350442895232426
87.89090909090908,69.72727272727272,41.16899348652626
87.89090909090908,70.73636363636362,41.98958704453962
87.89090909090908,71.74545454545454,42.8121720872345
87.89090909090908,72.75454545454545,43.63669912365827
87.89090909090908,73.76363636363635,44.46312055161009
87.89090909090908,74.77272727272727,45.2913905618013
87.89090909090908,75.78181818181817,46.12146504802322
87.89090909090908,76.79090909090908,46.95330152287802
87.89090909090908,77.8,47.78685903866503
87.89090909090908,78.8090909090909,48.62209811305008
87.89090909090908,79.81818181818181,49.45898065917564
87.89090909090908,80.82727272727271,50.297469919897814
87.89090909090908,81.83636363636363,51.137530405862016
87.89090909090908,82.84545454545453,51.979127837151495
87.89090909090908,83.85454545454544,52.82222908826525
87.89090909090908,84.86363636363636,53.66680213619938
87.89090909090908,85.87272727272726,54.512816011425095
87.89090909090908,86.88181818181818,55.36024075157134
87.89090909090908,87.89090909090908,56.209047357634994
87.89090909090908,88.89999999999999,57.0592077525553
87.89090909090908,89.90909090909089,57.91069474200068
87.89090909090908,90.91818181818181,58.76348197722782
87.89090909090908,91.92727272727272,59.61754391988284
87.89090909090908,92.93636363636362,60.47285580862406
87.89090909090908,93.94545454545454,61.329393627454216
87.89090909090908,94.95454545454544,62.18713407565801
87.89090909090908,95.96363636363635,63.04605453924845
87.89090909090908,96.97272727272727,63.906133063831575
87.89090909090908,97.98181818181817,64.76734832880605
87.89090909090908,98.99090909090908,65.62967962281955
87.89090909090908,100.0,66.49310682040856
88.89999999999999,0.1,1.7474050237322296e-06
88.89999999999999,1.1090909090909091,0.0023688200587441174
88.89999999999999,2.118181818181818,0.016228761413103684
88.89999999999999,3.1272727272727274,0.05087939313409663
88.89999999999999,4.136363636363636,0.11374756072943966
88.89999999999999,5.145454545454545,0.21007655959620777
88.89999999999999,6.154545454545454,0.3429980772601634
88.89999999999999,7.163636363636363,0.5138529352070664
88.89999999999999,8.172727272727272,0.7226121877247229
88.89999999999999,9.181818181818182,0.9682902400267629
88.89999999999999,10.19090909090909,1.2492931812878907
88.89999999999999,11.2,1.5636850773132516
88.89999999999999,12.209090909090909,1.9093773835173955
88.89999999999999,13.218181818181817,2.284255781725429
88.89999999999999,14.227272727272727,2.6862601903711494
88.89999999999999,15.236363636363635,3.113431680524491
88.89999999999999,16.245454545454546,3.5639369997859185
88.89999999999999,17.254545454545454,4.036078510196116
88.89999999999999,18.263636363636365,4.528294990312774
88.89999999999999,19.272727272727273,5.039156987268009
88.89999999999999,20.28181818181818,5.567359147353603
88.89999999999999,21.290909090909093,6.111711086506537
88.89999999999999,22.3,6.671127777697256
88.89999999999999,23.30909090909091,7.2446200455523195
88.89999999999999,24.31818181818182,7.831285506810307
88.89999999999999,25.327272727272728,8.430300134038717
88.89999999999999,26.336363636363636,9.04091051888157
88.89999999999999,27.345454545454544,9.662426849266048
88.89999999999999,28.354545454545455,10.294216578670278
88.89999999999999,29.363636363636363,10.93569874555272
88.89999999999999,30.37272727272727,11.58633889135581
88.89999999999999,31.381818181818183,12.245644522175128
88.89999999999999,32.39090909090909,12.913161059678094
88.89999999999999,33.4,13.588468229520887
88.89999999999999,34.40909090909091,14.27117683930684
88.89999999999999,35.418181818181814,14.96092590240372
88.89999999999999,36.42727272727273,15.657380068295476
88.89999999999999,37.43636363636364,16.36022732435456
88.89999999999999,38.445454545454545,17.06917693785888
88.89999999999999,39.45454545454545,17.78395761068045
88.89999999999999,40.46363636363636,18.504315822324486
88.89999999999999,41.47272727272727,19.23001433990064
88.89999999999999,42.481818181818184,19.96083087618229
88.89999999999999,43.49090909090909,20.69655687918111
88.89999999999999,44.5,21.436996438660817
88.89999999999999,45.50909090909091,22.18196529676527
88.89999999999999,46.518181818181816,22.931289951469697
88.89999999999999,47.527272727272724,23.684806842905974
88.89999999999999,48.53636363636364,24.44236161378642
88.89999999999999,49.54545454545455,25.20380843617728
88.89999999999999,50.554545454545455,25.969009397771398
88.89999999999999,51.56363636363636,26.73783394159584
88.89999999999999,52.57272727272727,27.510158353779314
88.89999999999999,53.58181818181818,28.285865294608353
88.89999999999999,54.590909090909086,29.064843368631617
88.89999999999999,55.6,29.846986730037848
88.89999999999999,56.60909090909091,30.63219471994277
88.89999999999999,57.61818181818182,31.420371532582156
88.89999999999999,58.627272727272725,32.211425907726195
88.89999999999999,59.63636363636363,33.00527084691236
88.89999999999999,60.64545454545454,33.80182335134265
88.89999999999999,61.654545454545456,34.60100417951192
88.89999999999999,62.663636363636364,35.402737622828724
88.89999999999999,63.67272727272727,36.20695129766503
88.89999999999999,64.68181818181817,37.01357595242438
88.89999999999999,65.69090909090909,37.82254528835634
88.89999999999999,66.69999999999999,38.63379579296728
88.89999999999999,67.7090909090909,39.44726658498758
88.89999999999999,68.7181818181818,40.2628992699522
88.89999999999999,69.72727272727272,41.080637805540555
88.89999999999999,70.73636363636362,41.9004283758988
88.89999999999999,71.74545454545454,42.72221927423933
88.89999999999999,72.75454545454545,43.54596079307458
88.89999999999999,73.76363636363635,44.3716051215001
88.89999999999999,74.77272727272727,45.19910624899266
88.89999999999999,75.78181818181817,46.02841987523561
88.89999999999999,76.79090909090908,46.859503325525566
88.89999999999999,77.8,47.69231547135229
88.89999999999999,78.8090909090909,48.52681665577781
88.89999999999999,79.81818181818181,49.36296862327188
88.89999999999999,80.82727272727271,50.20073445368861
88.89999999999999,81.83636363636363,51.04007850009562
88.89999999999999,82.84545454545453,51.88096633018883
88.89999999999999,83.85454545454544,52.723364671048564
88.89999999999999,84.86363636363636,53.567241357010644
88.89999999999999,85.87272727272726,54.412565280444824
88.89999999999999,86.88181818181818,55.25930634524773
88.89999999999999,87.89090909090908,56.10743542287324
88.89999999999999,88.89999999999999,56.95692431073564
88.89999999999999,89.90909090909089,57.80774569283394
88.89999999999999,90.91818181818181,58.65987310245628
88.89999999999999,91.92727272727272,59.51328088683384
88.89999999999999,92.93636363636362,60.36794417362374
88.89999999999999,93.94545454545454,61.223838839107806
88.89999999999999,94.95454545454544,62.080941478003076
88.89999999999999,95.96363636363635,62.93922937478718
88.89999999999999,96.97272727272727,63.79868047644766
88.89999999999999,97.98181818181817,64.65927336657155
88.89999999999999,98.99090909090908,65.52098724069675
88.89999999999999,100.0,66.38380188285171
89.90909090909089,0.1,1.727794114044392e-06
89.90909090909089,1.1090909090909091,0.0023424014449236587
89.90909090909089,2.118181818181818,0.01605069704452791
89.90909090909089,3.1272727272727274,0.05033505963080047
89.90909090909089,4.136363636363636,0.11256974279984652
89.90909090909089,5.145454545454545,0.20798320037871468
89.90909090909089,6.154545454545454,0.33972227991247256
89.90909090909089,7.163636363636363,0.5091617876076779
89.90909090909089,8.172727272727272,0.7163152360290838
89.90909090909089,9.181818181818182,0.9602404454617646
89.90909090909089,10.19090909090909,1.2393834089095819
89.90909090909089,11.2,1.5518425091963357
89.90909090909089,12.209090909090909,1.8955574114211096
89.90909090909089,13.218181818181817,2.268436240453832
89.90909090909089,14.227272727272727,2.668436321880117
89.90909090909089,15.236363636363635,3.093611939690602
89.90909090909089,16.245454545454546,3.542139667223994
89.90909090909089,17.254545454545454,4.012329013806259
89.90909090909089,18.263636363636365,4.5026238188395284
89.90909090909089,19.272727272727273,5.011598083306726
89.90909090909089,20.28181818181818,5.53794868094054
89.90909090909089,21.290909090909093,6.080486526813847
89.90909090909089,22.3,6.638127196122875
89.90909090909089,23.30909090909091,7.2098815972955785
89.90909090909089,24.31818181818182,7.7948470494972
89.90909090909089,25.327272727272728,8.392198951211409
89.90909090909089,26.336363636363636,9.001183123483768
89.90909090909089,27.345454545454544,9.621108847972996
89.90909090909089,28.354545454545455,10.251342582344892
89.90909090909089,29.363636363636363,10.891302314529476
89.90909090909089,30.37272727272727,11.540452506885613
89.90909090909089,31.381818181818183,12.198299577386187
89.90909090909089,32.39090909090909,12.86438786496063
89.90909090909089,33.4,13.538296028435997
89.90909090909089,34.40909090909091,14.219633832036372
89.90909090909089,35.418181818181814,14.90803927446272
89.90909090909089,36.42727272727273,15.60317602277131
89.90909090909089,37.43636363636364,16.30473111635468
89.90909090909089,38.445454545454545,17.01241291017112
89.90909090909089,39.45454545454545,17.725949229898262
89.90909090909089,40.46363636363636,18.44508571488081
89.90909090909089,41.47272727272727,19.169584327601846
89.90909090909089,42.481818181818184,19.89922201094713
89.90909090909089,43.49090909090909,20.633789476777086
89.90909090909089,44.5,21.37309011129736
89.90909090909089,45.50909090909091,22.11693898445417
89.90909090909089,46.518181818181816,22.865161952102433
89.90909090909089,47.527272727272724,23.617594841026634
89.90909090909089,48.53636363636364,24.37408270806121
89.90909090909089,49.54545454545455,25.134479165577655
89.90909090909089,50.554545454545455,25.898645766499804
89.90909090909089,51.56363636363636,26.666451442791267
89.90909090909089,52.57272727272727,27.43777199204573
89.90909090909089,53.58181818181818,28.212489607412667
89.90909090909089,54.590909090909086,28.990492446619918
89.90909090909089,55.6,29.771674236319623
89.90909090909089,56.60909090909091,30.555933908392934
89.90909090909089,57.61818181818182,31.343175265209844
89.90909090909089,58.627272727272725,32.13330667115847
89.90909090909089,59.63636363636363,32.92624076803931
89.90909090909089,60.64545454545454,33.721894212168884
89.90909090909089,61.654545454545456,34.52018743125723
89.90909090909089,62.663636363636364,35.321044399319355
89.90909090909089,63.67272727272727,36.12439242805452
89.90909090909089,64.68181818181817,36.930161973281095
89.90909090909089,65.69090909090909,37.738286455153094
89.90909090909089,66.69999999999999,38.54870209100629
89.90909090909089,67.7090909090909,39.361347739792116
89.90909090909089,68.7181818181818,40.176164757154886
89.90909090909089,69.72727272727272,40.993096860296106
89.90909090909089,70.73636363636362,41.81209000184775
89.90909090909089,71.74545454545454,42.63309225204731
89.90909090909089,72.75454545454545,43.45605368857091
89.90909090909089,73.76363636363635,44.28092629343732
89.90909090909089,74.77272727272727,45.10766385644793
89.90909090909089,75.78181818181817,45.936221884673266
89.90909090909089,76.79090909090908,46.76655751753921
89.90909090909089,77.8,47.59862944710365
89.90909090909089,78.8090909090909,48.432397843148394
89.90909090909089,79.81818181818181,49.26782428274279
89.90909090909089,80.82727272727271,50.104871683962784
89.90909090909089,81.83636363636363,50.94350424347595
89.90909090909089,82.84545454545453,51.78368737772484
89.90909090909089,83.85454545454544,52.62538766746356
89.90909090909089,84.86363636363636,53.46857280542062
89.90909090909089,85.87272727272726,54.31321154687964
89.90909090909089,86.88181818181818,55.15927366298466
89.90909090909089,87.89090909090908,56.006729896591985
89.90909090909089,88.89999999999999,56.855551920504126
89.90909090909089,89.90909090909089,57.70571229793276
89.90909090909089,90.91818181818181,58.55718444505
89.90909090909089,91.92727272727272,59.40994259549658
89.90909090909089,92.93636363636362,60.26396176672579
89.90909090909089,93.94545454545454,61.11921772807017
89.90909090909089,94.95454545454544,61.97568697042616
89.90909090909089,95.96363636363635,62.83334667745955
89.90909090909089,96.97272727272727,63.6921746982402
89.90909090909089,97.98181818181817,64.55214952122286
89.90909090909089,98.99090909090908,65.41325024949423
89.90909090909089,100.0,66.27545657721343
90.91818181818181,0.1,1.7086185007130554e-06
90.91818181818181,1.1090909090909091,0.0023165656141717773
90.91818181818181,2.118181818181818,0.01587649841135815
90.91818181818181,3.1272727272727274,0.049802258583580554
90.91818181818181,4.136363636363636,0.11141611793725946
90.91818181818181,5.145454545454545,0.20593134048424638
90.91818181818181,6.154545454545454,0.3365089912846883
90.91818181818181,7.163636363636363,0.5045567097530262
90.91818181818181,8.172727272727272,0.7101293786725416
90.91818181818181,9.181818181818182,0.9523273444937801
90.91818181818181,10.19090909090909,1.2296358482724943
90.91818181818181,11.2,1.540187145436169
90.91818181818181,12.209090909090909,1.8819488346957165
90.91818181818181,13.218181818181817,2.2528513314390786
90.91818181818181,14.227272727272727,2.650869301287463
90.91818181818181,15.236363636363635,3.074070230155578
90.91818181818181,16.245454545454546,3.520640541124705
90.91818181818181,17.254545454545454,3.988896935239736
90.91818181818181,18.263636363636365,4.477288367896881
90.91818181818181,19.272727272727273,4.984392353520802
90.91818181818181,20.28181818181818,5.508908053399067
90.91818181818181,21.290909090909093,6.04964774003511
90.91818181818181,22.3,6.605527646016347
90.91818181818181,23.30909090909091,7.175558814960829
90.91818181818181,24.31818181818182,7.7588383158403955
90.91818181818181,25.327272727272728,8.354541016446248
90.91818181818181,26.336363636363636,8.961912006794838
90.91818181818181,27.345454545454544,9.580259698268595
90.91818181818181,28.354545454545455,10.208949585416208
90.91818181818181,29.363636363636363,10.847398635326867
90.91818181818181,30.37272727272727,11.495070258238442
90.91818181818181,31.381818181818183,12.151469808505903
90.91818181818181,32.39090909090909,12.81614056461489
90.91818181818181,33.4,13.488660138872671
90.91818181818181,34.40909090909091,14.168637270652473
90.91818181818181,35.418181818181814,14.855708960919177
90.91818181818181,36.42727272727273,15.549537909798117
90.91818181818181,37.43636363636364,16.24981022291073
90.91818181818181,38.445454545454545,16.95623335594658
90.91818181818181,39.45454545454545,17.668534270397377
90.91818181818181,40.46363636363636,18.386457776516114
90.91818181818181,41.47272727272727,19.109765042379728
90.91818181818181,42.481818181818184,19.83823225043968
90.91818181818181,43.49090909090909,20.571649385163713
90.91818181818181,44.5,21.3098191373276
90.91818181818181,45.50909090909091,22.052555912235423
90.91818181818181,46.518181818181816,22.79968493065582
90.91818181818181,47.527272727272724,23.551041412584585
90.91818181818181,48.53636363636364,24.3064698351028
90.91818181818181,49.54545454545455,25.065823256614543
90.91818181818181,50.554545454545455,25.82896270063804
90.91818181818181,51.56363636363636,26.595756593102873
90.91818181818181,52.57272727272727,27.366080247790144
90.91818181818181,53.58181818181818,28.1398153951521
90.91818181818181,54.590909090909086,28.91684975027503
90.91818181818181,55.6,29.69707661621323
90.91818181818181,56.60909090909091,30.48039451932955
90.91818181818181,57.61818181818182,31.266706873638554
90.91818181818181,58.627272727272725,32.05592167146573
90.91818181818181,59.63636363636363,32.84795119801678
90.91818181818181,60.64545454545454,33.64271176770007
90.91818181818181,61.654545454545456,34.44012348026494
90.91818181818181,62.663636363636364,35.24010999501398
90.91818181818181,63.67272727272727,36.04259832152148
90.91818181818181,64.68181818181817,36.84751862544397
90.91818181818181,65.69090909090909,37.654804048146715
90.91818181818181,66.69999999999999,38.46439053899265
90.91818181818181,67.7090909090909,39.276216699249986
90.91818181818181,68.7181818181818,40.090223636672235
90.91818181818181,69.72727272727272,40.90635482989285
90.91818181818181,70.73636363636362,41.7245560018548
90.91818181818181,71.74545454545454,42.544775001566514
90.91818181818181,72.75454545454545,43.366961693538464
90.91818181818181,73.76363636363635,44.19106785431286
90.91818181818181,74.77272727272727,45.01704707554916
90.91818181818181,75.78181818181817,45.844854673175675
90.91818181818181,76.79090909090908,46.67444760215873
90.91818181818181,77.8,47.5057843764792
90.91818181818181,78.8090909090909,48.33882499394039
90.91818181818181,79.81818181818181,49.173530865462546
90.91818181818181,80.82727272727271,50.00986474854697
90.91818181818181,81.83636363636363,50.84779068461934
90.91818181818181,82.84545454545453,51.68727393998395
90.91818181818181,83.85454545454544,52.52828095014299
90.91818181818181,84.86363636363636,53.370779267253084
90.91818181818181,85.87272727272726,54.21473751051015
90.91818181818181,86.88181818181818,55.060125319268785
90.91818181818181,87.89090909090908,55.90691330871756
90.91818181818181,88.89999999999999,56.75507302794497
90.91818181818181,89.90909090909089,57.60457692024266
90.91818181818181,90.91818181818181,58.455398285505076
90.91818181818181,91.92727272727272,59.307511244592874
90.91818181818181,92.93636363636362,60.160890705539614
90.91818181818181,93.94545454545454,61.015512331487216
90.91818181818181,94.95454545454544,61.87135251024601
90.91818181818181,95.96363636363635,62.72838832538105
90.91818181818181,96.97272727272727,63.58659752873375
90.91818181818181,97.98181818181817,64.44595851429426
90.91818181818181,98.99090909090908,65.30645029334555
90.91818181818181,100.0,66.16805247080538
91.92727272727272,0.1,1.6898638496461597e-06
91.92727272727272,1.1090909090909091,0.00229129349271235
91.92727272727272,2.118181818181818,0.015706040958762563
91.92727272727272,3.1272727272727274,0.04928062707323406
91.92727272727272,4.136363636363636,0.11028594679326963
91.92727272727272,5.145454545454545,0.20391975253594233
91.92727272727272,6.154545454545454,0.33335642464681486
91.92727272727272,7.163636363636363,0.5000353233878849
91.92727272727272,8.172727272727272,0.7040516440328568
91.92727272727272,9.181818181818182,0.9445473901782457
91.92727272727272,10.19090909090909,1.220046406195988
91.92727272727272,11.2,1.5287143804511623
91.92727272727272,12.209090909090909,1.868546569983566
91.92727272727272,13.218181818181817,2.2374955267367547
91.92727272727272,14.227272727272727,2.6335531867327724
91.92727272727272,15.236363636363635,3.054800223902107
91.92727272727272,16.245454545454546,3.499432932152386
91.92727272727272,17.254545454545454,3.9657752459454545
91.92727272727272,18.263636363636365,4.4522812893529835
91.92727272727272,19.272727272727273,4.957532147652278
91.92727272727272,20.28181818181818,5.480229327897261
91.92727272727272,21.290909090909093,6.019186516666603
91.92727272727272,22.3,6.573320657676898
91.92727272727272,23.30909090909091,7.141642979890208
91.92727272727272,24.31818181818182,7.723250348394807
91.92727272727272,25.327272727272728,8.317317142751989
91.92727272727272,26.336363636363636,8.923087760707663
91.92727272727272,27.345454545454544,9.539869778651465
91.92727272727272,28.354545454545455,10.167027760087514
91.92727272727272,29.363636363636363,10.803977680402452
91.92727272727272,30.37272727272727,11.450181924189197
91.92727272727272,31.381818181818183,12.105144806256796
91.92727272727272,32.39090909090909,12.768408566554916
91.92727272727272,33.4,13.439549790833967
91.92727272727272,34.40909090909091,14.11817621183309
91.92727272727272,35.418181818181814,14.80392384943031
91.92727272727272,36.42727272727273,15.496454452061819
91.92727272727272,37.43636363636364,16.195453205555022
91.92727272727272,38.445454545454545,16.90062667917029
91.92727272727272,39.45454545454545,17.611700982028616
91.92727272727272,40.46363636363636,18.328420106182865
91.92727272727272,41.47272727272727,19.050544435361317
91.92727272727272,42.481818181818184,19.777849400884264
91.92727272727272,43.49090909090909,20.510124268446546
91.92727272727272,44.5,21.24717104139382
91.92727272727272,45.50909090909091,21.988803467824198
91.92727272727272,46.518181818181816,22.734846140343247
91.92727272727272,47.527272727272724,23.485133678613447
91.92727272727272,48.53636363636364,24.23950998599059
91.92727272727272,49.54545454545455,24.997827572548516
91.92727272727272,50.554545454545455,25.759946937678787
91.92727272727272,51.56363636363636,26.525736006227167
91.92727272727272,52.57272727272727,27.295069612810174
91.92727272727272,53.58181818181818,28.067829029552605
91.92727272727272,54.590909090909086,28.84390153301253
91.92727272727272,55.6,29.623180006522844
91.92727272727272,56.60909090909091,30.405562574585613
91.92727272727272,57.61818181818182,31.190952266314746
91.92727272727272,58.627272727272725,31.979256705239838
91.92727272727272,59.63636363636363,32.77038782306409
91.92727272727272,60.64545454545454,33.56426159521774
91.92727272727272,61.654545454545456,34.36079779626846
91.92727272727272,62.663636363636364,35.159919773444784
91.92727272727272,63.67272727272727,35.96155423670317
91.92727272727272,64.68181818181817,36.76563106392276
91.92727272727272,65.69090909090909,37.57208311994992
91.92727272727272,66.69999999999999,38.38084608833734
91.92727272727272,67.7090909090909,39.191858314731945
91.92727272727272,68.7181818181818,40.00506066096404
91.92727272727272,69.72727272727272,40.82039636897813
91.92727272727272,70.73636363636362,41.63781093382402
91.92727272727272,71.74545454545454,42.457251984998436
91.92727272727272,72.75454545454545,43.278669175489995
91.92727272727272,73.76363636363635,44.102014077938435
91.92727272727272,74.77272727272727,44.92724008736994
91.92727272727272,75.78181818181817,45.754302330017254
91.92727272727272,76.79090909090908,46.58315757777525
91.92727272727272,77.8,47.41376416788064
91.92727272727272,78.8090909090909,48.24608192743866
91.92727272727272,79.81818181818181,49.08007210245126
91.92727272727272,80.82727272727271,49.91569729102883
91.92727272727272,81.83636363636363,50.75292138049434
91.92727272727272,82.84545454545453,51.59170948811074
91.92727272727272,83.85454545454544,52.43202790518478
91.92727272727272,84.86363636363636,53.273844044319546
91.92727272727272,85.87272727272726,54.117126389605225
91.92727272727272,86.88181818181818,54.961844449554384
91.92727272727272,87.89090909090908,55.807968712602175
91.92727272727272,88.89999999999999,56.65547060500593
91.92727272727272,89.90909090909089,57.504322450990344
91.92727272727272,90.91818181818181,58.35449743499642
91.92727272727272,91.92727272727272,59.20596956590194
91.92727272727272,92.93636363636362,60.058713643091544
91.92727272727272,93.94545454545454,60.91270522426267
91.92727272727272,94.95454545454544,61.767920594861664
91.92727272727272,95.96363636363635,62.62433673905229
91.92727272727272,96.97272727272727,63.48193131212504
91.92727272727272,97.98181818181817,64.34068261426214
91.92727272727272,98.99090909090908,65.20056956557943
91.92727272727272,100.0,66.06157168237065
92.93636363636362,0.1,1.6715164492712232e-06
92.93636363636362,1.1090909090909091,0.002266566830145395
92.93636363636362,2.118181818181818,0.015539205426795528
92.93636363636362,3.1272727272727274,0.04876981726095468
92.93636363636362,4.136363636363636,0.10917851990126612
92.93636363636362,5.145454545454545,0.20194725729013274
92.93636363636362,6.154545454545454,0.3302628612420412
92.93636363636362,7.163636363636363,0.49559533814838286
92.93636363636362,8.172727272727272,0.698079167424442
92.93636363636362,9.181818181818182,0.9368971602153235
92.93636363636362,10.19090909090909,1.2106111303781324
92.93636363636362,11.2,1.5174197643512464
92.93636363636362,12.209090909090909,1.8553457031429326
92.93636363636362,13.218181818181817,2.2223634800135854
92.93636363636362,14.227272727272727,2.6164822293879224
92.93636363636362,15.236363636363635,3.0357957965308184
92.93636363636362,16.245454545454546,3.4785103644579607
92.93636363636362,17.254545454545454,3.942957140109756
92.93636363636362,18.263636363636365,4.427595466528656
92.93636363636362,19.272727272727273,4.931010055143439
92.93636363636362,20.28181818181818,5.451904815139643
92.93636363636362,21.290909090909093,5.989094902212733
92.93636363636362,22.3,6.54149802355829
92.93636363636362,23.30909090909091,7.108125642434595
92.93636363636362,24.31818181818182,7.688074465314844
92.93636363636362,25.327272727272728,8.28051842508635
92.93636363636362,26.336363636363636,8.884701265194886
92.93636363636362,27.345454545454544,9.499929761629566
92.93636363636362,28.354545454545455,10.125567578315483
92.93636363636362,29.363636363636363,10.761029727539553
92.93636363636362,30.37272727272727,11.40577759425148
92.93636363636362,31.381818181818183,12.059314477364575
92.93636363636362,32.39090909090909,12.721181599823632
92.93636363636362,33.4,13.39095454044748
92.93636363636362,34.40909090909091,14.068240043254159
92.93636363636362,35.418181818181814,14.752673163409826
92.93636363636362,36.42727272727273,15.443914712654818
92.93636363636362,37.43636363636364,16.14164897077369
92.93636363636362,38.445454545454545,16.845581633231255
92.93636363636362,39.45454545454545,17.555437968404743
92.93636363636362,40.46363636363636,18.270961160865784
92.93636363636362,41.47272727272727,18.991910819892766
92.93636363636362,42.481818181818184,19.718061634831688
92.93636363636362,43.49090909090909,20.44920216108909
92.93636363636362,44.5,21.185133722455095
92.93636363636362,45.50909090909091,21.92566941714195
92.93636363636362,46.518181818181816,22.670633216407357
92.93636363636362,47.527272727272724,23.41985914593525
92.93636363636362,48.53636363636364,24.17319054129032
92.93636363636362,49.54545454545455,24.93047936976556
92.93636363636362,50.554545454545455,25.69158561182263
92.93636363636362,51.56363636363636,26.456376696096545
92.93636363636362,52.57272727272727,27.224726982614804
92.93636363636362,53.58181818181818,27.996517289476397
92.93636363636362,54.590909090909086,28.77163445876025
92.93636363636362,55.6,29.5499709578938
92.93636363636362,56.60909090909091,30.331424513118574
92.93636363636362,57.61818181818182,31.115897772048495
92.93636363636362,58.627272727272725,31.9032979926328
92.93636363636362,59.63636363636363,32.69353675611587
92.93636363636362,60.64545454545454,33.48652970183384
92.93636363636362,61.654545454545456,34.28219628190796
92.93636363636362,62.663636363636364,35.080459534089464
92.93636363636362,63.67272727272727,35.88124587118448
92.93636363636362,64.68181818181817,36.684484885641545
92.93636363636362,65.69090909090909,37.49010916802206
92.93636363636362,66.69999999999999,38.298054138196626
92.93636363636362,67.7090909090909,39.10825788822013
92.93636363636362,68.7181818181818,39.92066103593601
92.93636363636362,69.72727272727272,40.73520658844888
92.93636363636362,70.73636363636362,41.551839814682495
92.93636363636362,71.74545454545454,42.37050812631193
92.93636363636362,72.75454545454545,43.191160966421315
92.93636363636362,73.76363636363635,44.01374970529686
92.93636363636362,74.77272727272727,44.83822754281583
92.93636363636362,75.78181818181817,45.66454941693874
92.93636363636362,76.79090909090908,46.492671917854906
92.93636363636362,77.8,47.32255320736811
92.93636363636362,78.8090909090909,48.15415294314526
92.93636363636362,79.81818181818181,48.987432207480886
92.93636363636362,80.82727272727271,49.822353440259164
92.93636363636362,81.83636363636363,50.65888037582102
92.93636363636362,82.84545454545453,51.496977983466955
92.93636363636362,83.85454545454544,52.33661241134782
92.93636363636362,84.86363636363636,53.17775093351485
92.93636363636362,85.87272727272726,54.020361899918505
92.93636363636362,86.88181818181818,54.86441468916112
92.93636363636362,87.89090909090908,55.70987966382391
92.93636363636362,88.89999999999999,56.5567281282015
92.93636363636362,89.90909090909089,57.40493228829059
92.93636363636362,90.91818181818181,58.2544652138896
92.93636363636362,91.92727272727272,59.105300802677334
92.93636363636362,92.93636363636362,59.957413746147935
92.93636363636362,93.94545454545454,60.810779497288
92.93636363636362,94.95454545454544,61.66537423989021
92.93636363636362,95.96363636363635,62.52117485940499
92.93636363636362,96.97272727272727,63.37815891523815
92.93636363636362,97.98181818181817,64.23630461440983
92.93636363636362,98.99090909090908,65.09559078649484
92.93636363636362,100.0,65.95599685977002
93.94545454545454,0.1,1.6535631771038558e-06
93.94545454545454,1.1090909090909091,0.002242368155491551
93.94545454545454,2.118181818181818,0.01537587757199745
93.94545454545454,3.1272727272727274,0.04826949561255589
93.94545454545454,4.136363636363636,0.10809315617902585
93.94545454545454,5.145454545454545,0.20001272129021036
93.94545454545454,6.154545454545454,0.3272266470615508
93.94545454545454,7.163636363636363,0.4912345474957345
93.94545454545454,8.172727272727272,0.6922091862536989
93.94545454545454,9.181818181818182,0.9293733514017455
93.94545454545454,10.19090909090909,1.2013262032245062
93.94545454545454,11.2,1.5062989962030429
93.94545454545454,12.209090909090909,1.8423414820031148
93.94545454545454,13.218181818181817,2.2074500188370214
93.94545454545454,14.227272727272727,2.5996508653181807
93.94545454545454,15.236363636363635,3.0170510187238353
93.94545454545454,16.245454545454546,3.4578665667710853
93.94545454545454,17.254545454545454,3.920436025399417
93.94545454545454,18.263636363636365,4.403224004610478
93.94545454545454,19.272727272727273,4.904818895236755
93.94545454545454,20.28181818181818,5.423927063168766
93.94545454545454,21.290909090909093,5.959365186702386
93.94545454545454,22.3,6.5100517875116894
93.94545454545454,23.30909090909091,7.074998610933594
93.94545454545454,24.31818181818182,7.653302249079884
93.94545454545454,25.327272727272728,8.244136228838293
93.94545454545454,26.336363636363636,8.846743676554837
93.94545454545454,27.345454545454544,9.46043060173714
93.94545454545454,28.354545454545455,10.084559799605032
93.94545454545454,29.363636363636363,10.718545347426463
93.94545454545454,30.37272727272727,11.361847656047132
93.94545454545454,31.381818181818183,12.013969031723452
93.94545454545454,32.39090909090909,12.674449701559158
93.94545454545454,33.4,13.342864256737593
93.94545454545454,34.40909090909091,14.01881847017246
93.94545454545454,35.418181818181814,14.70194644842566
93.94545454545454,36.42727272727273,15.391908081292694
93.94545454545454,37.43636363636364,16.08838675604634
93.94545454545454,38.445454545454545,16.791087306788764
93.94545454545454,39.45454545454545,17.49973417259685
93.94545454545454,40.46363636363636,18.21406974111168
93.94545454545454,41.47272727272727,18.933852856905876
93.94545454545454,42.481818181818184,19.658857476365416
93.94545454545454,43.49090909090909,20.388871452961506
93.94545454545454,44.5,21.123695438681434
93.94545454545454,45.50909090909091,21.863141889058536
93.94545454545454,46.518181818181816,22.60703416071269
93.94545454545454,47.527272727272724,23.355205691606102
93.94545454545454,48.53636363636364,24.10749925535512
93.94545454545454,49.54545454545455,24.863766281935806
93.94545454545454,50.554545454545455,25.623866237996605
93.94545454545454,51.56363636363636,26.387666060759788
93.94545454545454,52.57272727272727,27.15503964016886
93.94545454545454,53.58181818181818,27.925867344532307
93.94545454545454,54.590909090909086,28.700035585436495
93.94545454545454,55.6,29.47743641816031
93.94545454545454,56.60909090909091,30.257967174229375
93.94545454545454,57.61818181818182,31.041530123105566
93.94545454545454,58.627272727272725,31.828032160323506
93.94545454545454,59.63636363636363,32.61738451966521
93.94545454545454,60.64545454545454,33.40950250721175
93.94545454545454,61.654545454545456,34.20430525533075
93.94545454545454,62.663636363636364,35.00171549485236
93.94545454545454,63.67272727272727,35.801659343861395
93.94545454545454,64.68181818181817,36.60406611168583
93.94545454545454,65.69090909090909,37.408868116800996
93.94545454545454,66.69999999999999,38.2160005174903
93.94545454545454,67.7090909090909,39.02540115421388
93.94545454545454,68.7181818181818,39.837010402734165
93.94545454545454,69.72727272727272,40.65077103713584
93.94545454545454,70.73636363636362,41.46662810195588
93.94545454545454,71.74545454545454,42.28452879271097
93.94545454545454,72.75454545454545,43.10442234417254
93.94545454545454,73.76363636363635,43.92625992579765
93.94545454545454,74.77272727272727,44.74999454377539
93.94545454545454,75.78181818181817,45.57558094919492
93.94545454545454,76.79090909090908,46.40297555188393
93.94545454545454,77.8,47.23213633950369
93.94545454545454,78.8090909090909,48.06302280152242
93.94545454545454,79.81818181818181,48.895595857718824
93.94545454545454,80.82727272727271,49.72981779089669
93.94545454545454,81.83636363636363,50.56565218351772
93.94545454545454,82.84545454545453,51.40306385798164
93.94545454545454,83.85454545454544,52.242018820306065
93.94545454545454,84.86363636363636,53.08248420697602
93.94545454545454,85.87272727272726,53.9244282347526
93.94545454545454,86.88181818181818,54.767820153244806
93.94545454545454,87.89090909090908,55.61263020006467
93.94545454545454,88.89999999999999,56.458829558398676
93.94545454545454,89.90909090909089,57.30639031684081
93.94545454545454,90.91818181818181,58.15528543134467
93.94545454545454,91.92727272727272,59.005488689161304
93.94545454545454,92.93636363636362,59.85697467464025
93.94545454545454,93.94545454545454,60.70971873677916
93.94545454545454,94.95454545454544,61.5636969584158
93.94545454545454,95.96363636363635,62.418886126963784
93.94545454545454,96.97272727272727,63.27526370659984
93.94545454545454,97.98181818181817,64.13280781181722
93.94545454545454,98.99090909090908,64.99149718226549
93.94545454545454,100.0,65.8513111588019
94.95454545454544,0.1,1.6359914684477995e-06
94.95454545454544,1.1090909090909091,0.0022186807360227044
94.95454545454544,2.118181818181818,0.015215947906265756
94.95454545454544,3.1272727272727274,0.04777934217012821
94.95454545454544,4.136363636363636,0.1070292015206197
94.95454545454544,5.145454545454545,0.19811505465693047
94.95454545454544,6.154545454545454,0.3242461898024713
94.95454545454544,7.163636363636363,0.48695082486815894
94.95454545454544,8.172727272727272,0.686439035439139
94.95454545454544,9.181818181818182,0.9219727743914399
94.95454545454544,10.19090909090909,1.1921879360058518
94.95454545454544,11.2,1.4953479176507882
94.95454545454544,12.209090909090909,1.8295293094995768
94.95454545454544,13.218181818181817,2.1927501373670713
94.95454545454544,14.227272727272727,2.583053707766042
94.95454545454544,15.236363636363635,2.9985601481501667
94.95454545454544,16.245454545454546,3.4374954639519912
94.95454545454544,17.254545454545454,3.8982055141812344
94.95454545454544,18.263636363636365,4.379160221556439
94.95454545454544,19.272727272727273,4.87895170758261
94.95454545454544,20.28181818181818,5.396288847689082
94.95454545454544,21.290909090909093,5.929989894741457
94.95454545454544,22.3,6.478974234578059
94.95454545454544,23.30909090909091,7.042253941257923
94.95454545454544,24.31818181818182,7.618925535796651
94.95454545454544,25.327272727272728,8.208162178897075
94.95454545454544,26.336363636363636,8.809206416255794
94.95454545454544,27.345454545454544,9.421363524161276
94.95454545454544,28.354545454545455,10.04399545942477
94.95454545454544,29.363636363636363,10.676515391866761
94.95454545454544,30.37272727272727,11.318382783317112
94.95454545454544,31.381818181818183,11.969098970212936
94.95454545454544,32.39090909090909,12.628203204622507
94.95454545454544,33.4,13.295269109068636
94.95454545454544,34.40909090909091,13.969901502688668
94.95454545454544,35.418181818181814,14.651733559287043
94.95454545454544,36.42727272727273,15.340424261229261
94.95454545454544,37.43636363636364,16.035656116592698
94.95454545454544,38.445454545454545,16.737133110354144
94.95454545454544,39.45454545454545,17.444578863554646
94.95454545454544,40.46363636363636,18.15773497729144
94.95454545454544,41.47272727272727,18.876359541024705
94.95454545454544,42.481818181818184,19.600225787055805
94.95454545454544,43.49090909090909,20.329120875145257
94.95454545454544,44.5,21.062844793111395
94.95454545454544,45.50909090909091,21.80120936090539
94.95454545454544,46.518181818181816,22.54403732711686
94.95454545454544,47.527272727272724,23.29116154814767
94.95454545454544,48.53636363636364,24.04242424141953
94.95454545454544,49.54545454545455,24.797676304972182
94.95454545454544,50.554545454545455,25.556776696679606
94.95454545454544,51.56363636363636,26.319591867076202
94.95454545454544,52.57272727272727,27.08599524045782
94.95454545454544,53.58181818181818,27.85586673951312
94.95454545454544,54.590909090909086,28.62909234926162
94.95454545454544,55.6,29.405563716533187
94.95454545454544,56.60909090909091,30.185177781627914
94.95454545454544,57.61818181818182,30.967836439152347
94.95454545454544,58.627272727272725,31.75344622534363
94.95454545454544,59.63636363636363,32.541918029471816
94.95454545454544,60.64545454545454,33.33316682715849
94.95454545454544,61.654545454545456,34.12711143366882
94.95454545454544,62.663636363636364,34.923674275428795
94.95454545454544,63.67272727272727,35.7227811781933
94.95454545454544,64.68181818181817,36.52436117044419
94.95454545454544,65.69090909090909,37.32834630073554
94.95454545454544,66.69999999999999,38.134671467825925
94.95454545454544,67.7090909090909,38.94327426254703
94.95454545454544,68.7181818181818,39.754094820456494
94.95454545454544,69.72727272727272,40.56707568441069
94.95454545454544,70.73636363636362,41.38216167627191
94.95454545454544,71.74545454545454,42.19929977703573
94.95454545454544,72.75454545454545,43.01843901472773
94.95454545454544,73.76363636363635,43.83953035947633
94.95454545454544,74.77272727272727,44.66252662522031
94.95454545454544,75.78181818181817,45.48738237755619
94.95454545454544,76.79090909090908,46.31405384727289
94.95454545454544,77.8,47.1424988491593
94.95454545454544,78.8090909090909,47.97267670570495
94.95454545454544,79.81818181818181,48.80454817534538
94.95454545454544,80.82727272727271,49.638075384931895
94.95454545454544,81.83636363636363,50.47322176613211
94.95454545454544,82.84545454545453,51.30995199548987
94.95454545454544,83.85454545454544,52.148231937895915
94.95454545454544,84.86363636363636,52.98802859323912
94.95454545454544,85.87272727272726,53.82931004602633
94.95454545454544,86.88181818181818,54.672045417775486
94.95454545454544,87.89090909090908,55.51620482200021
94.95454545454544,88.89999999999999,56.3617593216195
94.95454545454544,89.90909090909089,57.2086808886369
94.95454545454544,90.91818181818181,58.056942365945986
94.95454545454544,91.92727272727272,58.906517431128954
94.95454545454544,92.93636363636362,59.757380562124716
94.95454545454544,93.94545454545454,60.609507004652194
94.95454545454544,94.95454545454544,61.462872741281686
94.95454545454544,95.96363636363635,62.317454462055764
94.95454545454544,96.97272727272727,63.17322953656691
94.95454545454544,97.98181818181817,64.03017598740655
94.95454545454544,98.99090909090908,64.88827246490486
94.95454545454544,100.0,65.747498223087
95.96363636363635,0.1,1.6187892870696884e-06
95.96363636363635,1.1090909090909091,0.0021954885386748528
95.96363636363635,2.118181818181818,0.015059311451990819
95.96363636363635,3.1272727272727274,0.04729904986777857
95.96363636363635,4.136363636363636,0.10598602747146917
95.96363636363635,5.145454545454545,0.19625320900593932
95.96363636363635,6.154545454545454,0.3213199559968716
95.96363636363635,7.163636363636363,0.4827421200563596
95.96363636363635,8.172727272727272,0.6807661430793311
95.96363636363635,9.181818181818182,0.9146923487260047
95.96363636363635,10.19090909090909,1.1831927633239319
95.96363636363635,11.2,1.4845625068707977
95.96363636363635,12.209090909090909,1.8169047371655356
95.96363636363635,13.218181818181817,2.178258989425498
95.96363636363635,14.227272727272727,2.5666855398317425
95.96363636363635,15.236363636363635,2.9803176217857144
95.96363636363635,16.245454545454546,3.4173911689748246
95.96363636363635,17.254545454545454,3.8762594151889465
95.96363636363635,18.263636363636365,4.355397639463975
95.96363636363635,19.272727272727273,4.85340174332372
95.96363636363635,20.28181818181818,5.36898316288117
95.96363636363635,21.290909090909093,5.900961776068834
95.96363636363635,22.3,6.448257881296576
95.96363636363635,23.30909090909091,7.0098839268798825
95.96363636363635,24.31818181818182,7.584936405040304
95.96363636363635,25.327272727272728,8.172588149272356
95.96363636363635,26.336363636363636,8.77208116034219
95.96363636363635,27.345454545454544,9.382720013941015
95.96363636363635,28.354545454545455,10.003865858205158
95.96363636363635,29.363636363636363,10.634930982582443
95.96363636363635,30.37272727272727,11.27537392453491
95.96363636363635,31.381818181818183,11.924695073126584
95.96363636363635,32.39090909090909,12.582432725846335
95.96363636363635,33.4,13.248159555218201
95.96363636363635,34.40909090909091,13.921479443649293
95.96363636363635,35.418181818181814,14.602024647779059
95.96363636363635,36.42727272727273,15.289453256827427
95.96363636363635,37.43636363636364,15.983446912783384
95.96363636363635,38.445454545454545,16.683708763544743
95.96363636363635,39.45454545454545,17.389961623206833
95.96363636363635,40.46363636363636,18.10194631654977
95.96363636363635,41.47272727272727,18.819420187367683
95.96363636363635,42.481818181818184,19.54215575261727
95.96363636363635,43.49090909090909,20.269939486447907
95.96363636363635,44.5,21.002570720027062
95.96363636363635,45.50909090909091,21.739860644713072
95.96363636363635,46.518181818181816,22.48163140757303
95.96363636363635,47.527272727272724,23.227715289516784
95.96363636363635,48.53636363636364,23.97795395743832
95.96363636363635,49.54545454545455,24.732197782740585
95.96363636363635,50.554545454545455,25.490305219485837
95.96363636363635,51.56363636363636,26.25214223617428
95.96363636363635,52.57272727272727,27.017581795823492
95.96363636363635,53.58181818181818,27.78650337961004
95.96363636363635,54.590909090909086,28.558792549853035
95.96363636363635,55.6,29.334340548576932
95.96363636363635,56.60909090909091,30.113043928293838
95.96363636363635,57.61818181818182,30.894804212001787
95.96363636363635,58.627272727272725,31.679527579710275
95.96363636363635,59.63636363636363,32.46712457908306
95.96363636363635,60.64545454545454,33.2575098580352
95.96363636363635,61.654545454545456,34.05060191734033
95.96363636363635,62.663636363636364,34.84632288149873
95.96363636363635,63.67272727272727,35.64459828629034
95.96363636363635,64.68181818181817,36.44535688159041
95.96363636363635,65.69090909090909,37.248530448163564
95.96363636363635,66.69999999999999,38.05405362727419
95.96363636363635,67.7090909090909,38.86186376206167
95.96363636363635,68.7181818181818,39.67190074972614
95.96363636363635,69.72727272727272,40.484106903659736
95.96363636363635,70.73636363636362,41.29842682473567
95.96363636363635,71.74545454545454,42.11480728104048
95.96363636363635,72.75454545454545,42.93319709539648
95.96363636363635,73.76363636363635,43.753547040080626
95.96363636363635,74.77272727272727,44.57580973819701
95.96363636363635,75.78181818181817,45.399939571206765
95.96363636363635,76.79090909090908,46.22589259216236
95.96363636363635,77.8,47.053626444230495
95.96363636363635,78.8090909090909,47.88310028412307
95.96363636363635,79.81818181818181,48.7142747100868
95.96363636363635,80.82727272727271,49.54711169413066
95.96363636363635,81.83636363636363,50.381574518196416
95.96363636363635,82.84545454545453,51.21762771400042
95.96363636363635,83.85454545454544,52.05523700629725
95.96363636363635,84.86363636363636,52.89436925933413
95.96363636363635,85.87272727272726,53.73499242628437
95.96363636363635,86.88181818181818,54.577075501462645
95.96363636363635,87.89090909090908,55.4205884751412
95.96363636363635,88.89999999999999,56.26550229079905
95.96363636363635,89.90909090909089,57.11178880464852
95.96363636363635,90.91818181818181,57.95942074729574
95.96363636363635,91.92727272727272,58.808371687400744
95.96363636363635,92.93636363636362,59.65861599721418
95.96363636363635,93.94545454545454,60.510128819875156
95.96363636363635,94.95454545454544,61.36288603836301
95.96363636363635,95.96363636363635,62.216864246004356
95.96363636363635,96.97272727272727,63.07204071844215
95.96363636363635,97.98181818181817,63.928393386980886
95.96363636363635,98.99090909090908,64.78590081322751
95.96363636363635,100.0,65.64454216495336
96.97272727272727,0.1,1.6019450977046385e-06
96.97272727272727,1.1090909090909091,0.0021727761938562383
96.97272727272727,2.118181818181818,0.014905867512107724
96.97272727272727,3.1272727272727274,0.04682832388836808
96.97272727272727,4.136363636363636,0.10496302998087123
96.97272727272727,5.145454545454545,0.19442617548403796
96.97272727272727,6.154545454545454,0.3184464683006201
96.97272727272727,7.163636363636363,0.4786064557667275
96.97272727272727,8.172727272727272,0.6751880263529871
96.97272727272727,9.181818181818182,0.9075290981324964
96.97272727272727,10.19090909090909,1.1743372378664527
96.97272727272727,11.2,1.4739388728388816
96.97272727272727,12.209090909090909,1.8044634589580908
96.97272727272727,13.218181818181817,2.1639718819192812
96.97272727272727,14.227272727272727,2.5505413075262338
96.97272727272727,15.236363636363635,2.9623180486226923
96.97272727272727,16.245454545454546,3.397547975316211
96.97272727272727,17.254545454545454,3.8545917256103808
96.97272727272727,18.263636363636365,4.3319299763724075
96.97272727272727,19.272727272727273,4.828162456627395
96.97272727272727,20.28181818181818,5.342003212676706
96.97272727272727,21.290909090909093,5.872273796585421
96.97272727272727,22.3,6.417895466497921
96.97272727272727,23.30909090909091,6.9778810894401255
96.97272727272727,24.31818181818182,7.551327170202994
96.97272727272727,25.327272727272728,8.137406253232173
96.97272727272727,26.336363636363636,8.735359829369019
96.97272727272727,27.345454545454544,9.344491805704504
96.97272727272727,28.354545454545455,9.96416255088448
96.97272727272727,29.363636363636363,10.593783500574107
96.97272727272727,30.37272727272727,11.232812292086193
96.97272727272727,31.381818181818183,11.880748389175857
96.97272727272727,32.39090909090909,12.537129154867579
96.97272727272727,33.4,13.201526330042663
96.97272727272727,34.40909090909091,13.873542877149198
96.97272727272727,35.418181818181814,14.552810151005865
96.97272727272727,36.42727272727273,15.238985361746638
96.97272727272727,37.43636363636364,15.9317492981749
96.97272727272727,38.445454545454545,16.630804282969752
96.97272727272727,39.45454545454545,17.335872334200698
96.97272727272727,40.46363636363636,18.046693510401532
96.97272727272727,41.47272727272727,18.763024419003344
96.97272727272727,42.481818181818184,19.48463687022605
96.97272727272727,43.49090909090909,20.21131666058547
96.97272727272727,44.5,20.942862472003384
96.97272727272727,45.50909090909091,21.679084874129895
96.97272727272727,46.518181818181816,22.419805418919935
96.97272727272727,47.527272727272724,23.164855817769023
96.97272727272727,48.53636363636364,23.91407719262572
96.97272727272727,49.54545454545455,24.66731939347662
96.97272727272727,50.554545454545455,25.424440375461014
96.97272727272727,51.56363636363636,26.18530562962905
96.97272727272727,52.57272727272727,26.949787662024317
96.97272727272727,53.58181818181818,27.717765516357655
96.97272727272727,54.590909090909086,28.489124336056427
96.97272727272727,55.6,29.263754961928814
96.97272727272727,56.60909090909091,30.041553562085053
96.97272727272727,57.61818181818182,30.82242129111275
96.97272727272727,58.627272727272725,31.606263975817626
96.97272727272727,59.63636363636363,32.39299182511915
96.97272727272727,60.64545454545454,33.18251916193741
96.97272727272727,61.654545454545456,33.974764175126055
96.97272727272727,62.663636363636364,34.76964868970079
96.97272727272727,63.67272727272727,35.567097953786025
96.97272727272727,64.68181818181817,36.36704044085616
96.97272727272727,65.69090909090909,37.16940766598567
96.97272727272727,66.69999999999999,37.97413401494476
96.97272727272727,67.7090909090909,38.78115658508716
96.97272727272727,68.7181818181818,39.59041503707479
96.97272727272727,69.72727272727272,40.40185145657261
96.97272727272727,70.73636363636362,41.21541022512475
96.97272727272727,71.74545454545454,42.031037899496056
96.97272727272727,72.75454545454545,42.84868309882459
96.97272727272727,73.76363636363635,43.66829639899046
96.97272727272727,74.77272727272727,44.48983023365678
96.97272727272727,75.78181818181817,45.3132388014858
96.97272727272727,76.79090909090908,46.13847797907578
96.97272727272727,77.8,46.96550523920219
96.97272727272727,78.8090909090909,47.794279573981726
96.97272727272727,79.81818181818181,48.62476142260882
96.97272727272727,80.82727272727271,49.45691260334311
96.97272727272727,81.83636363636363,50.29069624945215
96.97272727272727,82.84545454545453,51.12607674883727
96.97272727272727,83.85454545454544,51.963019687092036
96.97272727272727,84.86363636363636,52.801491793761954
96.97272727272727,85.87272727272726,53.64146089159283
96.97272727272727,86.88181818181818,54.48289584857026
96.97272727272727,87.89090909090908,55.32576653256867
96.97272727272727,88.89999999999999,56.170043768441616
96.97272727272727,89.90909090909089,57.015699297397056
96.97272727272727,90.91818181818181,57.86270573851389
96.97272727272727,91.92727272727272,58.711036552265135
96.97272727272727,92.93636363636362,59.56066600592418
96.97272727272727,93.94545454545454,60.411569140738145
96.97272727272727,94.95454545454544,61.26372174076132
96.97272727272727,95.96363636363635,62.11710030324921
96.97272727272727,96.97272727272727,62.971682010519764
96.97272727272727,97.98181818181817,63.82744470319578
96.97272727272727,98.99090909090908,64.68436685474786
96.97272727272727,100.0,65.54242754726238
97.98181818181817,0.1,1.5854478402607148e-06
97.98181818181817,1.1090909090909091,0.002150528961479031
97.98181818181817,2.118181818181818,0.014755519454088812
97.98181818181817,3.1272727272727274,0.04636688105840879
97.98181818181817,4.136363636363636,0.10395962822674781
97.98181818181817,5.145454545454545,0.19263298291632477
97.98181818181817,6.154545454545454,0.31562430293175175
97.98181818181817,7.163636363636363,0.47454192437490506
97.98181818181817,8.172727272727272,0.6697022876366183
97.98181818181817,9.181818181818182,0.9004801460662593
97.98181818181817,10.19090909090909,1.1656180254332478
97.98181818181817,11.2,1.463473249891577
97.98181818181817,12.209090909090909,1.7922013053985284
97.98181818181817,13.218181818181817,2.149884268596863
97.98181818181817,14.227272727272727,2.5346161131740934
97.98181818181817,15.236363636363635,2.9445562027449377
97.98181818181817,16.245454545454546,3.3779603497246886
97.98181818181817,17.254545454545454,3.8331966235695396
97.98181818181817,18.263636363636365,4.30875113847365
97.98181818181817,19.272727272727273,4.803227496638844
97.98181818181817,20.28181818181818,5.315342402466517
97.98181818181817,21.290909090909093,5.843919129827887
97.98181818181817,22.3,6.3878799425534645
97.98181818181817,23.30909090909091,6.94623816978101
97.98181818181817,24.31818181818182,7.518090369319355
97.98181818181817,25.327272727272728,8.102608833927848
97.98181818181817,26.336363636363636,8.699034578832752
97.98181818181817,27.345454545454544,9.306670873912184
97.98181818181817,28.354545454545455,9.924877336969862
97.98181818181817,29.363636363636363,10.553064576005164
97.98181818181817,30.37272727272727,11.19068935198102
97.98181818181817,31.381818181818183,11.837250225034973
97.98181818181817,32.39090909090909,12.492283643509175
97.98181818181817,33.4,13.155360434699885
97.98181818181817,34.40909090909091,13.826082657598963
97.98181818181817,35.418181818181814,14.504080780306332
97.98181818181817,36.42727272727273,15.18901114771025
97.98181818181817,37.43636363636364,15.880553708131927
97.98181818181817,38.445454545454545,16.578409970710346
97.98181818181817,39.45454545454545,17.28230116824309
97.98181818181817,40.46363636363636,17.991966602936216
97.98181818181817,41.47272727272727,18.707162155020974
97.98181818181817,42.481818181818184,19.427658936459547
97.98181818181817,43.49090909090909,20.153242073992782
97.98181818181817,44.5,20.883709607591875
97.98181818181817,45.50909090909091,21.61887149198112
97.98181818181817,46.518181818181816,22.358548690318727
97.98181818181817,47.527272727272724,23.10257235037517
97.98181818181817,48.53636363636364,23.850783054653398
97.98181818181817,49.54545454545455,24.60303013686702
97.98181818181817,50.554545454545455,25.359171058048876
97.98181818181817,51.56363636363636,26.11907083631564
97.98181818181817,52.57272727272727,26.8826015249775
97.98181818181817,53.58181818181818,27.64964173426624
97.98181818181817,54.590909090909086,28.420076192469793
97.98181818181817,55.6,29.19379534271612
97.98181818181817,56.60909090909091,29.97069497204955
97.98181818181817,57.61818181818182,30.75067586979798
97.98181818181817,58.627272727272725,31.533643512542298
97.98181818181817,59.63636363636363,32.31950777327718
97.98181818181817,60.64545454545454,33.108182652599
97.98181818181817,61.654545454545456,33.8995860299747
97.98181818181817,62.663636363636364,34.693639433340074
97.98181818181817,63.67272727272727,35.49026782544876
97.98181818181817,64.68181818181817,36.289399405546966
97.98181818181817,65.69090909090909,37.090965425087106
97.98181818181817,66.69999999999999,37.89490001631505
97.98181818181817,67.7090909090909,38.701140032676896
97.98181818181817,68.7181818181818,39.509624900088255
97.98181818181817,69.72727272727272,40.32029647819782
97.98181818181817,70.73636363636362,41.1330989308556
97.98181818181817,71.74545454545454,41.947978605068066
97.98181818181817,72.75454545454545,42.76488391778503
97.98181818181817,73.76363636363635,43.5837652499223
97.98181818181817,74.77272727272727,44.40457484707468
97.98181818181817,75.78181818181817,45.227266726421604
97.98181818181817,76.79090909090908,46.05179658936985
97.98181818181817,77.8,46.87812173951586
97.98181818181817,78.8090909090909,47.70620100554554
97.98181818181817,79.81818181818181,48.5359946687202
97.98181818181817,80.82727272727271,49.36746439462629
97.98181818181817,81.83636363636363,50.20057316889274
97.98181818181817,82.84545454545453,51.03528523660277
97.98181818181817,83.85454545454544,51.87156604514913
97.98181818181817,84.86363636363636,52.709382190300964
97.98181818181817,85.87272727272726,53.54870136526877
97.98181818181817,86.88181818181818,54.38949231256967
97.98181818181817,87.89090909090908,55.231724778510866
97.98181818181817,88.89999999999999,56.07536947012233
97.98181818181817,89.90909090909089,56.92039801438223
97.98181818181817,90.91818181818181,57.766782919590824
97.98181818181817,91.92727272727272,58.61449753875781
97.98181818181817,92.93636363636362,59.463516034879156
97.98181818181817,93.94545454545454,60.31381334798723
97.98181818181817,94.95454545454544,61.16536516386677
97.98181818181817,95.96363636363635,62.01814788433689
97.98181818181817,96.97272727272727,62.872138599005375
97.98181818181817,97.98181818181817,63.727315058409225
97.98181818181817,98.99090909090908,64.58365564846015
97.98181818181817,100.0,65.44113936611971
98.99090909090908,0.1,1.5692869056010402e-06
98.99090909090908,1.1090909090909091,0.0021287326990567968
98.99090909090908,2.118181818181818,0.014608174506887537
98.99090909090908,3.1272727272727274,0.04591444927850299
98.99090909090908,4.136363636363636,0.10297526350778134
98.99090909090908,5.145454545454545,0.19087269605696153
98.99090909090908,6.154545454545454,0.3128520872487555
98.99090909090908,7.163636363636363,0.4705466848519827
98.99090909090908,8.172727272727272,0.6643066108262444
98.99090909090908,9.181818181818182,0.8935427114846779
98.99090909090908,10.19090909090909,1.1570319002172038
98.99090909090908,11.2,1.4531619925634027
98.99090909090908,12.209090909090909,1.7801142380078914
98.99090909090908,13.218181818181817,2.1359917441172045
98.99090909090908,14.227272727272727,2.518905209145442
98.99090909090908,15.236363636363635,2.92702701674729
98.99090909090908,16.245454545454546,3.3586229253483486
98.99090909090908,17.254545454545454,3.8120684609801723
98.99090909090908,18.263636363636365,4.285855212707008
98.99090909090908,19.272727272727273,4.7785906998304695
98.99090909090908,20.28181818181818,5.288994331216184
98.99090909090908,21.290909090909093,5.815891148860886
98.99090909090908,22.3,6.3582044670533575
98.99090909090908,23.30909090909091,6.914948119419013
98.99090909090908,24.31818181818182,7.485218756340845
98.99090909090908,25.327272727272728,8.068188455477125
98.99090909090908,26.336363636363636,8.663097790069694
98.99090909090908,27.345454545454544,9.269249423576138
98.99090909090908,28.354545454545455,9.886002251083083
98.99090909090908,29.363636363636363,10.512766078579071
98.99090909090908,30.37272727272727,11.148996814067234
98.99090909090908,31.381818181818183,11.794192135394786
98.99090909090908,32.39090909090909,12.447887595678578
98.99090909090908,33.4,13.109653126396147
98.99090909090908,34.40909090909091,13.77908989932392
98.99090909090908,35.418181818181814,14.455827510708565
98.99090909090908,36.42727272727273,15.139521453818691
98.99090909090908,37.43636363636364,15.829850849002188
98.99090909090908,38.445454545454545,16.526516403359242
98.99090909090908,39.45454545454545,17.229238575007333
98.99090909090908,40.46363636363636,17.93775591959492
98.99090909090908,41.47272727272727,18.651823599180087
98.99090909090908,42.481818181818184,19.37121203582065
98.99090909090908,43.49090909090909,20.095705694225014
98.99090909090908,44.5,20.825101979601406
98.99090909090908,45.50909090909091,21.559210238431184
98.99090909090908,46.518181818181816,22.297850851298605
98.99090909090908,47.527272727272724,23.04085440815217
98.99090909090908,48.53636363636364,23.788060957468623
98.99090909090908,49.54545454545455,24.5393193217567
98.99090909090908,50.554545454545455,25.294486472689
98.99090909090908,51.56363636363636,26.053426959899227
98.99090909090908,52.57272727272727,26.81601238814289
98.99090909090908,53.58181818181818,27.582120938101006
98.99090909090908,54.590909090909086,28.351636926619598
98.99090909090908,55.6,29.12445040263059
98.99090909090908,56.60909090909091,29.90045677539956
98.99090909090908,57.61818181818182,30.67955647209919
98.99090909090908,58.627272727272725,31.461654622020763
98.99090909090908,59.63636363636363,32.246660765012216
98.99090909090908,60.64545454545454,33.03448858197806
98.99090909090908,61.654545454545456,33.82505564549455
98.99090909090908,62.663636363636364,34.61828318878675
98.99090909090908,63.67272727272727,35.41409589148847
98.99090909090908,64.68181818181817,36.21242168075841
98.99090909090908,65.69090909090909,37.01319154646411
98.99090909090908,66.69999999999999,37.816339369267844
98.99090909090908,67.7090909090909,38.621801760558235
98.99090909090908,68.7181818181818,39.429517913269734
98.99090909090908,69.72727272727272,40.23942946272024
98.99090909090908,70.73636363636362,41.05148035667609
98.99090909090908,71.74545454545454,41.86561673392537
98.99090909090908,72.75454545454545,42.68178681070329
98.99090909090908,73.76363636363635,43.499940774372355
98.99090909090908,74.77272727272727,44.320030683811126
98.99090909090908,75.78181818181817,45.14201037601255
98.99090909090908,76.79090909090908,45.965835378435564
98.99090909090908,77.8,46.791462826691536
98.99090909090908,78.8090909090909,47.61885138718238
98.99090909090908,79.81818181818181,48.44796118433845
98.99090909090908,80.82727272727271,49.27875373213302
98.99090909090908,81.83636363636363,50.11119186957617
98.99090909090908,82.84545454545453,50.945239699914765
98.99090909090908,83.85454545454544,51.78086253328641
98.99090909090908,84.86363636363636,52.61802683259512
98.99090909090908,85.87272727272726,53.45670016239462
98.99090909090908,86.88181818181818,54.296851140581104
98.99090909090908,87.89090909090908,55.138449392712374
98.99090909090908,88.89999999999999,55.981465508784424
98.99090909090908,89.90909090909089,56.825871002308425
98.99090909090908,90.91818181818181,57.671638271543046
98.99090909090908,91.92727272727272,58.518740562747176
98.99090909090908,92.93636363636362,59.36715193532855
98.99090909090908,93.94545454545454,60.216847228771556
98.99090909090908,94.95454545454544,61.0678020312368
98.99090909090908,95.96363636363635,61.91999264973189
98.99090909090908,96.97272727272727,62.77339608175983
98.99090909090908,97.98181818181817,63.62798998835837
98.99090909090908,98.99090909090908,64.48375266844909
98.99090909090908,100.0,65.34066303442003
100.0,0.1,1.5534521127921272e-06
100.0,1.1090909090909091,0.002107373831722681
100.0,2.118181818181818,0.014463743569936785
100.0,3.1272727272727274,0.04547076698691165
100.0,4.136363636363636,0.10200939819846315
100.0,5.145454545454545,0.18914441393683512
100.0,6.154545454545454,0.31012849745989374
100.0,7.163636363636363,0.4666189598535571
100.0,8.172727272727272,0.6589987578506006
100.0,9.181818181818182,0.8867141048377958
100.0,10.19090909090909,1.1485757403245613
100.0,11.2,1.4430015706836068
100.0,12.209090909090909,1.7681983440201905
100.0,13.218181818181817,2.1222900384130794
100.0,14.227272727272727,2.5034039918973967
100.0,15.236363636363635,2.909725575478724
100.0,16.245454545454546,3.3395304951994924
100.0,17.254545454545454,3.791201756748952
100.0,18.263636363636365,4.2632364597154755
100.0,19.272727272727273,4.754246082724013
100.0,20.28181818181818,5.2629527839651455
100.0,21.290909090909093,5.788183418563124
100.0,22.3,6.328862394888489
100.0,23.30909090909091,6.884004092430492
100.0,24.31818181818182,7.452705292832578
100.0,25.327272727272728,8.034137894478521
100.0,26.336363636363636,8.627542061594335
100.0,27.345454545454544,9.23221988142783
100.0,28.354545454545455,9.84752955396282
100.0,29.363636363636363,10.47288010838094
100.0,30.37272727272727,11.107726622715852
100.0,31.381818181818183,11.751565913496169
100.0,32.39090909090909,12.403932657752952
100.0,33.4,13.064395908626874
100.0,34.40909090909091,13.732555966663833
100.0,35.418181818181814,14.408041570891797
100.0,36.42727272727273,15.090507376376667
100.0,37.43636363636364,15.779631687811928
100.0,38.445454545454545,16.475114421587133
100.0,39.45454545454545,17.17667527157332
100.0,40.46363636363636,17.884052056486457
100.0,41.47272727272727,18.59699922910503
100.0,42.481818181818184,19.315286529813108
100.0,43.49090909090909,20.038697768915913
100.0,44.5,20.767029723941526
100.0,45.50909090909091,21.500091139713916
100.0,46.518181818181816,22.237701820375925
100.0,47.527272727272724,22.97969180377299
100.0,48.53636363636364,23.72590060969651
100.0,49.54545454545455,24.476176554445225
100.0,50.554545454545455,25.230376125008984
100.0,51.56363636363636,25.988363406924705
100.0,52.57272727272727,26.750009560511426
100.0,53.58181818181818,27.515192340770906
100.0,54.590909090909086,28.283795656751185
100.0,55.6,29.055709166621995
100.0,56.60909090909091,29.830827905109498
100.0,57.61818181818182,30.60905194029069
100.0,58.627272727272725,31.390286057059818
100.0,59.63636363636363,32.174439464855666
100.0,60.64545454545454,32.961425527484586
100.0,61.654545454545456,33.75116151309157
100.0,62.663636363636364,34.543568362525626
100.0,63.67272727272727,35.33857047451886
100.0,64.68181818181817,36.13609550625158
100.0,65.69090909090909,36.93607418801402
100.0,66.69999999999999,37.73844015079697
100.0,67.7090909090909,38.54312976575454
100.0,68.7181818181818,39.350081994579156
100.0,69.72727272727272,40.15923824991853
100.0,70.73636363636362,40.97054226504206
100.0,71.74545454545454,41.783939972036656
100.0,72.75454545454545,42.59937938787468
100.0,73.76363636363635,43.41681050775545
100.0,74.77272727272727,44.23618520517319
100.0,75.78181818181817,45.05745713821142
100.0,76.79090909090908,45.88058166160643
100.0,77.8,46.70551574416056
100.0,78.8090909090909,47.532217891121405
100.0,79.81818181818181,48.36064807117414
100.0,80.82727272727271,49.19076764772279
100.0,81.83636363636363,50.02253931416322
100.0,82.84545454545453,50.85592703287291
100.0,83.85454545454544,51.690895977665704
100.0,84.86363636363636,52.527412479478016
100.0,85.87272727272726,53.36544397507217
100.0,86.88181818181818,54.204958958558045
100.0,87.89090909090908,55.04592693554955
100.0,88.89999999999999,55.888318379786455
100.0,89.90909090909089,56.73210469206402
100.0,90.91818181818181,57.577258161325204
100.0,91.92727272727272,58.42375192777986
100.0,92.93636363636362,59.271559947926086
100.0,93.94545454545454,60.12065696135698
100.0,94.95454545454544,60.971018459244554
100.0,95.96363636363635,61.82262065440031
100.0,96.97272727272727,62.67544045281856
100.0,97.98181818181817,63.529455426615485
100.0,98.99090909090908,64.3846437882823
100.0,100.0,65.24098436617668
